id	window	forward_repeat_number	reverse_repeat_number	telomeric_repeat
Peff-26_001	10000	3	101	TTAGGG
Peff-26_001	20000	3	1	TTAGGG
Peff-26_001	30000	1	0	TTAGGG
Peff-26_001	40000	0	0	TTAGGG
Peff-26_001	50000	1	0	TTAGGG
Peff-26_001	60000	1	1	TTAGGG
Peff-26_001	70000	2	0	TTAGGG
Peff-26_001	80000	3	0	TTAGGG
Peff-26_001	90000	0	0	TTAGGG
Peff-26_001	100000	0	0	TTAGGG
Peff-26_001	110000	0	0	TTAGGG
Peff-26_001	120000	1	1	TTAGGG
Peff-26_001	130000	1	1	TTAGGG
Peff-26_001	140000	3	2	TTAGGG
Peff-26_001	150000	4	1	TTAGGG
Peff-26_001	160000	0	0	TTAGGG
Peff-26_001	170000	2	0	TTAGGG
Peff-26_001	180000	1	0	TTAGGG
Peff-26_001	190000	1	0	TTAGGG
Peff-26_001	200000	2	1	TTAGGG
Peff-26_001	210000	0	1	TTAGGG
Peff-26_001	220000	0	1	TTAGGG
Peff-26_001	230000	1	0	TTAGGG
Peff-26_001	240000	0	0	TTAGGG
Peff-26_001	250000	0	0	TTAGGG
Peff-26_001	260000	0	0	TTAGGG
Peff-26_001	270000	2	0	TTAGGG
Peff-26_001	280000	1	1	TTAGGG
Peff-26_001	290000	1	2	TTAGGG
Peff-26_001	300000	1	1	TTAGGG
Peff-26_001	310000	0	1	TTAGGG
Peff-26_001	320000	1	0	TTAGGG
Peff-26_001	330000	0	0	TTAGGG
Peff-26_001	340000	0	0	TTAGGG
Peff-26_001	350000	0	0	TTAGGG
Peff-26_001	360000	1	1	TTAGGG
Peff-26_001	370000	1	0	TTAGGG
Peff-26_001	380000	1	0	TTAGGG
Peff-26_001	390000	0	0	TTAGGG
Peff-26_001	400000	2	2	TTAGGG
Peff-26_001	410000	0	0	TTAGGG
Peff-26_001	420000	2	4	TTAGGG
Peff-26_001	430000	1	0	TTAGGG
Peff-26_001	440000	0	2	TTAGGG
Peff-26_001	450000	1	0	TTAGGG
Peff-26_001	460000	1	0	TTAGGG
Peff-26_001	470000	1	0	TTAGGG
Peff-26_001	480000	1	0	TTAGGG
Peff-26_001	490000	0	1	TTAGGG
Peff-26_001	500000	0	0	TTAGGG
Peff-26_001	510000	1	0	TTAGGG
Peff-26_001	520000	0	1	TTAGGG
Peff-26_001	530000	0	2	TTAGGG
Peff-26_001	540000	0	1	TTAGGG
Peff-26_001	550000	0	0	TTAGGG
Peff-26_001	560000	1	1	TTAGGG
Peff-26_001	570000	0	0	TTAGGG
Peff-26_001	580000	0	0	TTAGGG
Peff-26_001	590000	0	0	TTAGGG
Peff-26_001	600000	0	0	TTAGGG
Peff-26_001	610000	0	0	TTAGGG
Peff-26_001	620000	0	0	TTAGGG
Peff-26_001	630000	1	1	TTAGGG
Peff-26_001	640000	0	1	TTAGGG
Peff-26_001	650000	0	1	TTAGGG
Peff-26_001	660000	1	0	TTAGGG
Peff-26_001	670000	1	1	TTAGGG
Peff-26_001	680000	1	1	TTAGGG
Peff-26_001	690000	1	0	TTAGGG
Peff-26_001	700000	0	0	TTAGGG
Peff-26_001	710000	2	1	TTAGGG
Peff-26_001	720000	0	2	TTAGGG
Peff-26_001	730000	0	0	TTAGGG
Peff-26_001	740000	0	0	TTAGGG
Peff-26_001	750000	1	3	TTAGGG
Peff-26_001	760000	1	1	TTAGGG
Peff-26_001	770000	1	2	TTAGGG
Peff-26_001	780000	0	0	TTAGGG
Peff-26_001	790000	1	2	TTAGGG
Peff-26_001	800000	1	0	TTAGGG
Peff-26_001	810000	1	1	TTAGGG
Peff-26_001	820000	0	1	TTAGGG
Peff-26_001	830000	0	1	TTAGGG
Peff-26_001	840000	1	1	TTAGGG
Peff-26_001	850000	1	2	TTAGGG
Peff-26_001	860000	0	1	TTAGGG
Peff-26_001	870000	0	0	TTAGGG
Peff-26_001	880000	1	0	TTAGGG
Peff-26_001	890000	1	0	TTAGGG
Peff-26_001	900000	0	2	TTAGGG
Peff-26_001	910000	1	2	TTAGGG
Peff-26_001	920000	3	0	TTAGGG
Peff-26_001	930000	2	3	TTAGGG
Peff-26_001	940000	1	0	TTAGGG
Peff-26_001	950000	1	1	TTAGGG
Peff-26_001	960000	1	1	TTAGGG
Peff-26_001	970000	1	0	TTAGGG
Peff-26_001	980000	0	0	TTAGGG
Peff-26_001	990000	1	0	TTAGGG
Peff-26_001	1000000	0	1	TTAGGG
Peff-26_001	1010000	1	1	TTAGGG
Peff-26_001	1020000	1	2	TTAGGG
Peff-26_001	1030000	0	1	TTAGGG
Peff-26_001	1040000	0	0	TTAGGG
Peff-26_001	1050000	0	0	TTAGGG
Peff-26_001	1060000	0	0	TTAGGG
Peff-26_001	1070000	0	0	TTAGGG
Peff-26_001	1080000	0	0	TTAGGG
Peff-26_001	1090000	0	0	TTAGGG
Peff-26_001	1100000	0	0	TTAGGG
Peff-26_001	1110000	0	0	TTAGGG
Peff-26_001	1120000	0	0	TTAGGG
Peff-26_001	1130000	0	0	TTAGGG
Peff-26_001	1140000	0	0	TTAGGG
Peff-26_001	1150000	0	0	TTAGGG
Peff-26_001	1160000	0	0	TTAGGG
Peff-26_001	1170000	0	0	TTAGGG
Peff-26_001	1180000	0	0	TTAGGG
Peff-26_001	1190000	0	0	TTAGGG
Peff-26_001	1200000	0	0	TTAGGG
Peff-26_001	1210000	0	0	TTAGGG
Peff-26_001	1220000	1	0	TTAGGG
Peff-26_001	1230000	1	0	TTAGGG
Peff-26_001	1240000	0	2	TTAGGG
Peff-26_001	1250000	1	0	TTAGGG
Peff-26_001	1260000	0	0	TTAGGG
Peff-26_001	1270000	1	1	TTAGGG
Peff-26_001	1280000	0	0	TTAGGG
Peff-26_001	1290000	0	0	TTAGGG
Peff-26_001	1300000	1	0	TTAGGG
Peff-26_001	1310000	0	0	TTAGGG
Peff-26_001	1320000	0	1	TTAGGG
Peff-26_001	1330000	1	0	TTAGGG
Peff-26_001	1340000	0	0	TTAGGG
Peff-26_001	1350000	0	1	TTAGGG
Peff-26_001	1360000	0	3	TTAGGG
Peff-26_001	1370000	0	1	TTAGGG
Peff-26_001	1380000	1	0	TTAGGG
Peff-26_001	1390000	0	2	TTAGGG
Peff-26_001	1400000	0	0	TTAGGG
Peff-26_001	1410000	0	2	TTAGGG
Peff-26_001	1420000	1	0	TTAGGG
Peff-26_001	1430000	0	0	TTAGGG
Peff-26_001	1440000	1	2	TTAGGG
Peff-26_001	1450000	1	0	TTAGGG
Peff-26_001	1460000	1	0	TTAGGG
Peff-26_001	1470000	0	0	TTAGGG
Peff-26_001	1480000	1	1	TTAGGG
Peff-26_001	1490000	0	0	TTAGGG
Peff-26_001	1500000	2	1	TTAGGG
Peff-26_001	1510000	0	1	TTAGGG
Peff-26_001	1520000	0	0	TTAGGG
Peff-26_001	1530000	1	0	TTAGGG
Peff-26_001	1540000	0	2	TTAGGG
Peff-26_001	1550000	1	1	TTAGGG
Peff-26_001	1560000	0	2	TTAGGG
Peff-26_001	1570000	0	0	TTAGGG
Peff-26_001	1580000	1	0	TTAGGG
Peff-26_001	1590000	0	0	TTAGGG
Peff-26_001	1600000	0	0	TTAGGG
Peff-26_001	1610000	0	0	TTAGGG
Peff-26_001	1620000	0	0	TTAGGG
Peff-26_001	1630000	0	0	TTAGGG
Peff-26_001	1640000	0	0	TTAGGG
Peff-26_001	1650000	0	0	TTAGGG
Peff-26_001	1660000	0	0	TTAGGG
Peff-26_001	1670000	0	0	TTAGGG
Peff-26_001	1680000	1	0	TTAGGG
Peff-26_001	1690000	0	0	TTAGGG
Peff-26_001	1700000	1	0	TTAGGG
Peff-26_001	1710000	0	0	TTAGGG
Peff-26_001	1720000	2	0	TTAGGG
Peff-26_001	1730000	1	1	TTAGGG
Peff-26_001	1740000	0	0	TTAGGG
Peff-26_001	1750000	0	2	TTAGGG
Peff-26_001	1760000	0	0	TTAGGG
Peff-26_001	1770000	0	1	TTAGGG
Peff-26_001	1780000	1	0	TTAGGG
Peff-26_001	1790000	0	0	TTAGGG
Peff-26_001	1800000	0	0	TTAGGG
Peff-26_001	1810000	1	3	TTAGGG
Peff-26_001	1820000	0	1	TTAGGG
Peff-26_001	1830000	1	0	TTAGGG
Peff-26_001	1840000	0	0	TTAGGG
Peff-26_001	1850000	1	2	TTAGGG
Peff-26_001	1860000	0	0	TTAGGG
Peff-26_001	1870000	0	0	TTAGGG
Peff-26_001	1880000	0	0	TTAGGG
Peff-26_001	1890000	0	0	TTAGGG
Peff-26_001	1900000	0	0	TTAGGG
Peff-26_001	1910000	0	0	TTAGGG
Peff-26_001	1920000	3	0	TTAGGG
Peff-26_001	1930000	1	0	TTAGGG
Peff-26_001	1940000	1	2	TTAGGG
Peff-26_001	1950000	0	0	TTAGGG
Peff-26_001	1960000	2	0	TTAGGG
Peff-26_001	1970000	0	0	TTAGGG
Peff-26_001	1980000	0	0	TTAGGG
Peff-26_001	1990000	0	1	TTAGGG
Peff-26_001	2000000	0	2	TTAGGG
Peff-26_001	2010000	0	0	TTAGGG
Peff-26_001	2020000	2	0	TTAGGG
Peff-26_001	2030000	2	1	TTAGGG
Peff-26_001	2040000	0	0	TTAGGG
Peff-26_001	2050000	1	1	TTAGGG
Peff-26_001	2060000	1	1	TTAGGG
Peff-26_001	2070000	0	0	TTAGGG
Peff-26_001	2080000	1	0	TTAGGG
Peff-26_001	2090000	2	2	TTAGGG
Peff-26_001	2100000	1	0	TTAGGG
Peff-26_001	2110000	1	0	TTAGGG
Peff-26_001	2120000	1	1	TTAGGG
Peff-26_001	2130000	1	1	TTAGGG
Peff-26_001	2140000	2	0	TTAGGG
Peff-26_001	2150000	1	1	TTAGGG
Peff-26_001	2160000	0	0	TTAGGG
Peff-26_001	2170000	1	1	TTAGGG
Peff-26_001	2180000	0	3	TTAGGG
Peff-26_001	2190000	2	3	TTAGGG
Peff-26_001	2200000	4	1	TTAGGG
Peff-26_001	2210000	2	1	TTAGGG
Peff-26_001	2220000	1	0	TTAGGG
Peff-26_001	2230000	0	1	TTAGGG
Peff-26_001	2240000	0	1	TTAGGG
Peff-26_001	2250000	0	0	TTAGGG
Peff-26_001	2260000	1	0	TTAGGG
Peff-26_001	2270000	0	0	TTAGGG
Peff-26_001	2280000	0	0	TTAGGG
Peff-26_001	2290000	0	0	TTAGGG
Peff-26_001	2300000	0	1	TTAGGG
Peff-26_001	2310000	0	1	TTAGGG
Peff-26_001	2320000	0	0	TTAGGG
Peff-26_001	2330000	0	0	TTAGGG
Peff-26_001	2340000	0	1	TTAGGG
Peff-26_001	2350000	0	1	TTAGGG
Peff-26_001	2360000	0	2	TTAGGG
Peff-26_001	2370000	2	0	TTAGGG
Peff-26_001	2380000	0	1	TTAGGG
Peff-26_001	2390000	0	1	TTAGGG
Peff-26_001	2400000	1	3	TTAGGG
Peff-26_001	2410000	1	0	TTAGGG
Peff-26_001	2420000	1	0	TTAGGG
Peff-26_001	2430000	0	1	TTAGGG
Peff-26_001	2440000	0	0	TTAGGG
Peff-26_001	2450000	1	0	TTAGGG
Peff-26_001	2460000	2	0	TTAGGG
Peff-26_001	2470000	0	0	TTAGGG
Peff-26_001	2480000	0	0	TTAGGG
Peff-26_001	2490000	0	0	TTAGGG
Peff-26_001	2500000	2	2	TTAGGG
Peff-26_001	2510000	0	0	TTAGGG
Peff-26_001	2520000	1	0	TTAGGG
Peff-26_001	2530000	3	1	TTAGGG
Peff-26_001	2540000	1	0	TTAGGG
Peff-26_001	2550000	1	1	TTAGGG
Peff-26_001	2560000	0	2	TTAGGG
Peff-26_001	2570000	0	0	TTAGGG
Peff-26_001	2580000	0	0	TTAGGG
Peff-26_001	2590000	0	1	TTAGGG
Peff-26_001	2600000	1	3	TTAGGG
Peff-26_001	2610000	1	1	TTAGGG
Peff-26_001	2620000	1	0	TTAGGG
Peff-26_001	2630000	1	0	TTAGGG
Peff-26_001	2640000	0	0	TTAGGG
Peff-26_001	2650000	1	0	TTAGGG
Peff-26_001	2660000	1	1	TTAGGG
Peff-26_001	2670000	0	0	TTAGGG
Peff-26_001	2680000	1	0	TTAGGG
Peff-26_001	2690000	0	1	TTAGGG
Peff-26_001	2700000	0	2	TTAGGG
Peff-26_001	2710000	0	1	TTAGGG
Peff-26_001	2720000	2	1	TTAGGG
Peff-26_001	2730000	1	1	TTAGGG
Peff-26_001	2740000	0	0	TTAGGG
Peff-26_001	2750000	3	3	TTAGGG
Peff-26_001	2760000	3	0	TTAGGG
Peff-26_001	2770000	3	1	TTAGGG
Peff-26_001	2780000	1	0	TTAGGG
Peff-26_001	2790000	0	0	TTAGGG
Peff-26_001	2800000	0	0	TTAGGG
Peff-26_001	2810000	0	0	TTAGGG
Peff-26_001	2820000	0	0	TTAGGG
Peff-26_001	2830000	0	0	TTAGGG
Peff-26_001	2840000	0	0	TTAGGG
Peff-26_001	2850000	0	0	TTAGGG
Peff-26_001	2860000	0	0	TTAGGG
Peff-26_001	2870000	0	0	TTAGGG
Peff-26_001	2880000	0	0	TTAGGG
Peff-26_001	2890000	0	0	TTAGGG
Peff-26_001	2900000	0	0	TTAGGG
Peff-26_001	2910000	0	0	TTAGGG
Peff-26_001	2920000	0	0	TTAGGG
Peff-26_001	2930000	0	0	TTAGGG
Peff-26_001	2940000	0	0	TTAGGG
Peff-26_001	2950000	0	0	TTAGGG
Peff-26_001	2960000	0	0	TTAGGG
Peff-26_001	2970000	0	0	TTAGGG
Peff-26_001	2980000	0	0	TTAGGG
Peff-26_001	2990000	0	0	TTAGGG
Peff-26_001	3000000	0	0	TTAGGG
Peff-26_001	3010000	0	0	TTAGGG
Peff-26_001	3020000	0	0	TTAGGG
Peff-26_001	3030000	0	0	TTAGGG
Peff-26_001	3040000	0	0	TTAGGG
Peff-26_001	3050000	0	0	TTAGGG
Peff-26_001	3060000	2	1	TTAGGG
Peff-26_001	3070000	1	0	TTAGGG
Peff-26_001	3080000	2	1	TTAGGG
Peff-26_001	3090000	2	0	TTAGGG
Peff-26_001	3100000	2	1	TTAGGG
Peff-26_001	3110000	1	0	TTAGGG
Peff-26_001	3120000	1	0	TTAGGG
Peff-26_001	3130000	0	2	TTAGGG
Peff-26_001	3140000	1	0	TTAGGG
Peff-26_001	3150000	0	2	TTAGGG
Peff-26_001	3160000	0	0	TTAGGG
Peff-26_001	3170000	1	0	TTAGGG
Peff-26_001	3180000	3	2	TTAGGG
Peff-26_001	3190000	1	1	TTAGGG
Peff-26_001	3200000	1	0	TTAGGG
Peff-26_001	3210000	0	2	TTAGGG
Peff-26_001	3220000	1	1	TTAGGG
Peff-26_001	3230000	0	2	TTAGGG
Peff-26_001	3240000	2	0	TTAGGG
Peff-26_001	3250000	1	0	TTAGGG
Peff-26_001	3260000	0	0	TTAGGG
Peff-26_001	3270000	1	0	TTAGGG
Peff-26_001	3280000	0	1	TTAGGG
Peff-26_001	3290000	0	1	TTAGGG
Peff-26_001	3300000	1	1	TTAGGG
Peff-26_001	3310000	1	1	TTAGGG
Peff-26_001	3320000	0	1	TTAGGG
Peff-26_001	3330000	3	0	TTAGGG
Peff-26_001	3340000	1	3	TTAGGG
Peff-26_001	3350000	0	0	TTAGGG
Peff-26_001	3360000	1	1	TTAGGG
Peff-26_001	3370000	2	0	TTAGGG
Peff-26_001	3380000	1	0	TTAGGG
Peff-26_001	3390000	1	2	TTAGGG
Peff-26_001	3400000	0	0	TTAGGG
Peff-26_001	3410000	0	1	TTAGGG
Peff-26_001	3420000	0	0	TTAGGG
Peff-26_001	3430000	0	1	TTAGGG
Peff-26_001	3440000	2	1	TTAGGG
Peff-26_001	3450000	0	0	TTAGGG
Peff-26_001	3460000	0	0	TTAGGG
Peff-26_001	3470000	1	3	TTAGGG
Peff-26_001	3480000	1	2	TTAGGG
Peff-26_001	3490000	0	1	TTAGGG
Peff-26_001	3500000	3	2	TTAGGG
Peff-26_001	3510000	1	1	TTAGGG
Peff-26_001	3520000	1	0	TTAGGG
Peff-26_001	3530000	0	0	TTAGGG
Peff-26_001	3540000	1	0	TTAGGG
Peff-26_001	3550000	2	0	TTAGGG
Peff-26_001	3560000	1	2	TTAGGG
Peff-26_001	3570000	0	1	TTAGGG
Peff-26_001	3580000	1	1	TTAGGG
Peff-26_001	3590000	1	1	TTAGGG
Peff-26_001	3600000	1	2	TTAGGG
Peff-26_001	3610000	1	0	TTAGGG
Peff-26_001	3620000	1	1	TTAGGG
Peff-26_001	3630000	1	1	TTAGGG
Peff-26_001	3640000	0	1	TTAGGG
Peff-26_001	3650000	1	1	TTAGGG
Peff-26_001	3660000	1	0	TTAGGG
Peff-26_001	3670000	0	1	TTAGGG
Peff-26_001	3680000	1	0	TTAGGG
Peff-26_001	3690000	1	0	TTAGGG
Peff-26_001	3700000	0	0	TTAGGG
Peff-26_001	3710000	0	0	TTAGGG
Peff-26_001	3720000	1	1	TTAGGG
Peff-26_001	3730000	1	0	TTAGGG
Peff-26_001	3740000	0	0	TTAGGG
Peff-26_001	3750000	1	0	TTAGGG
Peff-26_001	3760000	0	2	TTAGGG
Peff-26_001	3770000	1	1	TTAGGG
Peff-26_001	3780000	1	2	TTAGGG
Peff-26_001	3790000	1	2	TTAGGG
Peff-26_001	3800000	0	0	TTAGGG
Peff-26_001	3810000	1	0	TTAGGG
Peff-26_001	3820000	0	1	TTAGGG
Peff-26_001	3830000	1	0	TTAGGG
Peff-26_001	3840000	3	0	TTAGGG
Peff-26_001	3850000	1	2	TTAGGG
Peff-26_001	3860000	0	1	TTAGGG
Peff-26_001	3870000	0	0	TTAGGG
Peff-26_001	3880000	0	0	TTAGGG
Peff-26_001	3890000	1	1	TTAGGG
Peff-26_001	3900000	2	0	TTAGGG
Peff-26_001	3910000	0	0	TTAGGG
Peff-26_001	3920000	1	0	TTAGGG
Peff-26_001	3930000	1	1	TTAGGG
Peff-26_001	3940000	0	2	TTAGGG
Peff-26_001	3950000	0	0	TTAGGG
Peff-26_001	3960000	2	2	TTAGGG
Peff-26_001	3970000	1	2	TTAGGG
Peff-26_001	3980000	0	0	TTAGGG
Peff-26_001	3990000	0	2	TTAGGG
Peff-26_001	4000000	2	0	TTAGGG
Peff-26_001	4010000	0	0	TTAGGG
Peff-26_001	4020000	1	2	TTAGGG
Peff-26_001	4030000	0	2	TTAGGG
Peff-26_001	4040000	2	2	TTAGGG
Peff-26_001	4050000	0	1	TTAGGG
Peff-26_001	4060000	0	0	TTAGGG
Peff-26_001	4070000	0	1	TTAGGG
Peff-26_001	4080000	0	3	TTAGGG
Peff-26_001	4090000	2	1	TTAGGG
Peff-26_001	4100000	5	1	TTAGGG
Peff-26_001	4110000	0	9	TTAGGG
Peff-26_001	4120000	0	0	TTAGGG
Peff-26_001	4130000	0	1	TTAGGG
Peff-26_001	4140000	0	2	TTAGGG
Peff-26_001	4150000	0	1	TTAGGG
Peff-26_001	4160000	0	0	TTAGGG
Peff-26_001	4170000	0	3	TTAGGG
Peff-26_001	4180000	0	1	TTAGGG
Peff-26_001	4190000	1	1	TTAGGG
Peff-26_001	4200000	0	0	TTAGGG
Peff-26_001	4210000	0	0	TTAGGG
Peff-26_001	4220000	0	0	TTAGGG
Peff-26_001	4230000	0	0	TTAGGG
Peff-26_001	4240000	0	0	TTAGGG
Peff-26_001	4250000	0	0	TTAGGG
Peff-26_001	4260000	0	0	TTAGGG
Peff-26_001	4270000	0	0	TTAGGG
Peff-26_001	4280000	0	0	TTAGGG
Peff-26_001	4290000	0	0	TTAGGG
Peff-26_001	4300000	0	0	TTAGGG
Peff-26_001	4310000	0	0	TTAGGG
Peff-26_001	4320000	0	0	TTAGGG
Peff-26_001	4330000	0	0	TTAGGG
Peff-26_001	4340000	1	0	TTAGGG
Peff-26_001	4350000	0	0	TTAGGG
Peff-26_001	4360000	0	0	TTAGGG
Peff-26_001	4370000	2	0	TTAGGG
Peff-26_001	4380000	0	1	TTAGGG
Peff-26_001	4390000	1	1	TTAGGG
Peff-26_001	4400000	0	1	TTAGGG
Peff-26_001	4410000	1	2	TTAGGG
Peff-26_001	4420000	1	0	TTAGGG
Peff-26_001	4430000	0	1	TTAGGG
Peff-26_001	4440000	1	3	TTAGGG
Peff-26_001	4450000	1	1	TTAGGG
Peff-26_001	4460000	0	0	TTAGGG
Peff-26_001	4470000	1	0	TTAGGG
Peff-26_001	4480000	1	1	TTAGGG
Peff-26_001	4490000	3	2	TTAGGG
Peff-26_001	4500000	0	1	TTAGGG
Peff-26_001	4510000	1	2	TTAGGG
Peff-26_001	4520000	1	2	TTAGGG
Peff-26_001	4530000	2	1	TTAGGG
Peff-26_001	4540000	1	0	TTAGGG
Peff-26_001	4550000	2	1	TTAGGG
Peff-26_001	4560000	3	1	TTAGGG
Peff-26_001	4570000	0	1	TTAGGG
Peff-26_001	4580000	3	2	TTAGGG
Peff-26_001	4590000	1	0	TTAGGG
Peff-26_001	4600000	0	0	TTAGGG
Peff-26_001	4610000	0	1	TTAGGG
Peff-26_001	4620000	0	0	TTAGGG
Peff-26_001	4630000	1	2	TTAGGG
Peff-26_001	4640000	0	1	TTAGGG
Peff-26_001	4650000	0	0	TTAGGG
Peff-26_001	4660000	0	0	TTAGGG
Peff-26_001	4670000	0	0	TTAGGG
Peff-26_001	4680000	0	0	TTAGGG
Peff-26_001	4690000	1	0	TTAGGG
Peff-26_001	4700000	0	2	TTAGGG
Peff-26_001	4710000	0	0	TTAGGG
Peff-26_001	4720000	0	0	TTAGGG
Peff-26_001	4730000	1	0	TTAGGG
Peff-26_001	4740000	0	0	TTAGGG
Peff-26_001	4750000	1	1	TTAGGG
Peff-26_001	4760000	0	1	TTAGGG
Peff-26_001	4770000	0	1	TTAGGG
Peff-26_001	4780000	2	1	TTAGGG
Peff-26_001	4790000	0	0	TTAGGG
Peff-26_001	4800000	0	0	TTAGGG
Peff-26_001	4810000	0	1	TTAGGG
Peff-26_001	4820000	0	1	TTAGGG
Peff-26_001	4830000	2	0	TTAGGG
Peff-26_001	4840000	0	0	TTAGGG
Peff-26_001	4850000	1	2	TTAGGG
Peff-26_001	4860000	0	1	TTAGGG
Peff-26_001	4870000	1	0	TTAGGG
Peff-26_001	4880000	0	1	TTAGGG
Peff-26_001	4890000	1	3	TTAGGG
Peff-26_001	4900000	1	1	TTAGGG
Peff-26_001	4910000	0	1	TTAGGG
Peff-26_001	4920000	0	1	TTAGGG
Peff-26_001	4930000	0	1	TTAGGG
Peff-26_001	4940000	2	0	TTAGGG
Peff-26_001	4950000	1	2	TTAGGG
Peff-26_001	4960000	1	1	TTAGGG
Peff-26_001	4970000	0	1	TTAGGG
Peff-26_001	4980000	0	0	TTAGGG
Peff-26_001	4990000	0	0	TTAGGG
Peff-26_001	5000000	0	0	TTAGGG
Peff-26_001	5010000	0	0	TTAGGG
Peff-26_001	5020000	2	0	TTAGGG
Peff-26_001	5030000	0	0	TTAGGG
Peff-26_001	5040000	1	0	TTAGGG
Peff-26_001	5050000	0	0	TTAGGG
Peff-26_001	5060000	1	0	TTAGGG
Peff-26_001	5070000	0	1	TTAGGG
Peff-26_001	5080000	0	0	TTAGGG
Peff-26_001	5090000	0	0	TTAGGG
Peff-26_001	5100000	1	0	TTAGGG
Peff-26_001	5110000	0	0	TTAGGG
Peff-26_001	5120000	0	0	TTAGGG
Peff-26_001	5130000	0	0	TTAGGG
Peff-26_001	5140000	0	0	TTAGGG
Peff-26_001	5150000	0	0	TTAGGG
Peff-26_001	5160000	0	0	TTAGGG
Peff-26_001	5170000	0	0	TTAGGG
Peff-26_001	5180000	0	0	TTAGGG
Peff-26_001	5190000	0	0	TTAGGG
Peff-26_001	5200000	0	0	TTAGGG
Peff-26_001	5210000	0	0	TTAGGG
Peff-26_001	5220000	1	0	TTAGGG
Peff-26_001	5230000	3	0	TTAGGG
Peff-26_001	5240000	0	3	TTAGGG
Peff-26_001	5250000	0	1	TTAGGG
Peff-26_001	5260000	0	1	TTAGGG
Peff-26_001	5270000	0	2	TTAGGG
Peff-26_001	5280000	0	1	TTAGGG
Peff-26_001	5290000	0	1	TTAGGG
Peff-26_001	5300000	3	2	TTAGGG
Peff-26_001	5310000	2	0	TTAGGG
Peff-26_001	5320000	0	2	TTAGGG
Peff-26_001	5330000	4	0	TTAGGG
Peff-26_001	5340000	1	0	TTAGGG
Peff-26_001	5350000	1	0	TTAGGG
Peff-26_001	5360000	0	1	TTAGGG
Peff-26_001	5370000	2	0	TTAGGG
Peff-26_001	5380000	3	1	TTAGGG
Peff-26_001	5390000	1	0	TTAGGG
Peff-26_001	5400000	1	0	TTAGGG
Peff-26_001	5410000	1	0	TTAGGG
Peff-26_001	5420000	2	1	TTAGGG
Peff-26_001	5430000	0	0	TTAGGG
Peff-26_001	5440000	0	1	TTAGGG
Peff-26_001	5450000	1	0	TTAGGG
Peff-26_001	5460000	0	0	TTAGGG
Peff-26_001	5470000	1	0	TTAGGG
Peff-26_001	5480000	0	0	TTAGGG
Peff-26_001	5490000	3	0	TTAGGG
Peff-26_001	5500000	4	2	TTAGGG
Peff-26_001	5510000	1	0	TTAGGG
Peff-26_001	5520000	0	2	TTAGGG
Peff-26_001	5530000	1	0	TTAGGG
Peff-26_001	5540000	0	0	TTAGGG
Peff-26_001	5550000	0	0	TTAGGG
Peff-26_001	5560000	0	0	TTAGGG
Peff-26_001	5570000	0	0	TTAGGG
Peff-26_001	5580000	0	0	TTAGGG
Peff-26_001	5590000	0	0	TTAGGG
Peff-26_001	5600000	0	0	TTAGGG
Peff-26_001	5610000	0	0	TTAGGG
Peff-26_001	5620000	1	0	TTAGGG
Peff-26_001	5630000	1	0	TTAGGG
Peff-26_001	5640000	0	1	TTAGGG
Peff-26_001	5650000	0	1	TTAGGG
Peff-26_001	5660000	1	0	TTAGGG
Peff-26_001	5670000	2	1	TTAGGG
Peff-26_001	5680000	1	0	TTAGGG
Peff-26_001	5690000	1	1	TTAGGG
Peff-26_001	5700000	0	1	TTAGGG
Peff-26_001	5710000	0	1	TTAGGG
Peff-26_001	5720000	0	1	TTAGGG
Peff-26_001	5730000	1	0	TTAGGG
Peff-26_001	5740000	3	1	TTAGGG
Peff-26_001	5750000	2	1	TTAGGG
Peff-26_001	5760000	0	1	TTAGGG
Peff-26_001	5770000	0	0	TTAGGG
Peff-26_001	5780000	0	1	TTAGGG
Peff-26_001	5790000	2	0	TTAGGG
Peff-26_001	5800000	2	0	TTAGGG
Peff-26_001	5810000	0	0	TTAGGG
Peff-26_001	5820000	2	1	TTAGGG
Peff-26_001	5830000	1	1	TTAGGG
Peff-26_001	5840000	1	0	TTAGGG
Peff-26_001	5850000	0	2	TTAGGG
Peff-26_001	5860000	3	0	TTAGGG
Peff-26_001	5870000	2	0	TTAGGG
Peff-26_001	5880000	1	0	TTAGGG
Peff-26_001	5890000	1	1	TTAGGG
Peff-26_001	5900000	1	0	TTAGGG
Peff-26_001	5910000	1	0	TTAGGG
Peff-26_001	5920000	2	5	TTAGGG
Peff-26_001	5930000	1	3	TTAGGG
Peff-26_001	5940000	0	0	TTAGGG
Peff-26_001	5950000	0	0	TTAGGG
Peff-26_001	5960000	2	0	TTAGGG
Peff-26_001	5970000	0	2	TTAGGG
Peff-26_001	5980000	0	1	TTAGGG
Peff-26_001	5990000	0	0	TTAGGG
Peff-26_001	6000000	0	1	TTAGGG
Peff-26_001	6010000	1	0	TTAGGG
Peff-26_001	6020000	1	1	TTAGGG
Peff-26_001	6030000	0	2	TTAGGG
Peff-26_001	6040000	0	0	TTAGGG
Peff-26_001	6050000	3	0	TTAGGG
Peff-26_001	6060000	2	0	TTAGGG
Peff-26_001	6070000	0	0	TTAGGG
Peff-26_001	6080000	1	2	TTAGGG
Peff-26_001	6090000	1	0	TTAGGG
Peff-26_001	6100000	0	2	TTAGGG
Peff-26_001	6110000	2	0	TTAGGG
Peff-26_001	6120000	1	0	TTAGGG
Peff-26_001	6130000	2	0	TTAGGG
Peff-26_001	6140000	1	0	TTAGGG
Peff-26_001	6150000	0	0	TTAGGG
Peff-26_001	6160000	1	2	TTAGGG
Peff-26_001	6170000	2	0	TTAGGG
Peff-26_001	6180000	0	2	TTAGGG
Peff-26_001	6190000	3	0	TTAGGG
Peff-26_001	6200000	2	0	TTAGGG
Peff-26_001	6210000	1	0	TTAGGG
Peff-26_001	6220000	0	0	TTAGGG
Peff-26_001	6230000	0	2	TTAGGG
Peff-26_001	6240000	2	0	TTAGGG
Peff-26_001	6250000	0	2	TTAGGG
Peff-26_001	6260000	1	0	TTAGGG
Peff-26_001	6270000	1	0	TTAGGG
Peff-26_001	6280000	0	1	TTAGGG
Peff-26_001	6290000	1	1	TTAGGG
Peff-26_001	6300000	0	0	TTAGGG
Peff-26_001	6310000	3	0	TTAGGG
Peff-26_001	6320000	3	0	TTAGGG
Peff-26_001	6330000	0	0	TTAGGG
Peff-26_001	6340000	1	2	TTAGGG
Peff-26_001	6350000	2	0	TTAGGG
Peff-26_001	6360000	3	0	TTAGGG
Peff-26_001	6370000	3	0	TTAGGG
Peff-26_001	6380000	2	0	TTAGGG
Peff-26_001	6390000	3	0	TTAGGG
Peff-26_001	6400000	1	0	TTAGGG
Peff-26_001	6410000	0	2	TTAGGG
Peff-26_001	6420000	2	1	TTAGGG
Peff-26_001	6430000	1	1	TTAGGG
Peff-26_001	6440000	1	1	TTAGGG
Peff-26_001	6450000	0	1	TTAGGG
Peff-26_001	6460000	1	0	TTAGGG
Peff-26_001	6470000	0	0	TTAGGG
Peff-26_001	6480000	2	0	TTAGGG
Peff-26_001	6490000	0	0	TTAGGG
Peff-26_001	6500000	0	0	TTAGGG
Peff-26_001	6510000	1	0	TTAGGG
Peff-26_001	6520000	0	0	TTAGGG
Peff-26_001	6530000	0	2	TTAGGG
Peff-26_001	6540000	0	0	TTAGGG
Peff-26_001	6550000	0	0	TTAGGG
Peff-26_001	6560000	1	0	TTAGGG
Peff-26_001	6570000	1	1	TTAGGG
Peff-26_001	6580000	2	2	TTAGGG
Peff-26_001	6590000	0	0	TTAGGG
Peff-26_001	6600000	1	1	TTAGGG
Peff-26_001	6610000	0	1	TTAGGG
Peff-26_001	6620000	0	0	TTAGGG
Peff-26_001	6630000	0	0	TTAGGG
Peff-26_001	6640000	0	0	TTAGGG
Peff-26_001	6650000	0	0	TTAGGG
Peff-26_001	6660000	0	0	TTAGGG
Peff-26_001	6670000	0	0	TTAGGG
Peff-26_001	6680000	0	0	TTAGGG
Peff-26_001	6690000	0	0	TTAGGG
Peff-26_001	6700000	0	0	TTAGGG
Peff-26_001	6710000	0	0	TTAGGG
Peff-26_001	6720000	0	0	TTAGGG
Peff-26_001	6730000	1	1	TTAGGG
Peff-26_001	6740000	1	1	TTAGGG
Peff-26_001	6750000	0	3	TTAGGG
Peff-26_001	6760000	2	1	TTAGGG
Peff-26_001	6770000	0	0	TTAGGG
Peff-26_001	6780000	0	0	TTAGGG
Peff-26_001	6790000	0	0	TTAGGG
Peff-26_001	6800000	0	1	TTAGGG
Peff-26_001	6810000	0	2	TTAGGG
Peff-26_001	6820000	0	1	TTAGGG
Peff-26_001	6830000	1	0	TTAGGG
Peff-26_001	6840000	1	2	TTAGGG
Peff-26_001	6850000	0	0	TTAGGG
Peff-26_001	6860000	0	1	TTAGGG
Peff-26_001	6870000	1	1	TTAGGG
Peff-26_001	6880000	1	1	TTAGGG
Peff-26_001	6890000	1	2	TTAGGG
Peff-26_001	6900000	0	1	TTAGGG
Peff-26_001	6910000	1	0	TTAGGG
Peff-26_001	6920000	2	0	TTAGGG
Peff-26_001	6930000	2	0	TTAGGG
Peff-26_001	6940000	0	0	TTAGGG
Peff-26_001	6950000	0	0	TTAGGG
Peff-26_001	6960000	0	0	TTAGGG
Peff-26_001	6970000	1	0	TTAGGG
Peff-26_001	6980000	0	0	TTAGGG
Peff-26_001	6990000	0	2	TTAGGG
Peff-26_001	7000000	0	2	TTAGGG
Peff-26_001	7010000	1	0	TTAGGG
Peff-26_001	7020000	0	1	TTAGGG
Peff-26_001	7030000	0	0	TTAGGG
Peff-26_001	7040000	0	1	TTAGGG
Peff-26_001	7050000	0	1	TTAGGG
Peff-26_001	7060000	0	0	TTAGGG
Peff-26_001	7070000	0	0	TTAGGG
Peff-26_001	7080000	6	0	TTAGGG
Peff-26_001	7090000	5	2	TTAGGG
Peff-26_001	7100000	3	1	TTAGGG
Peff-26_001	7110000	1	1	TTAGGG
Peff-26_001	7120000	2	2	TTAGGG
Peff-26_001	7130000	1	1	TTAGGG
Peff-26_001	7140000	0	0	TTAGGG
Peff-26_001	7150000	1	0	TTAGGG
Peff-26_001	7160000	1	1	TTAGGG
Peff-26_001	7170000	0	2	TTAGGG
Peff-26_001	7180000	1	0	TTAGGG
Peff-26_001	7190000	0	2	TTAGGG
Peff-26_001	7200000	1	0	TTAGGG
Peff-26_001	7210000	0	0	TTAGGG
Peff-26_001	7220000	2	0	TTAGGG
Peff-26_001	7230000	0	1	TTAGGG
Peff-26_001	7240000	0	0	TTAGGG
Peff-26_001	7250000	0	0	TTAGGG
Peff-26_001	7260000	0	0	TTAGGG
Peff-26_001	7270000	1	0	TTAGGG
Peff-26_001	7280000	1	0	TTAGGG
Peff-26_001	7290000	0	0	TTAGGG
Peff-26_001	7300000	0	0	TTAGGG
Peff-26_001	7310000	0	0	TTAGGG
Peff-26_001	7320000	1	0	TTAGGG
Peff-26_001	7330000	0	2	TTAGGG
Peff-26_001	7340000	3	0	TTAGGG
Peff-26_001	7350000	0	1	TTAGGG
Peff-26_001	7360000	0	0	TTAGGG
Peff-26_001	7370000	1	1	TTAGGG
Peff-26_001	7380000	0	0	TTAGGG
Peff-26_001	7390000	1	1	TTAGGG
Peff-26_001	7400000	0	0	TTAGGG
Peff-26_001	7410000	0	0	TTAGGG
Peff-26_001	7420000	0	0	TTAGGG
Peff-26_001	7430000	0	0	TTAGGG
Peff-26_001	7440000	1	1	TTAGGG
Peff-26_001	7450000	1	0	TTAGGG
Peff-26_001	7460000	1	0	TTAGGG
Peff-26_001	7470000	1	0	TTAGGG
Peff-26_001	7480000	1	0	TTAGGG
Peff-26_001	7490000	2	1	TTAGGG
Peff-26_001	7500000	1	1	TTAGGG
Peff-26_001	7510000	0	0	TTAGGG
Peff-26_001	7520000	1	2	TTAGGG
Peff-26_001	7530000	3	0	TTAGGG
Peff-26_001	7540000	1	1	TTAGGG
Peff-26_001	7550000	0	0	TTAGGG
Peff-26_001	7560000	3	2	TTAGGG
Peff-26_001	7564051	0	1	TTAGGG
Peff-26_002	10000	0	92	TTAGGG
Peff-26_002	20000	1	0	TTAGGG
Peff-26_002	30000	0	0	TTAGGG
Peff-26_002	40000	1	2	TTAGGG
Peff-26_002	50000	1	0	TTAGGG
Peff-26_002	60000	0	2	TTAGGG
Peff-26_002	70000	0	0	TTAGGG
Peff-26_002	80000	0	1	TTAGGG
Peff-26_002	90000	0	0	TTAGGG
Peff-26_002	100000	1	2	TTAGGG
Peff-26_002	110000	0	0	TTAGGG
Peff-26_002	120000	1	0	TTAGGG
Peff-26_002	130000	1	0	TTAGGG
Peff-26_002	140000	0	0	TTAGGG
Peff-26_002	150000	0	0	TTAGGG
Peff-26_002	160000	1	1	TTAGGG
Peff-26_002	170000	0	0	TTAGGG
Peff-26_002	180000	0	1	TTAGGG
Peff-26_002	190000	0	1	TTAGGG
Peff-26_002	200000	0	1	TTAGGG
Peff-26_002	210000	1	0	TTAGGG
Peff-26_002	220000	1	1	TTAGGG
Peff-26_002	230000	2	0	TTAGGG
Peff-26_002	240000	1	0	TTAGGG
Peff-26_002	250000	0	1	TTAGGG
Peff-26_002	260000	1	0	TTAGGG
Peff-26_002	270000	0	0	TTAGGG
Peff-26_002	280000	1	0	TTAGGG
Peff-26_002	290000	0	0	TTAGGG
Peff-26_002	300000	0	0	TTAGGG
Peff-26_002	310000	2	1	TTAGGG
Peff-26_002	320000	0	2	TTAGGG
Peff-26_002	330000	2	1	TTAGGG
Peff-26_002	340000	0	1	TTAGGG
Peff-26_002	350000	1	0	TTAGGG
Peff-26_002	360000	0	1	TTAGGG
Peff-26_002	370000	0	1	TTAGGG
Peff-26_002	380000	1	0	TTAGGG
Peff-26_002	390000	1	1	TTAGGG
Peff-26_002	400000	0	2	TTAGGG
Peff-26_002	410000	0	1	TTAGGG
Peff-26_002	420000	0	0	TTAGGG
Peff-26_002	430000	0	0	TTAGGG
Peff-26_002	440000	2	0	TTAGGG
Peff-26_002	450000	0	1	TTAGGG
Peff-26_002	460000	1	1	TTAGGG
Peff-26_002	470000	0	2	TTAGGG
Peff-26_002	480000	0	1	TTAGGG
Peff-26_002	490000	2	1	TTAGGG
Peff-26_002	500000	0	0	TTAGGG
Peff-26_002	510000	0	0	TTAGGG
Peff-26_002	520000	0	0	TTAGGG
Peff-26_002	530000	0	0	TTAGGG
Peff-26_002	540000	0	0	TTAGGG
Peff-26_002	550000	0	0	TTAGGG
Peff-26_002	560000	0	0	TTAGGG
Peff-26_002	570000	0	0	TTAGGG
Peff-26_002	580000	0	0	TTAGGG
Peff-26_002	590000	0	0	TTAGGG
Peff-26_002	600000	0	0	TTAGGG
Peff-26_002	610000	0	0	TTAGGG
Peff-26_002	620000	0	0	TTAGGG
Peff-26_002	630000	0	0	TTAGGG
Peff-26_002	640000	0	0	TTAGGG
Peff-26_002	650000	0	0	TTAGGG
Peff-26_002	660000	0	0	TTAGGG
Peff-26_002	670000	0	0	TTAGGG
Peff-26_002	680000	0	0	TTAGGG
Peff-26_002	690000	0	0	TTAGGG
Peff-26_002	700000	0	0	TTAGGG
Peff-26_002	710000	0	0	TTAGGG
Peff-26_002	720000	0	0	TTAGGG
Peff-26_002	730000	0	0	TTAGGG
Peff-26_002	740000	0	2	TTAGGG
Peff-26_002	750000	2	2	TTAGGG
Peff-26_002	760000	0	0	TTAGGG
Peff-26_002	770000	0	2	TTAGGG
Peff-26_002	780000	1	0	TTAGGG
Peff-26_002	790000	1	0	TTAGGG
Peff-26_002	800000	1	0	TTAGGG
Peff-26_002	810000	0	0	TTAGGG
Peff-26_002	820000	1	0	TTAGGG
Peff-26_002	830000	3	0	TTAGGG
Peff-26_002	840000	1	1	TTAGGG
Peff-26_002	850000	1	0	TTAGGG
Peff-26_002	860000	1	0	TTAGGG
Peff-26_002	870000	1	2	TTAGGG
Peff-26_002	880000	1	0	TTAGGG
Peff-26_002	890000	0	0	TTAGGG
Peff-26_002	900000	1	1	TTAGGG
Peff-26_002	910000	3	1	TTAGGG
Peff-26_002	920000	0	0	TTAGGG
Peff-26_002	930000	2	2	TTAGGG
Peff-26_002	940000	2	1	TTAGGG
Peff-26_002	950000	0	0	TTAGGG
Peff-26_002	960000	1	1	TTAGGG
Peff-26_002	970000	2	0	TTAGGG
Peff-26_002	980000	0	0	TTAGGG
Peff-26_002	990000	2	2	TTAGGG
Peff-26_002	1000000	0	3	TTAGGG
Peff-26_002	1010000	0	0	TTAGGG
Peff-26_002	1020000	3	1	TTAGGG
Peff-26_002	1030000	0	1	TTAGGG
Peff-26_002	1040000	0	0	TTAGGG
Peff-26_002	1050000	1	0	TTAGGG
Peff-26_002	1060000	1	1	TTAGGG
Peff-26_002	1070000	0	2	TTAGGG
Peff-26_002	1080000	2	1	TTAGGG
Peff-26_002	1090000	1	1	TTAGGG
Peff-26_002	1100000	1	0	TTAGGG
Peff-26_002	1110000	1	1	TTAGGG
Peff-26_002	1120000	1	0	TTAGGG
Peff-26_002	1130000	0	0	TTAGGG
Peff-26_002	1140000	0	0	TTAGGG
Peff-26_002	1150000	0	0	TTAGGG
Peff-26_002	1160000	0	0	TTAGGG
Peff-26_002	1170000	0	0	TTAGGG
Peff-26_002	1180000	0	0	TTAGGG
Peff-26_002	1190000	0	0	TTAGGG
Peff-26_002	1200000	0	0	TTAGGG
Peff-26_002	1210000	0	0	TTAGGG
Peff-26_002	1220000	0	0	TTAGGG
Peff-26_002	1230000	0	0	TTAGGG
Peff-26_002	1240000	0	0	TTAGGG
Peff-26_002	1250000	0	0	TTAGGG
Peff-26_002	1260000	0	0	TTAGGG
Peff-26_002	1270000	0	0	TTAGGG
Peff-26_002	1280000	0	0	TTAGGG
Peff-26_002	1290000	0	0	TTAGGG
Peff-26_002	1300000	0	0	TTAGGG
Peff-26_002	1310000	0	0	TTAGGG
Peff-26_002	1320000	0	0	TTAGGG
Peff-26_002	1330000	0	0	TTAGGG
Peff-26_002	1340000	0	0	TTAGGG
Peff-26_002	1350000	0	0	TTAGGG
Peff-26_002	1360000	0	0	TTAGGG
Peff-26_002	1370000	0	0	TTAGGG
Peff-26_002	1380000	0	0	TTAGGG
Peff-26_002	1390000	1	0	TTAGGG
Peff-26_002	1400000	0	1	TTAGGG
Peff-26_002	1410000	1	0	TTAGGG
Peff-26_002	1420000	0	0	TTAGGG
Peff-26_002	1430000	0	0	TTAGGG
Peff-26_002	1440000	0	0	TTAGGG
Peff-26_002	1450000	0	1	TTAGGG
Peff-26_002	1460000	0	0	TTAGGG
Peff-26_002	1470000	0	0	TTAGGG
Peff-26_002	1480000	0	1	TTAGGG
Peff-26_002	1490000	0	0	TTAGGG
Peff-26_002	1500000	1	1	TTAGGG
Peff-26_002	1510000	2	2	TTAGGG
Peff-26_002	1520000	0	0	TTAGGG
Peff-26_002	1530000	0	0	TTAGGG
Peff-26_002	1540000	1	0	TTAGGG
Peff-26_002	1550000	1	0	TTAGGG
Peff-26_002	1560000	0	0	TTAGGG
Peff-26_002	1570000	1	3	TTAGGG
Peff-26_002	1580000	0	0	TTAGGG
Peff-26_002	1590000	0	0	TTAGGG
Peff-26_002	1600000	0	0	TTAGGG
Peff-26_002	1610000	0	1	TTAGGG
Peff-26_002	1620000	0	0	TTAGGG
Peff-26_002	1630000	0	1	TTAGGG
Peff-26_002	1640000	0	0	TTAGGG
Peff-26_002	1650000	1	0	TTAGGG
Peff-26_002	1660000	0	2	TTAGGG
Peff-26_002	1670000	0	2	TTAGGG
Peff-26_002	1680000	3	0	TTAGGG
Peff-26_002	1690000	1	0	TTAGGG
Peff-26_002	1700000	3	0	TTAGGG
Peff-26_002	1710000	0	1	TTAGGG
Peff-26_002	1720000	2	0	TTAGGG
Peff-26_002	1730000	0	0	TTAGGG
Peff-26_002	1740000	1	0	TTAGGG
Peff-26_002	1750000	0	0	TTAGGG
Peff-26_002	1760000	0	1	TTAGGG
Peff-26_002	1770000	0	2	TTAGGG
Peff-26_002	1780000	0	1	TTAGGG
Peff-26_002	1790000	1	2	TTAGGG
Peff-26_002	1800000	1	0	TTAGGG
Peff-26_002	1810000	1	1	TTAGGG
Peff-26_002	1820000	2	0	TTAGGG
Peff-26_002	1830000	1	1	TTAGGG
Peff-26_002	1840000	0	0	TTAGGG
Peff-26_002	1850000	0	1	TTAGGG
Peff-26_002	1860000	0	0	TTAGGG
Peff-26_002	1870000	1	1	TTAGGG
Peff-26_002	1880000	0	0	TTAGGG
Peff-26_002	1890000	0	1	TTAGGG
Peff-26_002	1900000	1	1	TTAGGG
Peff-26_002	1910000	0	0	TTAGGG
Peff-26_002	1920000	2	0	TTAGGG
Peff-26_002	1930000	0	1	TTAGGG
Peff-26_002	1940000	0	2	TTAGGG
Peff-26_002	1950000	1	0	TTAGGG
Peff-26_002	1960000	0	0	TTAGGG
Peff-26_002	1970000	0	0	TTAGGG
Peff-26_002	1980000	1	0	TTAGGG
Peff-26_002	1990000	0	2	TTAGGG
Peff-26_002	2000000	1	0	TTAGGG
Peff-26_002	2010000	1	1	TTAGGG
Peff-26_002	2020000	1	0	TTAGGG
Peff-26_002	2030000	1	0	TTAGGG
Peff-26_002	2040000	2	0	TTAGGG
Peff-26_002	2050000	3	2	TTAGGG
Peff-26_002	2060000	0	0	TTAGGG
Peff-26_002	2070000	1	1	TTAGGG
Peff-26_002	2080000	2	2	TTAGGG
Peff-26_002	2090000	0	1	TTAGGG
Peff-26_002	2100000	1	0	TTAGGG
Peff-26_002	2110000	0	0	TTAGGG
Peff-26_002	2120000	0	2	TTAGGG
Peff-26_002	2130000	0	0	TTAGGG
Peff-26_002	2140000	0	1	TTAGGG
Peff-26_002	2150000	2	0	TTAGGG
Peff-26_002	2160000	1	2	TTAGGG
Peff-26_002	2170000	1	1	TTAGGG
Peff-26_002	2180000	2	3	TTAGGG
Peff-26_002	2190000	0	2	TTAGGG
Peff-26_002	2200000	2	0	TTAGGG
Peff-26_002	2210000	0	0	TTAGGG
Peff-26_002	2220000	1	2	TTAGGG
Peff-26_002	2230000	0	0	TTAGGG
Peff-26_002	2240000	0	1	TTAGGG
Peff-26_002	2250000	0	0	TTAGGG
Peff-26_002	2260000	2	1	TTAGGG
Peff-26_002	2270000	0	0	TTAGGG
Peff-26_002	2280000	1	1	TTAGGG
Peff-26_002	2290000	0	2	TTAGGG
Peff-26_002	2300000	1	0	TTAGGG
Peff-26_002	2310000	0	0	TTAGGG
Peff-26_002	2320000	0	0	TTAGGG
Peff-26_002	2330000	0	1	TTAGGG
Peff-26_002	2340000	0	0	TTAGGG
Peff-26_002	2350000	0	2	TTAGGG
Peff-26_002	2360000	0	0	TTAGGG
Peff-26_002	2370000	1	2	TTAGGG
Peff-26_002	2380000	1	1	TTAGGG
Peff-26_002	2390000	1	0	TTAGGG
Peff-26_002	2400000	0	0	TTAGGG
Peff-26_002	2410000	0	0	TTAGGG
Peff-26_002	2420000	1	0	TTAGGG
Peff-26_002	2430000	1	0	TTAGGG
Peff-26_002	2440000	2	0	TTAGGG
Peff-26_002	2450000	0	1	TTAGGG
Peff-26_002	2460000	1	1	TTAGGG
Peff-26_002	2470000	0	0	TTAGGG
Peff-26_002	2480000	0	0	TTAGGG
Peff-26_002	2490000	0	2	TTAGGG
Peff-26_002	2500000	0	0	TTAGGG
Peff-26_002	2510000	0	1	TTAGGG
Peff-26_002	2520000	1	0	TTAGGG
Peff-26_002	2530000	1	0	TTAGGG
Peff-26_002	2540000	0	0	TTAGGG
Peff-26_002	2550000	1	0	TTAGGG
Peff-26_002	2560000	0	0	TTAGGG
Peff-26_002	2570000	0	0	TTAGGG
Peff-26_002	2580000	1	1	TTAGGG
Peff-26_002	2590000	0	0	TTAGGG
Peff-26_002	2600000	0	0	TTAGGG
Peff-26_002	2610000	1	0	TTAGGG
Peff-26_002	2620000	0	0	TTAGGG
Peff-26_002	2630000	1	1	TTAGGG
Peff-26_002	2640000	0	2	TTAGGG
Peff-26_002	2650000	0	0	TTAGGG
Peff-26_002	2660000	0	0	TTAGGG
Peff-26_002	2670000	1	0	TTAGGG
Peff-26_002	2680000	0	0	TTAGGG
Peff-26_002	2690000	3	0	TTAGGG
Peff-26_002	2700000	0	3	TTAGGG
Peff-26_002	2710000	1	0	TTAGGG
Peff-26_002	2720000	0	1	TTAGGG
Peff-26_002	2730000	1	1	TTAGGG
Peff-26_002	2740000	1	0	TTAGGG
Peff-26_002	2750000	1	1	TTAGGG
Peff-26_002	2760000	1	0	TTAGGG
Peff-26_002	2770000	0	0	TTAGGG
Peff-26_002	2780000	1	0	TTAGGG
Peff-26_002	2790000	1	0	TTAGGG
Peff-26_002	2800000	0	0	TTAGGG
Peff-26_002	2810000	0	0	TTAGGG
Peff-26_002	2820000	0	0	TTAGGG
Peff-26_002	2830000	0	0	TTAGGG
Peff-26_002	2840000	0	1	TTAGGG
Peff-26_002	2850000	1	2	TTAGGG
Peff-26_002	2860000	0	0	TTAGGG
Peff-26_002	2870000	0	0	TTAGGG
Peff-26_002	2880000	1	2	TTAGGG
Peff-26_002	2890000	2	0	TTAGGG
Peff-26_002	2900000	1	0	TTAGGG
Peff-26_002	2910000	2	0	TTAGGG
Peff-26_002	2920000	0	0	TTAGGG
Peff-26_002	2930000	0	0	TTAGGG
Peff-26_002	2940000	0	0	TTAGGG
Peff-26_002	2950000	0	0	TTAGGG
Peff-26_002	2960000	0	0	TTAGGG
Peff-26_002	2970000	1	0	TTAGGG
Peff-26_002	2980000	2	0	TTAGGG
Peff-26_002	2990000	0	0	TTAGGG
Peff-26_002	3000000	3	1	TTAGGG
Peff-26_002	3010000	0	3	TTAGGG
Peff-26_002	3020000	0	0	TTAGGG
Peff-26_002	3030000	1	2	TTAGGG
Peff-26_002	3040000	1	3	TTAGGG
Peff-26_002	3050000	3	4	TTAGGG
Peff-26_002	3060000	2	0	TTAGGG
Peff-26_002	3070000	2	1	TTAGGG
Peff-26_002	3080000	0	0	TTAGGG
Peff-26_002	3090000	1	2	TTAGGG
Peff-26_002	3100000	2	2	TTAGGG
Peff-26_002	3110000	2	0	TTAGGG
Peff-26_002	3120000	1	0	TTAGGG
Peff-26_002	3130000	2	0	TTAGGG
Peff-26_002	3140000	0	0	TTAGGG
Peff-26_002	3150000	0	1	TTAGGG
Peff-26_002	3160000	0	0	TTAGGG
Peff-26_002	3170000	0	0	TTAGGG
Peff-26_002	3180000	2	0	TTAGGG
Peff-26_002	3190000	2	0	TTAGGG
Peff-26_002	3200000	0	0	TTAGGG
Peff-26_002	3210000	2	0	TTAGGG
Peff-26_002	3220000	1	0	TTAGGG
Peff-26_002	3230000	2	1	TTAGGG
Peff-26_002	3240000	2	0	TTAGGG
Peff-26_002	3250000	0	0	TTAGGG
Peff-26_002	3260000	0	0	TTAGGG
Peff-26_002	3270000	0	0	TTAGGG
Peff-26_002	3280000	0	0	TTAGGG
Peff-26_002	3290000	0	1	TTAGGG
Peff-26_002	3300000	0	3	TTAGGG
Peff-26_002	3310000	0	0	TTAGGG
Peff-26_002	3320000	2	0	TTAGGG
Peff-26_002	3330000	1	0	TTAGGG
Peff-26_002	3340000	2	1	TTAGGG
Peff-26_002	3350000	2	0	TTAGGG
Peff-26_002	3360000	0	0	TTAGGG
Peff-26_002	3370000	0	1	TTAGGG
Peff-26_002	3380000	1	1	TTAGGG
Peff-26_002	3390000	1	2	TTAGGG
Peff-26_002	3400000	1	0	TTAGGG
Peff-26_002	3410000	2	0	TTAGGG
Peff-26_002	3420000	3	0	TTAGGG
Peff-26_002	3430000	1	0	TTAGGG
Peff-26_002	3440000	2	0	TTAGGG
Peff-26_002	3450000	0	0	TTAGGG
Peff-26_002	3460000	0	0	TTAGGG
Peff-26_002	3470000	1	0	TTAGGG
Peff-26_002	3480000	0	1	TTAGGG
Peff-26_002	3490000	0	0	TTAGGG
Peff-26_002	3500000	1	1	TTAGGG
Peff-26_002	3510000	1	1	TTAGGG
Peff-26_002	3520000	0	2	TTAGGG
Peff-26_002	3530000	0	0	TTAGGG
Peff-26_002	3540000	0	1	TTAGGG
Peff-26_002	3550000	0	0	TTAGGG
Peff-26_002	3560000	1	1	TTAGGG
Peff-26_002	3570000	1	1	TTAGGG
Peff-26_002	3580000	1	2	TTAGGG
Peff-26_002	3590000	2	2	TTAGGG
Peff-26_002	3600000	1	1	TTAGGG
Peff-26_002	3610000	2	1	TTAGGG
Peff-26_002	3620000	3	3	TTAGGG
Peff-26_002	3630000	0	2	TTAGGG
Peff-26_002	3640000	2	0	TTAGGG
Peff-26_002	3650000	0	4	TTAGGG
Peff-26_002	3660000	1	0	TTAGGG
Peff-26_002	3670000	1	0	TTAGGG
Peff-26_002	3680000	2	0	TTAGGG
Peff-26_002	3690000	1	1	TTAGGG
Peff-26_002	3700000	1	1	TTAGGG
Peff-26_002	3710000	0	0	TTAGGG
Peff-26_002	3720000	0	1	TTAGGG
Peff-26_002	3730000	1	0	TTAGGG
Peff-26_002	3740000	1	1	TTAGGG
Peff-26_002	3750000	0	1	TTAGGG
Peff-26_002	3760000	1	0	TTAGGG
Peff-26_002	3770000	0	2	TTAGGG
Peff-26_002	3780000	0	0	TTAGGG
Peff-26_002	3790000	5	1	TTAGGG
Peff-26_002	3800000	1	0	TTAGGG
Peff-26_002	3810000	1	0	TTAGGG
Peff-26_002	3820000	0	0	TTAGGG
Peff-26_002	3830000	0	0	TTAGGG
Peff-26_002	3840000	1	0	TTAGGG
Peff-26_002	3850000	1	1	TTAGGG
Peff-26_002	3860000	1	2	TTAGGG
Peff-26_002	3870000	0	1	TTAGGG
Peff-26_002	3880000	2	0	TTAGGG
Peff-26_002	3890000	0	0	TTAGGG
Peff-26_002	3900000	1	2	TTAGGG
Peff-26_002	3910000	2	2	TTAGGG
Peff-26_002	3920000	0	1	TTAGGG
Peff-26_002	3930000	0	0	TTAGGG
Peff-26_002	3940000	0	2	TTAGGG
Peff-26_002	3950000	1	0	TTAGGG
Peff-26_002	3960000	0	1	TTAGGG
Peff-26_002	3970000	1	1	TTAGGG
Peff-26_002	3980000	1	0	TTAGGG
Peff-26_002	3990000	0	0	TTAGGG
Peff-26_002	4000000	0	2	TTAGGG
Peff-26_002	4010000	0	0	TTAGGG
Peff-26_002	4020000	0	0	TTAGGG
Peff-26_002	4030000	0	0	TTAGGG
Peff-26_002	4040000	0	2	TTAGGG
Peff-26_002	4050000	0	1	TTAGGG
Peff-26_002	4060000	0	0	TTAGGG
Peff-26_002	4070000	1	0	TTAGGG
Peff-26_002	4080000	2	3	TTAGGG
Peff-26_002	4090000	1	0	TTAGGG
Peff-26_002	4100000	1	0	TTAGGG
Peff-26_002	4110000	2	2	TTAGGG
Peff-26_002	4120000	1	2	TTAGGG
Peff-26_002	4130000	1	1	TTAGGG
Peff-26_002	4140000	2	2	TTAGGG
Peff-26_002	4150000	0	0	TTAGGG
Peff-26_002	4160000	0	0	TTAGGG
Peff-26_002	4170000	2	1	TTAGGG
Peff-26_002	4180000	1	2	TTAGGG
Peff-26_002	4190000	1	0	TTAGGG
Peff-26_002	4200000	0	0	TTAGGG
Peff-26_002	4210000	0	0	TTAGGG
Peff-26_002	4220000	2	2	TTAGGG
Peff-26_002	4230000	3	0	TTAGGG
Peff-26_002	4240000	2	0	TTAGGG
Peff-26_002	4250000	0	0	TTAGGG
Peff-26_002	4260000	0	0	TTAGGG
Peff-26_002	4270000	0	0	TTAGGG
Peff-26_002	4280000	0	0	TTAGGG
Peff-26_002	4290000	0	0	TTAGGG
Peff-26_002	4300000	0	0	TTAGGG
Peff-26_002	4310000	0	0	TTAGGG
Peff-26_002	4320000	0	0	TTAGGG
Peff-26_002	4330000	0	0	TTAGGG
Peff-26_002	4340000	0	0	TTAGGG
Peff-26_002	4350000	0	0	TTAGGG
Peff-26_002	4360000	0	0	TTAGGG
Peff-26_002	4370000	0	0	TTAGGG
Peff-26_002	4380000	0	0	TTAGGG
Peff-26_002	4390000	1	0	TTAGGG
Peff-26_002	4400000	1	1	TTAGGG
Peff-26_002	4410000	1	1	TTAGGG
Peff-26_002	4420000	0	0	TTAGGG
Peff-26_002	4430000	0	0	TTAGGG
Peff-26_002	4440000	0	0	TTAGGG
Peff-26_002	4450000	0	0	TTAGGG
Peff-26_002	4460000	0	1	TTAGGG
Peff-26_002	4470000	0	1	TTAGGG
Peff-26_002	4480000	0	0	TTAGGG
Peff-26_002	4490000	0	0	TTAGGG
Peff-26_002	4500000	0	0	TTAGGG
Peff-26_002	4510000	2	3	TTAGGG
Peff-26_002	4520000	3	3	TTAGGG
Peff-26_002	4530000	1	2	TTAGGG
Peff-26_002	4540000	0	1	TTAGGG
Peff-26_002	4550000	0	0	TTAGGG
Peff-26_002	4560000	0	0	TTAGGG
Peff-26_002	4570000	0	2	TTAGGG
Peff-26_002	4580000	2	4	TTAGGG
Peff-26_002	4590000	0	0	TTAGGG
Peff-26_002	4600000	0	1	TTAGGG
Peff-26_002	4610000	2	0	TTAGGG
Peff-26_002	4620000	3	1	TTAGGG
Peff-26_002	4630000	0	0	TTAGGG
Peff-26_002	4640000	0	0	TTAGGG
Peff-26_002	4650000	0	0	TTAGGG
Peff-26_002	4660000	0	0	TTAGGG
Peff-26_002	4670000	0	0	TTAGGG
Peff-26_002	4680000	1	0	TTAGGG
Peff-26_002	4690000	2	0	TTAGGG
Peff-26_002	4700000	0	2	TTAGGG
Peff-26_002	4710000	1	1	TTAGGG
Peff-26_002	4720000	3	3	TTAGGG
Peff-26_002	4730000	1	2	TTAGGG
Peff-26_002	4740000	1	0	TTAGGG
Peff-26_002	4750000	1	1	TTAGGG
Peff-26_002	4760000	2	1	TTAGGG
Peff-26_002	4770000	1	0	TTAGGG
Peff-26_002	4780000	2	0	TTAGGG
Peff-26_002	4790000	0	4	TTAGGG
Peff-26_002	4800000	1	1	TTAGGG
Peff-26_002	4810000	0	1	TTAGGG
Peff-26_002	4820000	1	0	TTAGGG
Peff-26_002	4830000	1	1	TTAGGG
Peff-26_002	4840000	2	2	TTAGGG
Peff-26_002	4850000	0	2	TTAGGG
Peff-26_002	4860000	1	0	TTAGGG
Peff-26_002	4870000	2	2	TTAGGG
Peff-26_002	4880000	2	2	TTAGGG
Peff-26_002	4890000	0	0	TTAGGG
Peff-26_002	4900000	1	3	TTAGGG
Peff-26_002	4910000	3	0	TTAGGG
Peff-26_002	4920000	0	1	TTAGGG
Peff-26_002	4930000	1	1	TTAGGG
Peff-26_002	4940000	3	1	TTAGGG
Peff-26_002	4950000	2	1	TTAGGG
Peff-26_002	4960000	1	1	TTAGGG
Peff-26_002	4970000	0	1	TTAGGG
Peff-26_002	4980000	1	0	TTAGGG
Peff-26_002	4990000	1	0	TTAGGG
Peff-26_002	5000000	0	2	TTAGGG
Peff-26_002	5010000	0	1	TTAGGG
Peff-26_002	5020000	0	1	TTAGGG
Peff-26_002	5030000	3	1	TTAGGG
Peff-26_002	5040000	1	2	TTAGGG
Peff-26_002	5050000	2	3	TTAGGG
Peff-26_002	5060000	0	0	TTAGGG
Peff-26_002	5070000	0	0	TTAGGG
Peff-26_002	5080000	1	0	TTAGGG
Peff-26_002	5090000	2	2	TTAGGG
Peff-26_002	5100000	0	0	TTAGGG
Peff-26_002	5110000	0	2	TTAGGG
Peff-26_002	5120000	0	0	TTAGGG
Peff-26_002	5130000	0	1	TTAGGG
Peff-26_002	5140000	0	2	TTAGGG
Peff-26_002	5150000	0	1	TTAGGG
Peff-26_002	5160000	0	0	TTAGGG
Peff-26_002	5170000	0	0	TTAGGG
Peff-26_002	5180000	2	1	TTAGGG
Peff-26_002	5190000	2	0	TTAGGG
Peff-26_002	5200000	1	0	TTAGGG
Peff-26_002	5210000	0	1	TTAGGG
Peff-26_002	5220000	0	0	TTAGGG
Peff-26_002	5230000	2	0	TTAGGG
Peff-26_002	5240000	0	0	TTAGGG
Peff-26_002	5250000	0	0	TTAGGG
Peff-26_002	5260000	0	0	TTAGGG
Peff-26_002	5270000	1	2	TTAGGG
Peff-26_002	5280000	0	0	TTAGGG
Peff-26_002	5290000	1	1	TTAGGG
Peff-26_002	5300000	2	2	TTAGGG
Peff-26_002	5310000	0	4	TTAGGG
Peff-26_002	5320000	0	3	TTAGGG
Peff-26_002	5330000	0	5	TTAGGG
Peff-26_002	5340000	0	4	TTAGGG
Peff-26_002	5350000	0	1	TTAGGG
Peff-26_002	5360000	0	3	TTAGGG
Peff-26_002	5370000	0	3	TTAGGG
Peff-26_002	5380000	0	0	TTAGGG
Peff-26_002	5390000	0	5	TTAGGG
Peff-26_002	5400000	1	1	TTAGGG
Peff-26_002	5410000	2	1	TTAGGG
Peff-26_002	5420000	0	1	TTAGGG
Peff-26_002	5430000	0	3	TTAGGG
Peff-26_002	5440000	0	1	TTAGGG
Peff-26_002	5450000	0	2	TTAGGG
Peff-26_002	5460000	0	5	TTAGGG
Peff-26_002	5470000	0	4	TTAGGG
Peff-26_002	5480000	0	2	TTAGGG
Peff-26_002	5490000	3	0	TTAGGG
Peff-26_002	5500000	5	0	TTAGGG
Peff-26_002	5510000	0	0	TTAGGG
Peff-26_002	5520000	0	0	TTAGGG
Peff-26_002	5530000	1	1	TTAGGG
Peff-26_002	5540000	0	1	TTAGGG
Peff-26_002	5550000	2	2	TTAGGG
Peff-26_002	5560000	1	1	TTAGGG
Peff-26_002	5570000	0	2	TTAGGG
Peff-26_002	5580000	1	0	TTAGGG
Peff-26_002	5590000	0	0	TTAGGG
Peff-26_002	5600000	0	1	TTAGGG
Peff-26_002	5610000	2	3	TTAGGG
Peff-26_002	5620000	0	0	TTAGGG
Peff-26_002	5630000	0	0	TTAGGG
Peff-26_002	5640000	0	1	TTAGGG
Peff-26_002	5650000	0	1	TTAGGG
Peff-26_002	5660000	0	3	TTAGGG
Peff-26_002	5670000	0	3	TTAGGG
Peff-26_002	5680000	0	1	TTAGGG
Peff-26_002	5690000	1	1	TTAGGG
Peff-26_002	5700000	0	0	TTAGGG
Peff-26_002	5710000	0	1	TTAGGG
Peff-26_002	5720000	2	0	TTAGGG
Peff-26_002	5730000	0	2	TTAGGG
Peff-26_002	5740000	0	0	TTAGGG
Peff-26_002	5750000	0	1	TTAGGG
Peff-26_002	5760000	0	1	TTAGGG
Peff-26_002	5770000	0	1	TTAGGG
Peff-26_002	5780000	0	0	TTAGGG
Peff-26_002	5790000	0	0	TTAGGG
Peff-26_002	5800000	0	1	TTAGGG
Peff-26_002	5810000	1	1	TTAGGG
Peff-26_002	5820000	0	0	TTAGGG
Peff-26_002	5830000	1	1	TTAGGG
Peff-26_002	5840000	0	0	TTAGGG
Peff-26_002	5850000	2	1	TTAGGG
Peff-26_002	5860000	2	0	TTAGGG
Peff-26_002	5870000	1	0	TTAGGG
Peff-26_002	5880000	0	1	TTAGGG
Peff-26_002	5890000	1	1	TTAGGG
Peff-26_002	5900000	1	4	TTAGGG
Peff-26_002	5910000	3	4	TTAGGG
Peff-26_002	5920000	2	1	TTAGGG
Peff-26_002	5930000	2	1	TTAGGG
Peff-26_002	5940000	0	2	TTAGGG
Peff-26_002	5950000	0	2	TTAGGG
Peff-26_002	5960000	1	1	TTAGGG
Peff-26_002	5970000	1	2	TTAGGG
Peff-26_002	5980000	0	0	TTAGGG
Peff-26_002	5990000	1	0	TTAGGG
Peff-26_002	6000000	0	0	TTAGGG
Peff-26_002	6010000	2	1	TTAGGG
Peff-26_002	6020000	1	0	TTAGGG
Peff-26_002	6030000	1	1	TTAGGG
Peff-26_002	6040000	1	0	TTAGGG
Peff-26_002	6050000	2	2	TTAGGG
Peff-26_002	6060000	0	2	TTAGGG
Peff-26_002	6070000	1	2	TTAGGG
Peff-26_002	6080000	4	1	TTAGGG
Peff-26_002	6090000	0	3	TTAGGG
Peff-26_002	6100000	1	0	TTAGGG
Peff-26_002	6110000	0	2	TTAGGG
Peff-26_002	6120000	2	1	TTAGGG
Peff-26_002	6130000	0	2	TTAGGG
Peff-26_002	6140000	1	2	TTAGGG
Peff-26_002	6150000	2	0	TTAGGG
Peff-26_002	6160000	0	0	TTAGGG
Peff-26_002	6170000	1	1	TTAGGG
Peff-26_002	6180000	1	0	TTAGGG
Peff-26_002	6190000	1	0	TTAGGG
Peff-26_002	6200000	1	3	TTAGGG
Peff-26_002	6210000	0	0	TTAGGG
Peff-26_002	6220000	0	0	TTAGGG
Peff-26_002	6230000	1	1	TTAGGG
Peff-26_002	6240000	0	2	TTAGGG
Peff-26_002	6250000	1	3	TTAGGG
Peff-26_002	6260000	0	0	TTAGGG
Peff-26_002	6270000	1	0	TTAGGG
Peff-26_002	6280000	3	0	TTAGGG
Peff-26_002	6290000	2	2	TTAGGG
Peff-26_002	6300000	2	0	TTAGGG
Peff-26_002	6310000	0	1	TTAGGG
Peff-26_002	6320000	2	0	TTAGGG
Peff-26_002	6330000	1	0	TTAGGG
Peff-26_002	6340000	0	0	TTAGGG
Peff-26_002	6350000	5	1	TTAGGG
Peff-26_002	6360000	0	2	TTAGGG
Peff-26_002	6370000	0	1	TTAGGG
Peff-26_002	6380000	1	2	TTAGGG
Peff-26_002	6390000	1	1	TTAGGG
Peff-26_002	6400000	1	0	TTAGGG
Peff-26_002	6410000	1	0	TTAGGG
Peff-26_002	6420000	1	0	TTAGGG
Peff-26_002	6430000	0	0	TTAGGG
Peff-26_002	6440000	1	2	TTAGGG
Peff-26_002	6450000	2	1	TTAGGG
Peff-26_002	6460000	3	1	TTAGGG
Peff-26_002	6470000	1	1	TTAGGG
Peff-26_002	6480000	1	0	TTAGGG
Peff-26_002	6490000	2	1	TTAGGG
Peff-26_002	6500000	0	1	TTAGGG
Peff-26_002	6510000	1	1	TTAGGG
Peff-26_002	6520000	2	1	TTAGGG
Peff-26_002	6530000	1	1	TTAGGG
Peff-26_002	6531719	111	0	TTAGGG
Peff-26_003	10000	1	181	TTAGGG
Peff-26_003	20000	1	1	TTAGGG
Peff-26_003	30000	2	0	TTAGGG
Peff-26_003	40000	0	1	TTAGGG
Peff-26_003	50000	2	0	TTAGGG
Peff-26_003	60000	1	2	TTAGGG
Peff-26_003	70000	0	1	TTAGGG
Peff-26_003	80000	1	1	TTAGGG
Peff-26_003	90000	0	0	TTAGGG
Peff-26_003	100000	0	0	TTAGGG
Peff-26_003	110000	1	0	TTAGGG
Peff-26_003	120000	0	0	TTAGGG
Peff-26_003	130000	0	0	TTAGGG
Peff-26_003	140000	0	0	TTAGGG
Peff-26_003	150000	0	0	TTAGGG
Peff-26_003	160000	0	0	TTAGGG
Peff-26_003	170000	0	0	TTAGGG
Peff-26_003	180000	0	0	TTAGGG
Peff-26_003	190000	0	0	TTAGGG
Peff-26_003	200000	0	0	TTAGGG
Peff-26_003	210000	0	0	TTAGGG
Peff-26_003	220000	0	0	TTAGGG
Peff-26_003	230000	1	0	TTAGGG
Peff-26_003	240000	0	0	TTAGGG
Peff-26_003	250000	2	0	TTAGGG
Peff-26_003	260000	0	1	TTAGGG
Peff-26_003	270000	1	1	TTAGGG
Peff-26_003	280000	0	0	TTAGGG
Peff-26_003	290000	0	0	TTAGGG
Peff-26_003	300000	0	0	TTAGGG
Peff-26_003	310000	0	0	TTAGGG
Peff-26_003	320000	1	1	TTAGGG
Peff-26_003	330000	0	0	TTAGGG
Peff-26_003	340000	0	0	TTAGGG
Peff-26_003	350000	0	0	TTAGGG
Peff-26_003	360000	0	0	TTAGGG
Peff-26_003	370000	0	0	TTAGGG
Peff-26_003	380000	0	0	TTAGGG
Peff-26_003	390000	0	0	TTAGGG
Peff-26_003	400000	0	0	TTAGGG
Peff-26_003	410000	0	0	TTAGGG
Peff-26_003	420000	0	0	TTAGGG
Peff-26_003	430000	0	0	TTAGGG
Peff-26_003	440000	0	0	TTAGGG
Peff-26_003	450000	0	0	TTAGGG
Peff-26_003	460000	0	0	TTAGGG
Peff-26_003	470000	0	0	TTAGGG
Peff-26_003	480000	0	0	TTAGGG
Peff-26_003	490000	0	0	TTAGGG
Peff-26_003	500000	0	0	TTAGGG
Peff-26_003	510000	0	0	TTAGGG
Peff-26_003	520000	0	0	TTAGGG
Peff-26_003	530000	1	0	TTAGGG
Peff-26_003	540000	1	0	TTAGGG
Peff-26_003	550000	0	2	TTAGGG
Peff-26_003	560000	0	1	TTAGGG
Peff-26_003	570000	1	0	TTAGGG
Peff-26_003	580000	2	0	TTAGGG
Peff-26_003	590000	0	0	TTAGGG
Peff-26_003	600000	0	1	TTAGGG
Peff-26_003	610000	0	0	TTAGGG
Peff-26_003	620000	1	1	TTAGGG
Peff-26_003	630000	0	0	TTAGGG
Peff-26_003	640000	2	0	TTAGGG
Peff-26_003	650000	0	1	TTAGGG
Peff-26_003	660000	1	1	TTAGGG
Peff-26_003	670000	1	0	TTAGGG
Peff-26_003	680000	0	0	TTAGGG
Peff-26_003	690000	1	1	TTAGGG
Peff-26_003	700000	0	0	TTAGGG
Peff-26_003	710000	0	1	TTAGGG
Peff-26_003	720000	1	1	TTAGGG
Peff-26_003	730000	0	1	TTAGGG
Peff-26_003	740000	1	0	TTAGGG
Peff-26_003	750000	2	1	TTAGGG
Peff-26_003	760000	1	0	TTAGGG
Peff-26_003	770000	2	0	TTAGGG
Peff-26_003	780000	0	0	TTAGGG
Peff-26_003	790000	0	0	TTAGGG
Peff-26_003	800000	0	0	TTAGGG
Peff-26_003	810000	1	0	TTAGGG
Peff-26_003	820000	2	1	TTAGGG
Peff-26_003	830000	4	1	TTAGGG
Peff-26_003	840000	0	0	TTAGGG
Peff-26_003	850000	4	2	TTAGGG
Peff-26_003	860000	1	0	TTAGGG
Peff-26_003	870000	1	2	TTAGGG
Peff-26_003	880000	1	0	TTAGGG
Peff-26_003	890000	0	1	TTAGGG
Peff-26_003	900000	0	2	TTAGGG
Peff-26_003	910000	0	3	TTAGGG
Peff-26_003	920000	0	3	TTAGGG
Peff-26_003	930000	0	2	TTAGGG
Peff-26_003	940000	1	2	TTAGGG
Peff-26_003	950000	0	1	TTAGGG
Peff-26_003	960000	1	1	TTAGGG
Peff-26_003	970000	0	1	TTAGGG
Peff-26_003	980000	1	1	TTAGGG
Peff-26_003	990000	1	1	TTAGGG
Peff-26_003	1000000	0	1	TTAGGG
Peff-26_003	1010000	0	1	TTAGGG
Peff-26_003	1020000	2	1	TTAGGG
Peff-26_003	1030000	0	2	TTAGGG
Peff-26_003	1040000	1	1	TTAGGG
Peff-26_003	1050000	0	0	TTAGGG
Peff-26_003	1060000	1	0	TTAGGG
Peff-26_003	1070000	1	0	TTAGGG
Peff-26_003	1080000	1	0	TTAGGG
Peff-26_003	1090000	3	2	TTAGGG
Peff-26_003	1100000	0	3	TTAGGG
Peff-26_003	1110000	3	0	TTAGGG
Peff-26_003	1120000	3	1	TTAGGG
Peff-26_003	1130000	1	0	TTAGGG
Peff-26_003	1140000	1	1	TTAGGG
Peff-26_003	1150000	1	0	TTAGGG
Peff-26_003	1160000	3	2	TTAGGG
Peff-26_003	1170000	0	0	TTAGGG
Peff-26_003	1180000	0	0	TTAGGG
Peff-26_003	1190000	0	1	TTAGGG
Peff-26_003	1200000	1	1	TTAGGG
Peff-26_003	1210000	0	0	TTAGGG
Peff-26_003	1220000	1	1	TTAGGG
Peff-26_003	1230000	0	2	TTAGGG
Peff-26_003	1240000	0	0	TTAGGG
Peff-26_003	1250000	0	2	TTAGGG
Peff-26_003	1260000	1	2	TTAGGG
Peff-26_003	1270000	0	1	TTAGGG
Peff-26_003	1280000	0	0	TTAGGG
Peff-26_003	1290000	0	0	TTAGGG
Peff-26_003	1300000	1	1	TTAGGG
Peff-26_003	1310000	3	0	TTAGGG
Peff-26_003	1320000	2	2	TTAGGG
Peff-26_003	1330000	2	0	TTAGGG
Peff-26_003	1340000	0	2	TTAGGG
Peff-26_003	1350000	1	2	TTAGGG
Peff-26_003	1360000	2	0	TTAGGG
Peff-26_003	1370000	2	0	TTAGGG
Peff-26_003	1380000	3	3	TTAGGG
Peff-26_003	1390000	0	1	TTAGGG
Peff-26_003	1400000	1	0	TTAGGG
Peff-26_003	1410000	0	0	TTAGGG
Peff-26_003	1420000	2	0	TTAGGG
Peff-26_003	1430000	2	0	TTAGGG
Peff-26_003	1440000	1	3	TTAGGG
Peff-26_003	1450000	0	1	TTAGGG
Peff-26_003	1460000	0	0	TTAGGG
Peff-26_003	1470000	1	0	TTAGGG
Peff-26_003	1480000	0	0	TTAGGG
Peff-26_003	1490000	0	0	TTAGGG
Peff-26_003	1500000	0	0	TTAGGG
Peff-26_003	1510000	0	0	TTAGGG
Peff-26_003	1520000	0	0	TTAGGG
Peff-26_003	1530000	1	1	TTAGGG
Peff-26_003	1540000	0	1	TTAGGG
Peff-26_003	1550000	2	1	TTAGGG
Peff-26_003	1560000	0	2	TTAGGG
Peff-26_003	1570000	0	1	TTAGGG
Peff-26_003	1580000	1	0	TTAGGG
Peff-26_003	1590000	2	1	TTAGGG
Peff-26_003	1600000	2	0	TTAGGG
Peff-26_003	1610000	0	0	TTAGGG
Peff-26_003	1620000	2	2	TTAGGG
Peff-26_003	1630000	1	0	TTAGGG
Peff-26_003	1640000	2	1	TTAGGG
Peff-26_003	1650000	0	1	TTAGGG
Peff-26_003	1660000	0	1	TTAGGG
Peff-26_003	1670000	1	2	TTAGGG
Peff-26_003	1680000	0	1	TTAGGG
Peff-26_003	1690000	0	0	TTAGGG
Peff-26_003	1700000	1	0	TTAGGG
Peff-26_003	1710000	1	0	TTAGGG
Peff-26_003	1720000	1	0	TTAGGG
Peff-26_003	1730000	0	0	TTAGGG
Peff-26_003	1740000	1	0	TTAGGG
Peff-26_003	1750000	1	1	TTAGGG
Peff-26_003	1760000	0	0	TTAGGG
Peff-26_003	1770000	1	0	TTAGGG
Peff-26_003	1780000	0	1	TTAGGG
Peff-26_003	1790000	0	0	TTAGGG
Peff-26_003	1800000	1	2	TTAGGG
Peff-26_003	1810000	0	0	TTAGGG
Peff-26_003	1820000	1	2	TTAGGG
Peff-26_003	1830000	0	2	TTAGGG
Peff-26_003	1840000	2	0	TTAGGG
Peff-26_003	1850000	0	1	TTAGGG
Peff-26_003	1860000	0	0	TTAGGG
Peff-26_003	1870000	1	1	TTAGGG
Peff-26_003	1880000	1	1	TTAGGG
Peff-26_003	1890000	0	4	TTAGGG
Peff-26_003	1900000	1	0	TTAGGG
Peff-26_003	1910000	0	1	TTAGGG
Peff-26_003	1920000	0	1	TTAGGG
Peff-26_003	1930000	0	1	TTAGGG
Peff-26_003	1940000	1	0	TTAGGG
Peff-26_003	1950000	0	0	TTAGGG
Peff-26_003	1960000	0	0	TTAGGG
Peff-26_003	1970000	0	0	TTAGGG
Peff-26_003	1980000	1	1	TTAGGG
Peff-26_003	1990000	1	0	TTAGGG
Peff-26_003	2000000	0	0	TTAGGG
Peff-26_003	2010000	1	0	TTAGGG
Peff-26_003	2020000	1	0	TTAGGG
Peff-26_003	2030000	1	0	TTAGGG
Peff-26_003	2040000	0	1	TTAGGG
Peff-26_003	2050000	0	1	TTAGGG
Peff-26_003	2060000	1	1	TTAGGG
Peff-26_003	2070000	0	0	TTAGGG
Peff-26_003	2080000	0	0	TTAGGG
Peff-26_003	2090000	0	1	TTAGGG
Peff-26_003	2100000	0	1	TTAGGG
Peff-26_003	2110000	0	1	TTAGGG
Peff-26_003	2120000	0	0	TTAGGG
Peff-26_003	2130000	0	1	TTAGGG
Peff-26_003	2140000	0	0	TTAGGG
Peff-26_003	2150000	1	0	TTAGGG
Peff-26_003	2160000	0	0	TTAGGG
Peff-26_003	2170000	7	0	TTAGGG
Peff-26_003	2180000	4	0	TTAGGG
Peff-26_003	2190000	3	0	TTAGGG
Peff-26_003	2200000	3	0	TTAGGG
Peff-26_003	2210000	5	0	TTAGGG
Peff-26_003	2220000	1	1	TTAGGG
Peff-26_003	2230000	1	0	TTAGGG
Peff-26_003	2240000	0	0	TTAGGG
Peff-26_003	2250000	2	1	TTAGGG
Peff-26_003	2260000	0	1	TTAGGG
Peff-26_003	2270000	0	0	TTAGGG
Peff-26_003	2280000	0	2	TTAGGG
Peff-26_003	2290000	0	0	TTAGGG
Peff-26_003	2300000	0	0	TTAGGG
Peff-26_003	2310000	0	0	TTAGGG
Peff-26_003	2320000	1	1	TTAGGG
Peff-26_003	2330000	2	1	TTAGGG
Peff-26_003	2340000	0	4	TTAGGG
Peff-26_003	2350000	2	3	TTAGGG
Peff-26_003	2360000	2	0	TTAGGG
Peff-26_003	2370000	0	3	TTAGGG
Peff-26_003	2380000	0	0	TTAGGG
Peff-26_003	2390000	0	0	TTAGGG
Peff-26_003	2400000	1	0	TTAGGG
Peff-26_003	2410000	1	0	TTAGGG
Peff-26_003	2420000	0	1	TTAGGG
Peff-26_003	2430000	1	1	TTAGGG
Peff-26_003	2440000	1	0	TTAGGG
Peff-26_003	2450000	1	1	TTAGGG
Peff-26_003	2460000	1	1	TTAGGG
Peff-26_003	2470000	0	0	TTAGGG
Peff-26_003	2480000	0	1	TTAGGG
Peff-26_003	2490000	0	0	TTAGGG
Peff-26_003	2500000	1	1	TTAGGG
Peff-26_003	2510000	2	0	TTAGGG
Peff-26_003	2520000	0	1	TTAGGG
Peff-26_003	2530000	1	0	TTAGGG
Peff-26_003	2540000	1	0	TTAGGG
Peff-26_003	2550000	0	2	TTAGGG
Peff-26_003	2560000	3	0	TTAGGG
Peff-26_003	2570000	0	1	TTAGGG
Peff-26_003	2580000	2	0	TTAGGG
Peff-26_003	2590000	1	0	TTAGGG
Peff-26_003	2600000	0	1	TTAGGG
Peff-26_003	2610000	2	0	TTAGGG
Peff-26_003	2620000	1	0	TTAGGG
Peff-26_003	2630000	1	1	TTAGGG
Peff-26_003	2640000	1	1	TTAGGG
Peff-26_003	2650000	0	0	TTAGGG
Peff-26_003	2660000	0	1	TTAGGG
Peff-26_003	2670000	1	0	TTAGGG
Peff-26_003	2680000	0	1	TTAGGG
Peff-26_003	2690000	2	1	TTAGGG
Peff-26_003	2700000	1	1	TTAGGG
Peff-26_003	2710000	1	0	TTAGGG
Peff-26_003	2720000	2	1	TTAGGG
Peff-26_003	2730000	4	2	TTAGGG
Peff-26_003	2740000	1	2	TTAGGG
Peff-26_003	2750000	1	0	TTAGGG
Peff-26_003	2760000	3	0	TTAGGG
Peff-26_003	2770000	4	1	TTAGGG
Peff-26_003	2780000	0	0	TTAGGG
Peff-26_003	2790000	0	0	TTAGGG
Peff-26_003	2800000	1	1	TTAGGG
Peff-26_003	2810000	0	0	TTAGGG
Peff-26_003	2820000	0	0	TTAGGG
Peff-26_003	2830000	3	1	TTAGGG
Peff-26_003	2840000	3	1	TTAGGG
Peff-26_003	2850000	1	1	TTAGGG
Peff-26_003	2860000	0	1	TTAGGG
Peff-26_003	2870000	1	2	TTAGGG
Peff-26_003	2880000	1	1	TTAGGG
Peff-26_003	2890000	1	1	TTAGGG
Peff-26_003	2900000	1	1	TTAGGG
Peff-26_003	2910000	1	1	TTAGGG
Peff-26_003	2920000	1	1	TTAGGG
Peff-26_003	2930000	1	0	TTAGGG
Peff-26_003	2940000	0	1	TTAGGG
Peff-26_003	2950000	1	1	TTAGGG
Peff-26_003	2960000	0	2	TTAGGG
Peff-26_003	2970000	1	0	TTAGGG
Peff-26_003	2980000	0	1	TTAGGG
Peff-26_003	2990000	0	0	TTAGGG
Peff-26_003	3000000	0	2	TTAGGG
Peff-26_003	3010000	3	3	TTAGGG
Peff-26_003	3020000	2	1	TTAGGG
Peff-26_003	3030000	0	1	TTAGGG
Peff-26_003	3040000	0	0	TTAGGG
Peff-26_003	3050000	0	0	TTAGGG
Peff-26_003	3060000	0	2	TTAGGG
Peff-26_003	3070000	2	0	TTAGGG
Peff-26_003	3080000	1	0	TTAGGG
Peff-26_003	3090000	0	0	TTAGGG
Peff-26_003	3100000	0	1	TTAGGG
Peff-26_003	3110000	0	0	TTAGGG
Peff-26_003	3120000	1	0	TTAGGG
Peff-26_003	3130000	1	0	TTAGGG
Peff-26_003	3140000	0	1	TTAGGG
Peff-26_003	3150000	0	1	TTAGGG
Peff-26_003	3160000	1	0	TTAGGG
Peff-26_003	3170000	2	1	TTAGGG
Peff-26_003	3180000	0	2	TTAGGG
Peff-26_003	3190000	0	1	TTAGGG
Peff-26_003	3200000	0	1	TTAGGG
Peff-26_003	3210000	0	0	TTAGGG
Peff-26_003	3220000	1	0	TTAGGG
Peff-26_003	3230000	1	0	TTAGGG
Peff-26_003	3240000	0	1	TTAGGG
Peff-26_003	3250000	1	1	TTAGGG
Peff-26_003	3260000	2	0	TTAGGG
Peff-26_003	3270000	0	0	TTAGGG
Peff-26_003	3280000	0	0	TTAGGG
Peff-26_003	3290000	0	0	TTAGGG
Peff-26_003	3300000	0	0	TTAGGG
Peff-26_003	3310000	0	0	TTAGGG
Peff-26_003	3320000	0	0	TTAGGG
Peff-26_003	3330000	0	0	TTAGGG
Peff-26_003	3340000	0	0	TTAGGG
Peff-26_003	3350000	0	0	TTAGGG
Peff-26_003	3360000	0	0	TTAGGG
Peff-26_003	3370000	0	0	TTAGGG
Peff-26_003	3380000	0	0	TTAGGG
Peff-26_003	3390000	0	0	TTAGGG
Peff-26_003	3400000	0	0	TTAGGG
Peff-26_003	3410000	0	0	TTAGGG
Peff-26_003	3420000	0	0	TTAGGG
Peff-26_003	3430000	0	0	TTAGGG
Peff-26_003	3440000	0	0	TTAGGG
Peff-26_003	3450000	0	0	TTAGGG
Peff-26_003	3460000	0	0	TTAGGG
Peff-26_003	3470000	0	0	TTAGGG
Peff-26_003	3480000	0	0	TTAGGG
Peff-26_003	3490000	0	0	TTAGGG
Peff-26_003	3500000	0	0	TTAGGG
Peff-26_003	3510000	0	0	TTAGGG
Peff-26_003	3520000	0	0	TTAGGG
Peff-26_003	3530000	0	0	TTAGGG
Peff-26_003	3540000	0	0	TTAGGG
Peff-26_003	3550000	0	0	TTAGGG
Peff-26_003	3560000	0	0	TTAGGG
Peff-26_003	3570000	0	0	TTAGGG
Peff-26_003	3580000	0	1	TTAGGG
Peff-26_003	3590000	0	3	TTAGGG
Peff-26_003	3600000	0	1	TTAGGG
Peff-26_003	3610000	2	2	TTAGGG
Peff-26_003	3620000	2	2	TTAGGG
Peff-26_003	3630000	1	2	TTAGGG
Peff-26_003	3640000	1	1	TTAGGG
Peff-26_003	3650000	0	1	TTAGGG
Peff-26_003	3660000	0	2	TTAGGG
Peff-26_003	3670000	0	0	TTAGGG
Peff-26_003	3680000	1	1	TTAGGG
Peff-26_003	3690000	1	0	TTAGGG
Peff-26_003	3700000	0	0	TTAGGG
Peff-26_003	3710000	1	3	TTAGGG
Peff-26_003	3720000	3	0	TTAGGG
Peff-26_003	3730000	0	1	TTAGGG
Peff-26_003	3740000	2	1	TTAGGG
Peff-26_003	3750000	1	1	TTAGGG
Peff-26_003	3760000	2	0	TTAGGG
Peff-26_003	3770000	0	0	TTAGGG
Peff-26_003	3780000	0	1	TTAGGG
Peff-26_003	3790000	2	0	TTAGGG
Peff-26_003	3800000	1	0	TTAGGG
Peff-26_003	3810000	0	1	TTAGGG
Peff-26_003	3820000	2	0	TTAGGG
Peff-26_003	3830000	1	0	TTAGGG
Peff-26_003	3840000	3	1	TTAGGG
Peff-26_003	3850000	0	0	TTAGGG
Peff-26_003	3860000	0	1	TTAGGG
Peff-26_003	3870000	0	0	TTAGGG
Peff-26_003	3880000	0	0	TTAGGG
Peff-26_003	3890000	0	0	TTAGGG
Peff-26_003	3900000	0	0	TTAGGG
Peff-26_003	3910000	1	2	TTAGGG
Peff-26_003	3920000	0	0	TTAGGG
Peff-26_003	3930000	1	2	TTAGGG
Peff-26_003	3940000	1	0	TTAGGG
Peff-26_003	3950000	0	1	TTAGGG
Peff-26_003	3960000	0	0	TTAGGG
Peff-26_003	3970000	0	0	TTAGGG
Peff-26_003	3980000	1	1	TTAGGG
Peff-26_003	3990000	0	3	TTAGGG
Peff-26_003	4000000	0	1	TTAGGG
Peff-26_003	4010000	0	2	TTAGGG
Peff-26_003	4020000	0	3	TTAGGG
Peff-26_003	4030000	0	0	TTAGGG
Peff-26_003	4040000	0	0	TTAGGG
Peff-26_003	4050000	0	1	TTAGGG
Peff-26_003	4060000	1	0	TTAGGG
Peff-26_003	4070000	1	1	TTAGGG
Peff-26_003	4080000	1	2	TTAGGG
Peff-26_003	4090000	0	0	TTAGGG
Peff-26_003	4100000	2	0	TTAGGG
Peff-26_003	4110000	1	2	TTAGGG
Peff-26_003	4120000	2	3	TTAGGG
Peff-26_003	4130000	1	2	TTAGGG
Peff-26_003	4140000	1	1	TTAGGG
Peff-26_003	4150000	0	2	TTAGGG
Peff-26_003	4160000	1	2	TTAGGG
Peff-26_003	4170000	0	2	TTAGGG
Peff-26_003	4180000	0	1	TTAGGG
Peff-26_003	4190000	1	1	TTAGGG
Peff-26_003	4200000	0	2	TTAGGG
Peff-26_003	4210000	0	3	TTAGGG
Peff-26_003	4220000	2	1	TTAGGG
Peff-26_003	4230000	0	0	TTAGGG
Peff-26_003	4240000	1	0	TTAGGG
Peff-26_003	4250000	0	1	TTAGGG
Peff-26_003	4260000	2	1	TTAGGG
Peff-26_003	4270000	0	1	TTAGGG
Peff-26_003	4280000	1	2	TTAGGG
Peff-26_003	4290000	1	0	TTAGGG
Peff-26_003	4300000	0	2	TTAGGG
Peff-26_003	4310000	1	0	TTAGGG
Peff-26_003	4320000	1	2	TTAGGG
Peff-26_003	4330000	0	1	TTAGGG
Peff-26_003	4340000	0	2	TTAGGG
Peff-26_003	4350000	1	1	TTAGGG
Peff-26_003	4360000	0	0	TTAGGG
Peff-26_003	4370000	0	2	TTAGGG
Peff-26_003	4380000	1	1	TTAGGG
Peff-26_003	4390000	0	1	TTAGGG
Peff-26_003	4400000	1	2	TTAGGG
Peff-26_003	4410000	0	0	TTAGGG
Peff-26_003	4420000	0	0	TTAGGG
Peff-26_003	4430000	3	4	TTAGGG
Peff-26_003	4440000	0	0	TTAGGG
Peff-26_003	4450000	0	0	TTAGGG
Peff-26_003	4460000	0	0	TTAGGG
Peff-26_003	4470000	1	1	TTAGGG
Peff-26_003	4480000	2	1	TTAGGG
Peff-26_003	4490000	0	2	TTAGGG
Peff-26_003	4500000	1	0	TTAGGG
Peff-26_003	4510000	1	0	TTAGGG
Peff-26_003	4520000	0	2	TTAGGG
Peff-26_003	4530000	1	1	TTAGGG
Peff-26_003	4540000	1	0	TTAGGG
Peff-26_003	4550000	0	5	TTAGGG
Peff-26_003	4560000	2	6	TTAGGG
Peff-26_003	4566450	89	1	TTAGGG
Peff-26_004	10000	0	84	TTAGGG
Peff-26_004	20000	0	0	TTAGGG
Peff-26_004	30000	0	0	TTAGGG
Peff-26_004	40000	2	0	TTAGGG
Peff-26_004	50000	0	0	TTAGGG
Peff-26_004	60000	0	5	TTAGGG
Peff-26_004	70000	0	1	TTAGGG
Peff-26_004	80000	0	5	TTAGGG
Peff-26_004	90000	0	0	TTAGGG
Peff-26_004	100000	0	0	TTAGGG
Peff-26_004	110000	0	2	TTAGGG
Peff-26_004	120000	0	1	TTAGGG
Peff-26_004	130000	0	0	TTAGGG
Peff-26_004	140000	0	0	TTAGGG
Peff-26_004	150000	2	0	TTAGGG
Peff-26_004	160000	1	0	TTAGGG
Peff-26_004	170000	0	5	TTAGGG
Peff-26_004	180000	0	4	TTAGGG
Peff-26_004	190000	0	1	TTAGGG
Peff-26_004	200000	0	0	TTAGGG
Peff-26_004	210000	0	1	TTAGGG
Peff-26_004	220000	0	3	TTAGGG
Peff-26_004	230000	0	0	TTAGGG
Peff-26_004	240000	0	0	TTAGGG
Peff-26_004	250000	2	0	TTAGGG
Peff-26_004	260000	1	0	TTAGGG
Peff-26_004	270000	0	10	TTAGGG
Peff-26_004	280000	0	2	TTAGGG
Peff-26_004	290000	2	0	TTAGGG
Peff-26_004	300000	0	2	TTAGGG
Peff-26_004	310000	1	2	TTAGGG
Peff-26_004	320000	0	0	TTAGGG
Peff-26_004	330000	1	2	TTAGGG
Peff-26_004	340000	0	0	TTAGGG
Peff-26_004	350000	1	1	TTAGGG
Peff-26_004	360000	0	1	TTAGGG
Peff-26_004	370000	1	0	TTAGGG
Peff-26_004	380000	1	1	TTAGGG
Peff-26_004	390000	0	0	TTAGGG
Peff-26_004	400000	0	2	TTAGGG
Peff-26_004	410000	3	0	TTAGGG
Peff-26_004	420000	1	0	TTAGGG
Peff-26_004	430000	0	1	TTAGGG
Peff-26_004	440000	1	1	TTAGGG
Peff-26_004	450000	1	0	TTAGGG
Peff-26_004	460000	0	1	TTAGGG
Peff-26_004	470000	0	1	TTAGGG
Peff-26_004	480000	1	0	TTAGGG
Peff-26_004	490000	1	0	TTAGGG
Peff-26_004	500000	0	0	TTAGGG
Peff-26_004	510000	0	1	TTAGGG
Peff-26_004	520000	1	1	TTAGGG
Peff-26_004	530000	0	0	TTAGGG
Peff-26_004	540000	0	0	TTAGGG
Peff-26_004	550000	1	0	TTAGGG
Peff-26_004	560000	2	1	TTAGGG
Peff-26_004	570000	1	1	TTAGGG
Peff-26_004	580000	0	2	TTAGGG
Peff-26_004	590000	0	1	TTAGGG
Peff-26_004	600000	0	0	TTAGGG
Peff-26_004	610000	1	0	TTAGGG
Peff-26_004	620000	1	0	TTAGGG
Peff-26_004	630000	0	0	TTAGGG
Peff-26_004	640000	0	0	TTAGGG
Peff-26_004	650000	0	1	TTAGGG
Peff-26_004	660000	0	0	TTAGGG
Peff-26_004	670000	0	1	TTAGGG
Peff-26_004	680000	0	2	TTAGGG
Peff-26_004	690000	0	1	TTAGGG
Peff-26_004	700000	0	0	TTAGGG
Peff-26_004	710000	2	2	TTAGGG
Peff-26_004	720000	3	2	TTAGGG
Peff-26_004	730000	0	2	TTAGGG
Peff-26_004	740000	0	2	TTAGGG
Peff-26_004	750000	2	1	TTAGGG
Peff-26_004	760000	1	0	TTAGGG
Peff-26_004	770000	1	0	TTAGGG
Peff-26_004	780000	1	0	TTAGGG
Peff-26_004	790000	0	2	TTAGGG
Peff-26_004	800000	0	0	TTAGGG
Peff-26_004	810000	0	1	TTAGGG
Peff-26_004	820000	0	1	TTAGGG
Peff-26_004	830000	0	0	TTAGGG
Peff-26_004	840000	0	0	TTAGGG
Peff-26_004	850000	1	1	TTAGGG
Peff-26_004	860000	0	0	TTAGGG
Peff-26_004	870000	0	2	TTAGGG
Peff-26_004	880000	0	0	TTAGGG
Peff-26_004	890000	1	0	TTAGGG
Peff-26_004	900000	1	0	TTAGGG
Peff-26_004	910000	0	0	TTAGGG
Peff-26_004	920000	0	0	TTAGGG
Peff-26_004	930000	0	0	TTAGGG
Peff-26_004	940000	0	0	TTAGGG
Peff-26_004	950000	0	0	TTAGGG
Peff-26_004	960000	1	0	TTAGGG
Peff-26_004	970000	0	0	TTAGGG
Peff-26_004	980000	0	2	TTAGGG
Peff-26_004	990000	1	0	TTAGGG
Peff-26_004	1000000	2	1	TTAGGG
Peff-26_004	1010000	0	0	TTAGGG
Peff-26_004	1020000	1	1	TTAGGG
Peff-26_004	1030000	1	0	TTAGGG
Peff-26_004	1040000	0	0	TTAGGG
Peff-26_004	1050000	0	0	TTAGGG
Peff-26_004	1060000	0	0	TTAGGG
Peff-26_004	1070000	1	0	TTAGGG
Peff-26_004	1080000	1	0	TTAGGG
Peff-26_004	1090000	0	1	TTAGGG
Peff-26_004	1100000	0	2	TTAGGG
Peff-26_004	1110000	0	3	TTAGGG
Peff-26_004	1120000	1	0	TTAGGG
Peff-26_004	1130000	0	0	TTAGGG
Peff-26_004	1140000	1	1	TTAGGG
Peff-26_004	1150000	2	0	TTAGGG
Peff-26_004	1160000	3	2	TTAGGG
Peff-26_004	1170000	0	3	TTAGGG
Peff-26_004	1180000	1	0	TTAGGG
Peff-26_004	1190000	0	1	TTAGGG
Peff-26_004	1200000	0	1	TTAGGG
Peff-26_004	1210000	1	0	TTAGGG
Peff-26_004	1220000	1	2	TTAGGG
Peff-26_004	1230000	1	1	TTAGGG
Peff-26_004	1240000	1	2	TTAGGG
Peff-26_004	1250000	1	1	TTAGGG
Peff-26_004	1260000	0	0	TTAGGG
Peff-26_004	1270000	0	1	TTAGGG
Peff-26_004	1280000	0	0	TTAGGG
Peff-26_004	1290000	0	0	TTAGGG
Peff-26_004	1300000	0	0	TTAGGG
Peff-26_004	1310000	1	1	TTAGGG
Peff-26_004	1320000	2	0	TTAGGG
Peff-26_004	1330000	1	2	TTAGGG
Peff-26_004	1340000	0	5	TTAGGG
Peff-26_004	1350000	0	8	TTAGGG
Peff-26_004	1360000	0	9	TTAGGG
Peff-26_004	1370000	0	10	TTAGGG
Peff-26_004	1380000	0	6	TTAGGG
Peff-26_004	1390000	0	8	TTAGGG
Peff-26_004	1400000	0	8	TTAGGG
Peff-26_004	1410000	0	7	TTAGGG
Peff-26_004	1420000	0	9	TTAGGG
Peff-26_004	1430000	0	4	TTAGGG
Peff-26_004	1440000	0	0	TTAGGG
Peff-26_004	1450000	0	0	TTAGGG
Peff-26_004	1460000	2	1	TTAGGG
Peff-26_004	1470000	0	0	TTAGGG
Peff-26_004	1480000	0	0	TTAGGG
Peff-26_004	1490000	1	1	TTAGGG
Peff-26_004	1500000	0	0	TTAGGG
Peff-26_004	1510000	0	0	TTAGGG
Peff-26_004	1520000	0	1	TTAGGG
Peff-26_004	1530000	1	0	TTAGGG
Peff-26_004	1540000	0	0	TTAGGG
Peff-26_004	1550000	0	0	TTAGGG
Peff-26_004	1560000	3	0	TTAGGG
Peff-26_004	1570000	0	3	TTAGGG
Peff-26_004	1580000	0	1	TTAGGG
Peff-26_004	1590000	0	0	TTAGGG
Peff-26_004	1600000	2	0	TTAGGG
Peff-26_004	1610000	1	1	TTAGGG
Peff-26_004	1620000	2	0	TTAGGG
Peff-26_004	1630000	2	0	TTAGGG
Peff-26_004	1640000	0	0	TTAGGG
Peff-26_004	1650000	1	0	TTAGGG
Peff-26_004	1660000	0	0	TTAGGG
Peff-26_004	1670000	1	1	TTAGGG
Peff-26_004	1680000	0	0	TTAGGG
Peff-26_004	1690000	1	0	TTAGGG
Peff-26_004	1700000	5	2	TTAGGG
Peff-26_004	1710000	0	0	TTAGGG
Peff-26_004	1720000	1	0	TTAGGG
Peff-26_004	1730000	1	0	TTAGGG
Peff-26_004	1740000	0	0	TTAGGG
Peff-26_004	1750000	0	2	TTAGGG
Peff-26_004	1760000	2	0	TTAGGG
Peff-26_004	1770000	0	1	TTAGGG
Peff-26_004	1780000	0	1	TTAGGG
Peff-26_004	1790000	0	0	TTAGGG
Peff-26_004	1800000	1	1	TTAGGG
Peff-26_004	1810000	2	0	TTAGGG
Peff-26_004	1820000	4	6	TTAGGG
Peff-26_004	1830000	2	0	TTAGGG
Peff-26_004	1840000	8	0	TTAGGG
Peff-26_004	1850000	9	0	TTAGGG
Peff-26_004	1860000	3	1	TTAGGG
Peff-26_004	1870000	2	1	TTAGGG
Peff-26_004	1880000	1	3	TTAGGG
Peff-26_004	1890000	2	0	TTAGGG
Peff-26_004	1900000	1	1	TTAGGG
Peff-26_004	1910000	0	1	TTAGGG
Peff-26_004	1920000	1	2	TTAGGG
Peff-26_004	1930000	0	1	TTAGGG
Peff-26_004	1940000	3	0	TTAGGG
Peff-26_004	1950000	2	0	TTAGGG
Peff-26_004	1960000	2	0	TTAGGG
Peff-26_004	1970000	2	0	TTAGGG
Peff-26_004	1980000	0	0	TTAGGG
Peff-26_004	1990000	3	0	TTAGGG
Peff-26_004	2000000	0	0	TTAGGG
Peff-26_004	2010000	5	0	TTAGGG
Peff-26_004	2020000	1	0	TTAGGG
Peff-26_004	2030000	2	1	TTAGGG
Peff-26_004	2040000	3	0	TTAGGG
Peff-26_004	2050000	0	0	TTAGGG
Peff-26_004	2060000	0	0	TTAGGG
Peff-26_004	2070000	0	0	TTAGGG
Peff-26_004	2080000	0	0	TTAGGG
Peff-26_004	2090000	0	0	TTAGGG
Peff-26_004	2100000	0	0	TTAGGG
Peff-26_004	2110000	0	0	TTAGGG
Peff-26_004	2120000	3	0	TTAGGG
Peff-26_004	2130000	1	0	TTAGGG
Peff-26_004	2140000	0	0	TTAGGG
Peff-26_004	2150000	0	0	TTAGGG
Peff-26_004	2160000	0	0	TTAGGG
Peff-26_004	2170000	0	0	TTAGGG
Peff-26_004	2180000	0	0	TTAGGG
Peff-26_004	2190000	0	0	TTAGGG
Peff-26_004	2200000	0	0	TTAGGG
Peff-26_004	2210000	3	1	TTAGGG
Peff-26_004	2220000	1	0	TTAGGG
Peff-26_004	2230000	1	0	TTAGGG
Peff-26_004	2240000	0	1	TTAGGG
Peff-26_004	2250000	0	3	TTAGGG
Peff-26_004	2260000	0	0	TTAGGG
Peff-26_004	2270000	3	0	TTAGGG
Peff-26_004	2280000	1	2	TTAGGG
Peff-26_004	2290000	1	3	TTAGGG
Peff-26_004	2300000	2	0	TTAGGG
Peff-26_004	2310000	1	1	TTAGGG
Peff-26_004	2320000	0	1	TTAGGG
Peff-26_004	2330000	1	0	TTAGGG
Peff-26_004	2340000	0	1	TTAGGG
Peff-26_004	2350000	1	1	TTAGGG
Peff-26_004	2360000	1	1	TTAGGG
Peff-26_004	2370000	0	1	TTAGGG
Peff-26_004	2380000	1	1	TTAGGG
Peff-26_004	2390000	1	0	TTAGGG
Peff-26_004	2400000	0	1	TTAGGG
Peff-26_004	2410000	0	1	TTAGGG
Peff-26_004	2420000	0	1	TTAGGG
Peff-26_004	2430000	1	2	TTAGGG
Peff-26_004	2440000	0	2	TTAGGG
Peff-26_004	2450000	2	5	TTAGGG
Peff-26_004	2460000	1	1	TTAGGG
Peff-26_004	2470000	2	0	TTAGGG
Peff-26_004	2480000	0	1	TTAGGG
Peff-26_004	2490000	0	2	TTAGGG
Peff-26_004	2500000	3	6	TTAGGG
Peff-26_004	2510000	1	2	TTAGGG
Peff-26_004	2520000	0	0	TTAGGG
Peff-26_004	2530000	1	0	TTAGGG
Peff-26_004	2540000	5	1	TTAGGG
Peff-26_004	2550000	2	3	TTAGGG
Peff-26_004	2560000	0	0	TTAGGG
Peff-26_004	2570000	1	3	TTAGGG
Peff-26_004	2580000	1	1	TTAGGG
Peff-26_004	2590000	3	1	TTAGGG
Peff-26_004	2600000	0	2	TTAGGG
Peff-26_004	2610000	2	4	TTAGGG
Peff-26_004	2620000	1	0	TTAGGG
Peff-26_004	2630000	1	0	TTAGGG
Peff-26_004	2640000	0	0	TTAGGG
Peff-26_004	2650000	2	1	TTAGGG
Peff-26_004	2660000	0	0	TTAGGG
Peff-26_004	2670000	1	0	TTAGGG
Peff-26_004	2680000	0	0	TTAGGG
Peff-26_004	2690000	1	1	TTAGGG
Peff-26_004	2700000	0	3	TTAGGG
Peff-26_004	2710000	0	0	TTAGGG
Peff-26_004	2720000	3	0	TTAGGG
Peff-26_004	2730000	3	0	TTAGGG
Peff-26_004	2740000	2	1	TTAGGG
Peff-26_004	2750000	0	1	TTAGGG
Peff-26_004	2760000	0	0	TTAGGG
Peff-26_004	2770000	0	0	TTAGGG
Peff-26_004	2780000	0	2	TTAGGG
Peff-26_004	2790000	0	0	TTAGGG
Peff-26_004	2800000	1	0	TTAGGG
Peff-26_004	2810000	0	1	TTAGGG
Peff-26_004	2820000	0	0	TTAGGG
Peff-26_004	2830000	1	0	TTAGGG
Peff-26_004	2840000	1	0	TTAGGG
Peff-26_004	2850000	0	0	TTAGGG
Peff-26_004	2860000	0	2	TTAGGG
Peff-26_004	2870000	1	0	TTAGGG
Peff-26_004	2880000	0	0	TTAGGG
Peff-26_004	2890000	1	1	TTAGGG
Peff-26_004	2900000	0	0	TTAGGG
Peff-26_004	2910000	0	2	TTAGGG
Peff-26_004	2920000	0	1	TTAGGG
Peff-26_004	2930000	0	1	TTAGGG
Peff-26_004	2940000	0	0	TTAGGG
Peff-26_004	2950000	0	0	TTAGGG
Peff-26_004	2960000	2	0	TTAGGG
Peff-26_004	2970000	0	1	TTAGGG
Peff-26_004	2980000	1	0	TTAGGG
Peff-26_004	2990000	2	0	TTAGGG
Peff-26_004	3000000	2	2	TTAGGG
Peff-26_004	3010000	2	2	TTAGGG
Peff-26_004	3020000	2	0	TTAGGG
Peff-26_004	3030000	1	2	TTAGGG
Peff-26_004	3040000	1	1	TTAGGG
Peff-26_004	3050000	0	0	TTAGGG
Peff-26_004	3060000	1	0	TTAGGG
Peff-26_004	3070000	2	0	TTAGGG
Peff-26_004	3080000	0	1	TTAGGG
Peff-26_004	3090000	1	3	TTAGGG
Peff-26_004	3100000	0	2	TTAGGG
Peff-26_004	3110000	2	0	TTAGGG
Peff-26_004	3120000	0	1	TTAGGG
Peff-26_004	3130000	0	1	TTAGGG
Peff-26_004	3140000	1	1	TTAGGG
Peff-26_004	3150000	1	0	TTAGGG
Peff-26_004	3160000	2	0	TTAGGG
Peff-26_004	3170000	1	2	TTAGGG
Peff-26_004	3180000	0	0	TTAGGG
Peff-26_004	3190000	1	0	TTAGGG
Peff-26_004	3200000	0	0	TTAGGG
Peff-26_004	3210000	0	0	TTAGGG
Peff-26_004	3220000	2	2	TTAGGG
Peff-26_004	3230000	1	2	TTAGGG
Peff-26_004	3240000	1	0	TTAGGG
Peff-26_004	3250000	1	0	TTAGGG
Peff-26_004	3260000	1	1	TTAGGG
Peff-26_004	3270000	1	3	TTAGGG
Peff-26_004	3280000	2	1	TTAGGG
Peff-26_004	3290000	0	0	TTAGGG
Peff-26_004	3300000	1	1	TTAGGG
Peff-26_004	3310000	1	6	TTAGGG
Peff-26_004	3320000	1	0	TTAGGG
Peff-26_004	3330000	2	0	TTAGGG
Peff-26_004	3340000	1	0	TTAGGG
Peff-26_004	3350000	0	1	TTAGGG
Peff-26_004	3360000	0	0	TTAGGG
Peff-26_004	3370000	0	0	TTAGGG
Peff-26_004	3380000	1	0	TTAGGG
Peff-26_004	3390000	1	3	TTAGGG
Peff-26_004	3400000	1	1	TTAGGG
Peff-26_004	3410000	1	2	TTAGGG
Peff-26_004	3420000	2	1	TTAGGG
Peff-26_004	3430000	1	6	TTAGGG
Peff-26_004	3440000	2	0	TTAGGG
Peff-26_004	3450000	0	0	TTAGGG
Peff-26_004	3460000	0	0	TTAGGG
Peff-26_004	3470000	1	1	TTAGGG
Peff-26_004	3480000	0	0	TTAGGG
Peff-26_004	3490000	2	0	TTAGGG
Peff-26_004	3500000	2	0	TTAGGG
Peff-26_004	3510000	3	0	TTAGGG
Peff-26_004	3520000	0	2	TTAGGG
Peff-26_004	3530000	2	0	TTAGGG
Peff-26_004	3540000	2	0	TTAGGG
Peff-26_004	3550000	0	0	TTAGGG
Peff-26_004	3560000	0	0	TTAGGG
Peff-26_004	3570000	0	0	TTAGGG
Peff-26_004	3580000	0	0	TTAGGG
Peff-26_004	3590000	0	0	TTAGGG
Peff-26_004	3600000	0	0	TTAGGG
Peff-26_004	3610000	0	0	TTAGGG
Peff-26_004	3620000	0	0	TTAGGG
Peff-26_004	3630000	0	0	TTAGGG
Peff-26_004	3640000	0	0	TTAGGG
Peff-26_004	3650000	0	0	TTAGGG
Peff-26_004	3660000	0	0	TTAGGG
Peff-26_004	3670000	0	0	TTAGGG
Peff-26_004	3680000	0	0	TTAGGG
Peff-26_004	3690000	0	0	TTAGGG
Peff-26_004	3700000	0	0	TTAGGG
Peff-26_004	3710000	0	0	TTAGGG
Peff-26_004	3720000	0	0	TTAGGG
Peff-26_004	3730000	0	0	TTAGGG
Peff-26_004	3740000	0	0	TTAGGG
Peff-26_004	3750000	0	0	TTAGGG
Peff-26_004	3760000	0	0	TTAGGG
Peff-26_004	3770000	0	0	TTAGGG
Peff-26_004	3780000	0	0	TTAGGG
Peff-26_004	3790000	0	0	TTAGGG
Peff-26_004	3800000	0	0	TTAGGG
Peff-26_004	3810000	0	1	TTAGGG
Peff-26_004	3820000	0	1	TTAGGG
Peff-26_004	3830000	1	0	TTAGGG
Peff-26_004	3840000	0	1	TTAGGG
Peff-26_004	3850000	0	0	TTAGGG
Peff-26_004	3860000	0	0	TTAGGG
Peff-26_004	3870000	1	1	TTAGGG
Peff-26_004	3880000	0	3	TTAGGG
Peff-26_004	3890000	1	1	TTAGGG
Peff-26_004	3900000	0	0	TTAGGG
Peff-26_004	3910000	1	1	TTAGGG
Peff-26_004	3920000	1	0	TTAGGG
Peff-26_004	3930000	3	0	TTAGGG
Peff-26_004	3940000	0	0	TTAGGG
Peff-26_004	3950000	1	3	TTAGGG
Peff-26_004	3960000	0	1	TTAGGG
Peff-26_004	3970000	3	1	TTAGGG
Peff-26_004	3980000	2	0	TTAGGG
Peff-26_004	3990000	0	2	TTAGGG
Peff-26_004	4000000	1	0	TTAGGG
Peff-26_004	4010000	0	1	TTAGGG
Peff-26_004	4020000	0	1	TTAGGG
Peff-26_004	4030000	2	0	TTAGGG
Peff-26_004	4040000	2	0	TTAGGG
Peff-26_004	4050000	0	0	TTAGGG
Peff-26_004	4060000	0	0	TTAGGG
Peff-26_004	4070000	0	2	TTAGGG
Peff-26_004	4080000	0	0	TTAGGG
Peff-26_004	4090000	1	0	TTAGGG
Peff-26_004	4100000	0	1	TTAGGG
Peff-26_004	4110000	1	2	TTAGGG
Peff-26_004	4120000	0	2	TTAGGG
Peff-26_004	4130000	1	1	TTAGGG
Peff-26_004	4140000	3	0	TTAGGG
Peff-26_004	4150000	2	0	TTAGGG
Peff-26_004	4160000	1	0	TTAGGG
Peff-26_004	4170000	1	1	TTAGGG
Peff-26_004	4180000	1	0	TTAGGG
Peff-26_004	4190000	0	1	TTAGGG
Peff-26_004	4199191	116	0	TTAGGG
Peff-26_005	10000	2	2	TTAGGG
Peff-26_005	20000	1	3	TTAGGG
Peff-26_005	30000	0	1	TTAGGG
Peff-26_005	40000	1	2	TTAGGG
Peff-26_005	50000	2	1	TTAGGG
Peff-26_005	60000	2	1	TTAGGG
Peff-26_005	70000	0	0	TTAGGG
Peff-26_005	80000	1	0	TTAGGG
Peff-26_005	90000	0	1	TTAGGG
Peff-26_005	100000	1	3	TTAGGG
Peff-26_005	110000	1	1	TTAGGG
Peff-26_005	120000	1	0	TTAGGG
Peff-26_005	130000	2	0	TTAGGG
Peff-26_005	140000	0	0	TTAGGG
Peff-26_005	150000	1	0	TTAGGG
Peff-26_005	160000	0	1	TTAGGG
Peff-26_005	170000	1	1	TTAGGG
Peff-26_005	180000	3	4	TTAGGG
Peff-26_005	190000	0	1	TTAGGG
Peff-26_005	200000	0	0	TTAGGG
Peff-26_005	210000	0	0	TTAGGG
Peff-26_005	220000	0	0	TTAGGG
Peff-26_005	230000	0	0	TTAGGG
Peff-26_005	240000	0	0	TTAGGG
Peff-26_005	250000	0	2	TTAGGG
Peff-26_005	260000	2	0	TTAGGG
Peff-26_005	270000	0	0	TTAGGG
Peff-26_005	280000	0	0	TTAGGG
Peff-26_005	290000	1	0	TTAGGG
Peff-26_005	300000	0	0	TTAGGG
Peff-26_005	310000	1	2	TTAGGG
Peff-26_005	320000	0	0	TTAGGG
Peff-26_005	330000	0	0	TTAGGG
Peff-26_005	340000	0	0	TTAGGG
Peff-26_005	350000	0	0	TTAGGG
Peff-26_005	360000	0	0	TTAGGG
Peff-26_005	370000	0	0	TTAGGG
Peff-26_005	380000	1	0	TTAGGG
Peff-26_005	390000	1	1	TTAGGG
Peff-26_005	400000	3	0	TTAGGG
Peff-26_005	410000	1	0	TTAGGG
Peff-26_005	420000	0	1	TTAGGG
Peff-26_005	430000	2	0	TTAGGG
Peff-26_005	440000	0	0	TTAGGG
Peff-26_005	450000	2	0	TTAGGG
Peff-26_005	460000	0	0	TTAGGG
Peff-26_005	470000	0	0	TTAGGG
Peff-26_005	480000	2	1	TTAGGG
Peff-26_005	490000	2	0	TTAGGG
Peff-26_005	500000	3	0	TTAGGG
Peff-26_005	510000	1	0	TTAGGG
Peff-26_005	520000	3	0	TTAGGG
Peff-26_005	530000	0	0	TTAGGG
Peff-26_005	540000	0	1	TTAGGG
Peff-26_005	550000	1	1	TTAGGG
Peff-26_005	560000	0	0	TTAGGG
Peff-26_005	570000	2	0	TTAGGG
Peff-26_005	580000	0	1	TTAGGG
Peff-26_005	590000	0	2	TTAGGG
Peff-26_005	600000	1	1	TTAGGG
Peff-26_005	610000	0	0	TTAGGG
Peff-26_005	620000	0	1	TTAGGG
Peff-26_005	630000	0	0	TTAGGG
Peff-26_005	640000	0	0	TTAGGG
Peff-26_005	650000	1	1	TTAGGG
Peff-26_005	660000	2	0	TTAGGG
Peff-26_005	670000	2	1	TTAGGG
Peff-26_005	680000	2	0	TTAGGG
Peff-26_005	690000	4	1	TTAGGG
Peff-26_005	700000	1	1	TTAGGG
Peff-26_005	710000	0	0	TTAGGG
Peff-26_005	720000	0	1	TTAGGG
Peff-26_005	730000	0	0	TTAGGG
Peff-26_005	740000	0	0	TTAGGG
Peff-26_005	750000	1	2	TTAGGG
Peff-26_005	760000	1	0	TTAGGG
Peff-26_005	770000	0	1	TTAGGG
Peff-26_005	780000	1	0	TTAGGG
Peff-26_005	790000	2	1	TTAGGG
Peff-26_005	800000	1	1	TTAGGG
Peff-26_005	810000	2	1	TTAGGG
Peff-26_005	820000	1	3	TTAGGG
Peff-26_005	830000	0	2	TTAGGG
Peff-26_005	840000	0	0	TTAGGG
Peff-26_005	850000	1	0	TTAGGG
Peff-26_005	860000	0	3	TTAGGG
Peff-26_005	870000	0	0	TTAGGG
Peff-26_005	880000	2	1	TTAGGG
Peff-26_005	890000	2	0	TTAGGG
Peff-26_005	900000	1	1	TTAGGG
Peff-26_005	910000	2	1	TTAGGG
Peff-26_005	920000	2	0	TTAGGG
Peff-26_005	930000	0	0	TTAGGG
Peff-26_005	940000	0	0	TTAGGG
Peff-26_005	950000	0	0	TTAGGG
Peff-26_005	960000	1	2	TTAGGG
Peff-26_005	970000	2	3	TTAGGG
Peff-26_005	980000	0	0	TTAGGG
Peff-26_005	990000	0	3	TTAGGG
Peff-26_005	1000000	0	0	TTAGGG
Peff-26_005	1010000	1	2	TTAGGG
Peff-26_005	1020000	1	2	TTAGGG
Peff-26_005	1030000	1	1	TTAGGG
Peff-26_005	1040000	0	1	TTAGGG
Peff-26_005	1050000	0	0	TTAGGG
Peff-26_005	1060000	0	0	TTAGGG
Peff-26_005	1070000	0	0	TTAGGG
Peff-26_005	1080000	2	0	TTAGGG
Peff-26_005	1090000	1	2	TTAGGG
Peff-26_005	1100000	1	3	TTAGGG
Peff-26_005	1110000	0	1	TTAGGG
Peff-26_005	1120000	0	1	TTAGGG
Peff-26_005	1130000	0	4	TTAGGG
Peff-26_005	1140000	1	0	TTAGGG
Peff-26_005	1150000	0	0	TTAGGG
Peff-26_005	1160000	1	1	TTAGGG
Peff-26_005	1170000	1	0	TTAGGG
Peff-26_005	1180000	0	2	TTAGGG
Peff-26_005	1190000	1	0	TTAGGG
Peff-26_005	1200000	2	1	TTAGGG
Peff-26_005	1210000	3	0	TTAGGG
Peff-26_005	1220000	0	0	TTAGGG
Peff-26_005	1230000	1	1	TTAGGG
Peff-26_005	1240000	0	0	TTAGGG
Peff-26_005	1250000	0	0	TTAGGG
Peff-26_005	1260000	0	2	TTAGGG
Peff-26_005	1270000	1	1	TTAGGG
Peff-26_005	1280000	2	1	TTAGGG
Peff-26_005	1290000	3	2	TTAGGG
Peff-26_005	1300000	1	2	TTAGGG
Peff-26_005	1310000	1	1	TTAGGG
Peff-26_005	1320000	2	0	TTAGGG
Peff-26_005	1330000	1	3	TTAGGG
Peff-26_005	1340000	3	1	TTAGGG
Peff-26_005	1350000	2	2	TTAGGG
Peff-26_005	1360000	2	2	TTAGGG
Peff-26_005	1370000	2	2	TTAGGG
Peff-26_005	1380000	0	0	TTAGGG
Peff-26_005	1390000	0	1	TTAGGG
Peff-26_005	1400000	2	0	TTAGGG
Peff-26_005	1410000	1	1	TTAGGG
Peff-26_005	1420000	1	1	TTAGGG
Peff-26_005	1430000	0	0	TTAGGG
Peff-26_005	1440000	0	0	TTAGGG
Peff-26_005	1450000	1	1	TTAGGG
Peff-26_005	1460000	1	0	TTAGGG
Peff-26_005	1470000	2	1	TTAGGG
Peff-26_005	1480000	0	3	TTAGGG
Peff-26_005	1490000	0	1	TTAGGG
Peff-26_005	1500000	0	0	TTAGGG
Peff-26_005	1510000	0	0	TTAGGG
Peff-26_005	1520000	1	0	TTAGGG
Peff-26_005	1530000	0	0	TTAGGG
Peff-26_005	1540000	1	2	TTAGGG
Peff-26_005	1550000	3	2	TTAGGG
Peff-26_005	1560000	0	0	TTAGGG
Peff-26_005	1570000	2	0	TTAGGG
Peff-26_005	1580000	0	1	TTAGGG
Peff-26_005	1590000	0	0	TTAGGG
Peff-26_005	1600000	1	0	TTAGGG
Peff-26_005	1610000	1	0	TTAGGG
Peff-26_005	1620000	0	1	TTAGGG
Peff-26_005	1630000	1	0	TTAGGG
Peff-26_005	1640000	0	0	TTAGGG
Peff-26_005	1650000	0	1	TTAGGG
Peff-26_005	1660000	2	2	TTAGGG
Peff-26_005	1670000	1	1	TTAGGG
Peff-26_005	1680000	1	2	TTAGGG
Peff-26_005	1690000	1	1	TTAGGG
Peff-26_005	1700000	1	1	TTAGGG
Peff-26_005	1710000	1	1	TTAGGG
Peff-26_005	1720000	1	2	TTAGGG
Peff-26_005	1730000	0	3	TTAGGG
Peff-26_005	1740000	0	0	TTAGGG
Peff-26_005	1750000	2	0	TTAGGG
Peff-26_005	1760000	2	0	TTAGGG
Peff-26_005	1770000	0	0	TTAGGG
Peff-26_005	1780000	2	1	TTAGGG
Peff-26_005	1790000	1	1	TTAGGG
Peff-26_005	1800000	0	0	TTAGGG
Peff-26_005	1810000	3	0	TTAGGG
Peff-26_005	1820000	0	0	TTAGGG
Peff-26_005	1830000	0	0	TTAGGG
Peff-26_005	1840000	0	0	TTAGGG
Peff-26_005	1850000	0	1	TTAGGG
Peff-26_005	1860000	2	0	TTAGGG
Peff-26_005	1870000	0	0	TTAGGG
Peff-26_005	1880000	0	1	TTAGGG
Peff-26_005	1890000	0	2	TTAGGG
Peff-26_005	1900000	1	2	TTAGGG
Peff-26_005	1910000	0	2	TTAGGG
Peff-26_005	1920000	1	1	TTAGGG
Peff-26_005	1930000	0	1	TTAGGG
Peff-26_005	1940000	0	0	TTAGGG
Peff-26_005	1950000	0	0	TTAGGG
Peff-26_005	1960000	2	2	TTAGGG
Peff-26_005	1970000	0	1	TTAGGG
Peff-26_005	1980000	0	1	TTAGGG
Peff-26_005	1990000	0	1	TTAGGG
Peff-26_005	2000000	0	0	TTAGGG
Peff-26_005	2010000	0	0	TTAGGG
Peff-26_005	2020000	0	0	TTAGGG
Peff-26_005	2030000	0	0	TTAGGG
Peff-26_005	2040000	1	0	TTAGGG
Peff-26_005	2050000	1	0	TTAGGG
Peff-26_005	2060000	0	1	TTAGGG
Peff-26_005	2070000	0	0	TTAGGG
Peff-26_005	2080000	1	0	TTAGGG
Peff-26_005	2090000	0	1	TTAGGG
Peff-26_005	2100000	2	0	TTAGGG
Peff-26_005	2110000	2	1	TTAGGG
Peff-26_005	2120000	0	0	TTAGGG
Peff-26_005	2130000	1	0	TTAGGG
Peff-26_005	2140000	2	0	TTAGGG
Peff-26_005	2150000	0	0	TTAGGG
Peff-26_005	2160000	1	0	TTAGGG
Peff-26_005	2170000	3	1	TTAGGG
Peff-26_005	2180000	1	0	TTAGGG
Peff-26_005	2190000	1	1	TTAGGG
Peff-26_005	2200000	1	3	TTAGGG
Peff-26_005	2210000	0	1	TTAGGG
Peff-26_005	2220000	1	0	TTAGGG
Peff-26_005	2230000	0	2	TTAGGG
Peff-26_005	2240000	0	0	TTAGGG
Peff-26_005	2250000	3	1	TTAGGG
Peff-26_005	2260000	2	1	TTAGGG
Peff-26_005	2270000	1	0	TTAGGG
Peff-26_005	2280000	0	1	TTAGGG
Peff-26_005	2290000	1	0	TTAGGG
Peff-26_005	2300000	0	0	TTAGGG
Peff-26_005	2310000	1	2	TTAGGG
Peff-26_005	2320000	2	2	TTAGGG
Peff-26_005	2330000	0	0	TTAGGG
Peff-26_005	2340000	1	0	TTAGGG
Peff-26_005	2350000	0	1	TTAGGG
Peff-26_005	2360000	0	1	TTAGGG
Peff-26_005	2370000	0	0	TTAGGG
Peff-26_005	2380000	2	2	TTAGGG
Peff-26_005	2390000	2	1	TTAGGG
Peff-26_005	2400000	1	2	TTAGGG
Peff-26_005	2410000	0	0	TTAGGG
Peff-26_005	2420000	1	1	TTAGGG
Peff-26_005	2430000	1	0	TTAGGG
Peff-26_005	2440000	2	1	TTAGGG
Peff-26_005	2450000	4	0	TTAGGG
Peff-26_005	2460000	3	0	TTAGGG
Peff-26_005	2470000	4	1	TTAGGG
Peff-26_005	2480000	0	2	TTAGGG
Peff-26_005	2490000	0	1	TTAGGG
Peff-26_005	2500000	0	2	TTAGGG
Peff-26_005	2510000	1	0	TTAGGG
Peff-26_005	2520000	0	2	TTAGGG
Peff-26_005	2530000	2	2	TTAGGG
Peff-26_005	2540000	0	1	TTAGGG
Peff-26_005	2550000	0	3	TTAGGG
Peff-26_005	2560000	0	2	TTAGGG
Peff-26_005	2570000	1	1	TTAGGG
Peff-26_005	2580000	1	0	TTAGGG
Peff-26_005	2590000	0	0	TTAGGG
Peff-26_005	2600000	1	0	TTAGGG
Peff-26_005	2610000	0	1	TTAGGG
Peff-26_005	2620000	0	1	TTAGGG
Peff-26_005	2630000	1	0	TTAGGG
Peff-26_005	2640000	0	1	TTAGGG
Peff-26_005	2650000	0	1	TTAGGG
Peff-26_005	2660000	3	2	TTAGGG
Peff-26_005	2670000	0	1	TTAGGG
Peff-26_005	2680000	2	0	TTAGGG
Peff-26_005	2690000	1	0	TTAGGG
Peff-26_005	2700000	0	0	TTAGGG
Peff-26_005	2710000	1	1	TTAGGG
Peff-26_005	2720000	0	0	TTAGGG
Peff-26_005	2730000	2	0	TTAGGG
Peff-26_005	2740000	0	1	TTAGGG
Peff-26_005	2750000	0	2	TTAGGG
Peff-26_005	2760000	0	1	TTAGGG
Peff-26_005	2770000	2	0	TTAGGG
Peff-26_005	2780000	2	0	TTAGGG
Peff-26_005	2790000	0	1	TTAGGG
Peff-26_005	2800000	1	1	TTAGGG
Peff-26_005	2810000	0	0	TTAGGG
Peff-26_005	2820000	1	0	TTAGGG
Peff-26_005	2830000	0	0	TTAGGG
Peff-26_005	2840000	1	0	TTAGGG
Peff-26_005	2850000	0	0	TTAGGG
Peff-26_005	2860000	0	2	TTAGGG
Peff-26_005	2870000	1	0	TTAGGG
Peff-26_005	2880000	0	0	TTAGGG
Peff-26_005	2890000	0	0	TTAGGG
Peff-26_005	2900000	0	0	TTAGGG
Peff-26_005	2910000	0	0	TTAGGG
Peff-26_005	2920000	0	0	TTAGGG
Peff-26_005	2930000	0	0	TTAGGG
Peff-26_005	2940000	0	0	TTAGGG
Peff-26_005	2950000	0	0	TTAGGG
Peff-26_005	2960000	0	0	TTAGGG
Peff-26_005	2970000	0	0	TTAGGG
Peff-26_005	2980000	0	0	TTAGGG
Peff-26_005	2990000	0	0	TTAGGG
Peff-26_005	3000000	0	0	TTAGGG
Peff-26_005	3010000	0	0	TTAGGG
Peff-26_005	3020000	0	0	TTAGGG
Peff-26_005	3030000	0	0	TTAGGG
Peff-26_005	3040000	0	0	TTAGGG
Peff-26_005	3050000	0	0	TTAGGG
Peff-26_005	3060000	0	0	TTAGGG
Peff-26_005	3070000	0	0	TTAGGG
Peff-26_005	3080000	0	0	TTAGGG
Peff-26_005	3090000	0	0	TTAGGG
Peff-26_005	3100000	0	0	TTAGGG
Peff-26_005	3110000	0	0	TTAGGG
Peff-26_005	3120000	0	0	TTAGGG
Peff-26_005	3130000	0	0	TTAGGG
Peff-26_005	3140000	0	0	TTAGGG
Peff-26_005	3150000	0	0	TTAGGG
Peff-26_005	3160000	0	0	TTAGGG
Peff-26_005	3170000	2	1	TTAGGG
Peff-26_005	3180000	2	0	TTAGGG
Peff-26_005	3190000	0	0	TTAGGG
Peff-26_005	3200000	0	2	TTAGGG
Peff-26_005	3210000	0	0	TTAGGG
Peff-26_005	3220000	0	3	TTAGGG
Peff-26_005	3230000	0	0	TTAGGG
Peff-26_005	3240000	1	1	TTAGGG
Peff-26_005	3250000	1	1	TTAGGG
Peff-26_005	3260000	0	0	TTAGGG
Peff-26_005	3270000	1	1	TTAGGG
Peff-26_005	3280000	0	0	TTAGGG
Peff-26_005	3290000	0	0	TTAGGG
Peff-26_005	3300000	0	0	TTAGGG
Peff-26_005	3310000	0	0	TTAGGG
Peff-26_005	3320000	1	1	TTAGGG
Peff-26_005	3330000	2	0	TTAGGG
Peff-26_005	3340000	2	0	TTAGGG
Peff-26_005	3350000	1	0	TTAGGG
Peff-26_005	3360000	3	1	TTAGGG
Peff-26_005	3370000	2	1	TTAGGG
Peff-26_005	3380000	1	1	TTAGGG
Peff-26_005	3390000	1	5	TTAGGG
Peff-26_005	3400000	3	0	TTAGGG
Peff-26_005	3410000	2	0	TTAGGG
Peff-26_005	3420000	0	0	TTAGGG
Peff-26_005	3430000	0	0	TTAGGG
Peff-26_005	3440000	0	0	TTAGGG
Peff-26_005	3450000	0	0	TTAGGG
Peff-26_005	3460000	0	0	TTAGGG
Peff-26_005	3470000	0	0	TTAGGG
Peff-26_005	3480000	0	0	TTAGGG
Peff-26_005	3490000	0	0	TTAGGG
Peff-26_005	3500000	0	0	TTAGGG
Peff-26_005	3510000	0	0	TTAGGG
Peff-26_005	3520000	0	0	TTAGGG
Peff-26_005	3530000	0	0	TTAGGG
Peff-26_005	3540000	0	0	TTAGGG
Peff-26_005	3550000	1	1	TTAGGG
Peff-26_005	3560000	1	2	TTAGGG
Peff-26_005	3570000	0	0	TTAGGG
Peff-26_005	3580000	0	0	TTAGGG
Peff-26_005	3590000	1	0	TTAGGG
Peff-26_005	3600000	0	0	TTAGGG
Peff-26_005	3610000	0	0	TTAGGG
Peff-26_005	3620000	0	0	TTAGGG
Peff-26_005	3630000	0	0	TTAGGG
Peff-26_005	3640000	0	0	TTAGGG
Peff-26_005	3650000	0	0	TTAGGG
Peff-26_005	3660000	0	0	TTAGGG
Peff-26_005	3670000	0	1	TTAGGG
Peff-26_005	3680000	0	0	TTAGGG
Peff-26_005	3690000	0	0	TTAGGG
Peff-26_005	3700000	0	0	TTAGGG
Peff-26_005	3710000	0	1	TTAGGG
Peff-26_005	3720000	0	0	TTAGGG
Peff-26_005	3730000	1	0	TTAGGG
Peff-26_005	3740000	0	0	TTAGGG
Peff-26_005	3750000	1	0	TTAGGG
Peff-26_005	3760000	0	0	TTAGGG
Peff-26_005	3770000	0	0	TTAGGG
Peff-26_005	3780000	0	0	TTAGGG
Peff-26_005	3790000	1	0	TTAGGG
Peff-26_005	3800000	0	0	TTAGGG
Peff-26_005	3810000	4	2	TTAGGG
Peff-26_005	3820000	2	0	TTAGGG
Peff-26_005	3830000	0	1	TTAGGG
Peff-26_005	3840000	5	2	TTAGGG
Peff-26_005	3850000	2	1	TTAGGG
Peff-26_005	3860000	0	0	TTAGGG
Peff-26_005	3870000	0	0	TTAGGG
Peff-26_005	3880000	0	0	TTAGGG
Peff-26_005	3890000	0	1	TTAGGG
Peff-26_005	3900000	0	1	TTAGGG
Peff-26_005	3910000	1	0	TTAGGG
Peff-26_005	3920000	1	0	TTAGGG
Peff-26_005	3930000	0	0	TTAGGG
Peff-26_005	3940000	2	1	TTAGGG
Peff-26_005	3950000	1	2	TTAGGG
Peff-26_005	3960000	0	2	TTAGGG
Peff-26_005	3970000	1	2	TTAGGG
Peff-26_005	3980000	0	0	TTAGGG
Peff-26_005	3990000	0	0	TTAGGG
Peff-26_005	4000000	0	0	TTAGGG
Peff-26_005	4010000	2	0	TTAGGG
Peff-26_005	4020000	0	2	TTAGGG
Peff-26_005	4030000	0	1	TTAGGG
Peff-26_005	4040000	0	1	TTAGGG
Peff-26_005	4050000	1	1	TTAGGG
Peff-26_005	4060000	0	0	TTAGGG
Peff-26_005	4070000	2	1	TTAGGG
Peff-26_005	4080000	2	0	TTAGGG
Peff-26_005	4090000	0	0	TTAGGG
Peff-26_005	4100000	0	1	TTAGGG
Peff-26_005	4110000	1	1	TTAGGG
Peff-26_005	4120000	0	0	TTAGGG
Peff-26_005	4130000	2	1	TTAGGG
Peff-26_005	4140000	1	0	TTAGGG
Peff-26_005	4150000	1	0	TTAGGG
Peff-26_005	4160000	1	1	TTAGGG
Peff-26_005	4170000	0	1	TTAGGG
Peff-26_005	4177026	115	0	TTAGGG
Peff-26_006	10000	0	0	TTAGGG
Peff-26_006	20000	0	0	TTAGGG
Peff-26_006	30000	0	0	TTAGGG
Peff-26_006	40000	0	0	TTAGGG
Peff-26_006	50000	0	0	TTAGGG
Peff-26_006	60000	0	0	TTAGGG
Peff-26_006	70000	0	0	TTAGGG
Peff-26_006	80000	0	0	TTAGGG
Peff-26_006	90000	0	0	TTAGGG
Peff-26_006	100000	0	1	TTAGGG
Peff-26_006	110000	0	0	TTAGGG
Peff-26_006	120000	0	0	TTAGGG
Peff-26_006	130000	1	0	TTAGGG
Peff-26_006	140000	0	1	TTAGGG
Peff-26_006	150000	1	1	TTAGGG
Peff-26_006	160000	0	0	TTAGGG
Peff-26_006	170000	0	0	TTAGGG
Peff-26_006	180000	0	0	TTAGGG
Peff-26_006	190000	0	0	TTAGGG
Peff-26_006	200000	0	0	TTAGGG
Peff-26_006	210000	0	0	TTAGGG
Peff-26_006	220000	0	0	TTAGGG
Peff-26_006	230000	0	0	TTAGGG
Peff-26_006	240000	0	0	TTAGGG
Peff-26_006	250000	0	0	TTAGGG
Peff-26_006	260000	0	0	TTAGGG
Peff-26_006	270000	0	0	TTAGGG
Peff-26_006	280000	0	0	TTAGGG
Peff-26_006	290000	0	0	TTAGGG
Peff-26_006	300000	0	1	TTAGGG
Peff-26_006	310000	0	3	TTAGGG
Peff-26_006	320000	3	1	TTAGGG
Peff-26_006	330000	3	0	TTAGGG
Peff-26_006	340000	1	3	TTAGGG
Peff-26_006	350000	0	1	TTAGGG
Peff-26_006	360000	0	3	TTAGGG
Peff-26_006	370000	0	1	TTAGGG
Peff-26_006	380000	0	0	TTAGGG
Peff-26_006	390000	1	1	TTAGGG
Peff-26_006	400000	0	0	TTAGGG
Peff-26_006	410000	1	1	TTAGGG
Peff-26_006	420000	1	1	TTAGGG
Peff-26_006	430000	0	0	TTAGGG
Peff-26_006	440000	2	0	TTAGGG
Peff-26_006	450000	0	0	TTAGGG
Peff-26_006	460000	2	0	TTAGGG
Peff-26_006	470000	0	1	TTAGGG
Peff-26_006	480000	0	2	TTAGGG
Peff-26_006	490000	1	1	TTAGGG
Peff-26_006	500000	0	0	TTAGGG
Peff-26_006	510000	0	0	TTAGGG
Peff-26_006	520000	0	0	TTAGGG
Peff-26_006	530000	0	0	TTAGGG
Peff-26_006	540000	0	0	TTAGGG
Peff-26_006	550000	0	0	TTAGGG
Peff-26_006	560000	0	1	TTAGGG
Peff-26_006	570000	0	0	TTAGGG
Peff-26_006	580000	0	0	TTAGGG
Peff-26_006	590000	0	0	TTAGGG
Peff-26_006	600000	0	0	TTAGGG
Peff-26_006	610000	0	0	TTAGGG
Peff-26_006	620000	0	0	TTAGGG
Peff-26_006	630000	0	0	TTAGGG
Peff-26_006	640000	0	0	TTAGGG
Peff-26_006	650000	0	0	TTAGGG
Peff-26_006	660000	0	0	TTAGGG
Peff-26_006	670000	0	0	TTAGGG
Peff-26_006	680000	0	0	TTAGGG
Peff-26_006	690000	0	0	TTAGGG
Peff-26_006	700000	0	0	TTAGGG
Peff-26_006	710000	0	0	TTAGGG
Peff-26_006	720000	0	0	TTAGGG
Peff-26_006	730000	1	0	TTAGGG
Peff-26_006	740000	1	0	TTAGGG
Peff-26_006	750000	0	1	TTAGGG
Peff-26_006	760000	2	0	TTAGGG
Peff-26_006	770000	1	1	TTAGGG
Peff-26_006	780000	0	0	TTAGGG
Peff-26_006	790000	0	0	TTAGGG
Peff-26_006	800000	0	0	TTAGGG
Peff-26_006	810000	1	0	TTAGGG
Peff-26_006	820000	0	0	TTAGGG
Peff-26_006	830000	3	0	TTAGGG
Peff-26_006	840000	0	1	TTAGGG
Peff-26_006	850000	1	1	TTAGGG
Peff-26_006	860000	0	1	TTAGGG
Peff-26_006	870000	0	1	TTAGGG
Peff-26_006	880000	1	0	TTAGGG
Peff-26_006	890000	1	1	TTAGGG
Peff-26_006	900000	1	1	TTAGGG
Peff-26_006	910000	1	0	TTAGGG
Peff-26_006	920000	1	0	TTAGGG
Peff-26_006	930000	1	0	TTAGGG
Peff-26_006	940000	1	1	TTAGGG
Peff-26_006	950000	0	1	TTAGGG
Peff-26_006	960000	1	0	TTAGGG
Peff-26_006	970000	1	0	TTAGGG
Peff-26_006	980000	1	0	TTAGGG
Peff-26_006	990000	0	1	TTAGGG
Peff-26_006	1000000	1	0	TTAGGG
Peff-26_006	1010000	0	3	TTAGGG
Peff-26_006	1020000	0	1	TTAGGG
Peff-26_006	1030000	1	1	TTAGGG
Peff-26_006	1040000	1	0	TTAGGG
Peff-26_006	1050000	0	0	TTAGGG
Peff-26_006	1060000	0	0	TTAGGG
Peff-26_006	1070000	0	0	TTAGGG
Peff-26_006	1080000	1	2	TTAGGG
Peff-26_006	1090000	0	0	TTAGGG
Peff-26_006	1100000	2	0	TTAGGG
Peff-26_006	1110000	0	0	TTAGGG
Peff-26_006	1120000	3	2	TTAGGG
Peff-26_006	1130000	0	6	TTAGGG
Peff-26_006	1140000	2	0	TTAGGG
Peff-26_006	1150000	0	0	TTAGGG
Peff-26_006	1160000	1	1	TTAGGG
Peff-26_006	1170000	0	0	TTAGGG
Peff-26_006	1180000	2	2	TTAGGG
Peff-26_006	1190000	1	2	TTAGGG
Peff-26_006	1200000	2	3	TTAGGG
Peff-26_006	1210000	1	1	TTAGGG
Peff-26_006	1220000	1	0	TTAGGG
Peff-26_006	1230000	2	0	TTAGGG
Peff-26_006	1240000	1	0	TTAGGG
Peff-26_006	1250000	0	3	TTAGGG
Peff-26_006	1260000	0	1	TTAGGG
Peff-26_006	1270000	2	1	TTAGGG
Peff-26_006	1280000	0	0	TTAGGG
Peff-26_006	1290000	1	0	TTAGGG
Peff-26_006	1300000	1	1	TTAGGG
Peff-26_006	1310000	1	2	TTAGGG
Peff-26_006	1320000	1	2	TTAGGG
Peff-26_006	1330000	0	0	TTAGGG
Peff-26_006	1340000	0	1	TTAGGG
Peff-26_006	1350000	2	2	TTAGGG
Peff-26_006	1360000	0	0	TTAGGG
Peff-26_006	1370000	1	2	TTAGGG
Peff-26_006	1380000	0	3	TTAGGG
Peff-26_006	1390000	1	1	TTAGGG
Peff-26_006	1400000	0	1	TTAGGG
Peff-26_006	1410000	0	0	TTAGGG
Peff-26_006	1420000	0	0	TTAGGG
Peff-26_006	1430000	0	2	TTAGGG
Peff-26_006	1440000	1	0	TTAGGG
Peff-26_006	1450000	0	0	TTAGGG
Peff-26_006	1460000	0	0	TTAGGG
Peff-26_006	1470000	0	0	TTAGGG
Peff-26_006	1480000	2	0	TTAGGG
Peff-26_006	1490000	2	2	TTAGGG
Peff-26_006	1500000	1	0	TTAGGG
Peff-26_006	1510000	0	1	TTAGGG
Peff-26_006	1520000	1	2	TTAGGG
Peff-26_006	1530000	0	1	TTAGGG
Peff-26_006	1540000	0	0	TTAGGG
Peff-26_006	1550000	1	0	TTAGGG
Peff-26_006	1560000	0	0	TTAGGG
Peff-26_006	1570000	0	1	TTAGGG
Peff-26_006	1580000	0	0	TTAGGG
Peff-26_006	1590000	2	1	TTAGGG
Peff-26_006	1600000	1	0	TTAGGG
Peff-26_006	1610000	0	0	TTAGGG
Peff-26_006	1620000	3	2	TTAGGG
Peff-26_006	1630000	1	1	TTAGGG
Peff-26_006	1640000	1	0	TTAGGG
Peff-26_006	1650000	0	0	TTAGGG
Peff-26_006	1660000	0	3	TTAGGG
Peff-26_006	1670000	0	0	TTAGGG
Peff-26_006	1680000	0	2	TTAGGG
Peff-26_006	1690000	1	1	TTAGGG
Peff-26_006	1700000	5	1	TTAGGG
Peff-26_006	1710000	0	0	TTAGGG
Peff-26_006	1720000	2	0	TTAGGG
Peff-26_006	1730000	2	1	TTAGGG
Peff-26_006	1740000	0	2	TTAGGG
Peff-26_006	1750000	2	1	TTAGGG
Peff-26_006	1760000	0	0	TTAGGG
Peff-26_006	1770000	0	1	TTAGGG
Peff-26_006	1780000	0	1	TTAGGG
Peff-26_006	1790000	0	1	TTAGGG
Peff-26_006	1800000	0	0	TTAGGG
Peff-26_006	1810000	0	1	TTAGGG
Peff-26_006	1820000	1	0	TTAGGG
Peff-26_006	1830000	0	0	TTAGGG
Peff-26_006	1840000	2	0	TTAGGG
Peff-26_006	1850000	0	1	TTAGGG
Peff-26_006	1860000	2	1	TTAGGG
Peff-26_006	1870000	1	0	TTAGGG
Peff-26_006	1880000	0	1	TTAGGG
Peff-26_006	1890000	1	3	TTAGGG
Peff-26_006	1900000	1	3	TTAGGG
Peff-26_006	1910000	3	1	TTAGGG
Peff-26_006	1920000	0	1	TTAGGG
Peff-26_006	1930000	0	1	TTAGGG
Peff-26_006	1940000	0	0	TTAGGG
Peff-26_006	1950000	0	0	TTAGGG
Peff-26_006	1960000	0	0	TTAGGG
Peff-26_006	1970000	0	0	TTAGGG
Peff-26_006	1980000	2	0	TTAGGG
Peff-26_006	1990000	0	0	TTAGGG
Peff-26_006	1992160	1	0	TTAGGG
