taxon	reads
143453	2085749
162120	758970
358	136902
2901869	47358
40324	15100
743720	13673
399736	13317
759273	12721
558537	12247
2977320	11865
160825	11731
180282	11346
976	11080
1300224	10703
1300225	10699
868597	10521
59733	10332
2	10021
145971	9354
471854	9219
34406	7940
131567	7748
2910158	7624
3088362	6994
13690	6776
2861765	6462
303	6227
3379134	5860
3243033	5827
768507	5491
2747268	5319
2707350	5143
98403	5105
2060973	5053
2906456	4479
2909339	4339
1392005	4220
3112958	4163
72144	4087
879274	3835
80866	3783
2745947	3517
195108	3495
1328300	3434
160699	3369
2231603	3360
2710596	3193
120831	3027
232080	3000
2713573	2989
107	2989
578455	2965
1379870	2875
2906443	2797
3128900	2771
2896849	2763
2520506	2739
2057025	2730
1211326	2656
2267833	2620
1679497	2593
28454	2539
2815360	2520
573729	2497
1224	2319
158500	2253
36050	2152
2593676	2058
237	2029
2898794	2021
2591463	1907
1760	1905
2268026	1874
147550	1869
2728024	1861
1081940	1770
2666025	1640
761193	1613
352475	1504
2894082	1496
2692134	1477
5125	1472
222543	1441
286	1421
2735870	1405
1736675	1337
2034170	1281
1159556	1280
2792015	1257
1069642	1251
376686	1234
1578925	1225
2907205	1219
959	1211
49546	1195
2851646	1184
564064	1152
332158	1144
2259595	1142
5147	1133
2916755	1128
500148	1123
63577	1103
2976680	1050
648995	1040
3017325	1015
1166018	1011
88688	983
3366815	977
5144	969
1871048	961
2976459	950
242507	949
101201	947
1236	944
2735528	933
1538644	921
2816357	912
143452	911
3350165	902
569360	891
1678728	879
1883	877
2582905	854
357	850
3153805	829
80865	825
1178516	815
5506	784
3003260	774
229533	769
84566	767
148305	764
1176649	761
1585697	758
1380566	728
2918299	690
89966	687
3134896	646
3379128	628
3093922	624
497967	614
259	604
5455	600
2604421	583
1795631	563
2704465	557
2502781	554
367110	551
423349	550
2896860	536
2806348	523
1279085	503
1034889	501
2674997	497
1385715	497
196869	487
3350177	483
2952571	481
340268	479
1562974	477
379	472
2613769	466
5507	462
373	455
200644	455
9606	454
2853439	445
1028729	440
287	436
246	432
1783272	432
91347	431
28211	425
3126689	423
716546	420
979556	418
2621999	415
1384061	409
2986829	398
400092	398
2715959	395
104336	391
2070347	385
204525	382
1841651	379
3149230	375
1435057	373
2315862	365
2862866	364
34073	362
3056107	352
1183413	347
2291939	347
336820	346
1842534	345
289370	343
227290	343
356	337
2603277	336
196821	335
2596915	332
2083786	327
2020412	326
2925842	326
2761579	325
2613770	323
3486	321
1705399	318
59732	317
1182444	315
28099	312
2849093	312
459526	310
3342096	309
28453	306
2975157	304
434008	300
663243	297
1658665	294
2516557	291
2609290	291
2609468	290
48558	289
2838157	289
5139	285
3157631	283
2904246	282
817	281
3025667	277
2714932	275
1492737	272
3034146	270
1295612	268
2703789	268
477680	268
2615203	268
2795216	266
926556	266
595537	265
332999	264
85023	263
2952477	261
2731552	257
3137178	254
2878534	253
2571030	253
2995161	248
2994555	248
2605747	245
3345148	245
655815	244
1385	244
362	244
1028800	240
2745197	240
400770	239
141451	238
1853232	237
1176721	234
3140251	233
3122582	232
2774137	231
33882	229
1920191	228
1324352	228
1004	227
2083052	226
196773	225
191302	224
2929803	223
1850374	222
256	222
2866808	220
577386	220
2789740	218
3048589	218
2806346	217
2926709	216
878220	216
2696560	215
3382192	215
2908210	214
3019602	214
2895947	213
3243057	212
328812	212
662548	212
2886510	211
1239	209
512763	208
1379910	207
2496028	207
5543	206
285	205
1647413	205
2502784	204
2615202	203
931281	203
2294119	202
2694930	202
655353	201
3133966	201
3065952	199
2220073	199
1932669	197
28188	195
2686363	195
2728022	194
2518644	191
649349	190
3051176	190
2781961	189
1150601	189
341027	188
1825976	187
2617802	186
2762323	186
1042133	186
171549	185
122277	184
231023	184
1227739	184
929562	183
2987689	183
3394234	183
1246301	183
5454	182
5148	182
742013	181
2724135	181
13035	181
2682091	179
2932248	179
359	179
104663	179
283	178
1279031	178
470	177
2986823	176
3023936	175
2590775	175
48095	175
1219058	175
459529	174
2772483	173
158841	171
797291	169
639283	169
453304	169
536441	168
387	168
80840	168
2775403	168
660027	168
3025668	167
661481	167
1871076	167
2932244	164
106592	163
2944933	163
2027860	163
3097547	162
2739062	162
3058432	162
2740817	161
2885633	161
1590041	161
862126	161
2893886	159
3138568	158
222544	157
2643062	157
1727163	157
3142976	157
2932254	156
2321403	155
3025669	154
563835	154
2920382	154
816	153
3659	152
2580515	152
1170699	152
1196325	152
3374554	152
3374555	151
676208	151
1573823	151
1858653	150
551996	149
700598	149
3382150	149
1850093	148
426428	148
3097546	147
2487063	147
2069256	147
3031997	146
3374549	145
1176587	145
147212	145
2203219	145
2714940	144
3231511	144
3243060	143
2681552	143
3231911	143
1241979	142
47880	142
3151764	141
615	141
388950	141
434009	140
269798	139
374	139
207745	139
2986767	139
2907623	139
563798	139
543	139
312278	138
485918	138
1016	138
2735321	137
384	137
2762322	137
1526927	137
536979	136
2895286	136
334819	136
746697	136
3003257	135
1306519	135
2010828	135
46506	133
1484118	133
1183400	133
2060723	132
2058175	132
2619133	132
2614992	131
311402	131
2766984	130
34397	130
105	128
3115848	128
2892442	128
3135263	128
1041138	127
1368430	127
2703787	126
2093780	126
451864	126
2509455	126
227321	125
325217	124
226505	124
5499	123
1928857	123
529	123
253	123
330879	122
165179	122
2795738	122
2762320	122
39695	122
2778902	122
258	122
2583805	121
2003121	120
396	120
94625	120
45151	119
165435	119
398049	119
351672	119
2730848	118
3132289	118
931531	117
79328	117
418701	116
3095607	116
1795355	114
1653831	114
336722	114
2654325	114
3050637	114
3139392	114
33877	113
84567	113
2675878	112
2607656	112
85006	112
2080742	111
310581	111
3092665	109
651561	109
714943	108
2879938	108
474942	108
1871047	108
662858	107
2547394	107
2917991	107
122368	107
1385664	107
2906078	107
80864	106
2904247	105
2509614	105
240521	105
2657486	105
223390	104
2494375	104
2597771	104
1790137	104
569	104
935222	103
1090615	103
613	103
3372850	103
2880260	102
313595	102
871694	101
479431	101
1173583	101
2175091	101
34085	101
363952	101
2499144	101
2860336	101
915099	101
2494373	101
1355330	101
644223	100
2801335	100
1028801	100
2585717	99
986	99
143232	99
585531	99
2565554	98
413496	97
2893884	97
2625061	97
760192	97
3394146	97
2498704	97
339	97
2694929	96
2979467	96
2006110	96
3133975	95
2086471	95
981605	94
1193499	94
3065955	94
2933777	93
3156399	93
191390	93
37931	93
2567934	93
2932249	92
82115	91
2488560	91
2881052	91
2925841	91
2602769	91
451876	90
1389020	90
2108445	90
395492	90
958	90
1485	88
487316	88
670	88
2041385	88
1503925	88
2516559	88
583	88
2906076	88
2093777	88
238	87
2871165	87
367791	86
434014	86
2028343	86
688270	86
2201271	86
2005046	86
3389070	85
1287690	85
2994319	85
2662364	84
2014920	84
2903885	84
1331671	84
3025671	83
659012	83
2715212	83
1979344	83
1919	83
2961941	82
3026161	82
3049774	82
2557994	82
2759954	82
208224	82
2614441	82
46913	81
2136182	81
2875948	81
2748319	81
1069201	81
300	80
2903098	80
930972	80
45242	80
3243765	80
2897181	79
2986835	79
912630	79
3020716	79
3064265	79
661488	79
188932	79
1332080	79
3025666	79
2739058	78
3377125	78
50338	78
1842727	78
2725414	77
2966625	77
34072	76
2632301	76
2448440	76
2570561	76
1220207	76
1218315	76
190893	76
2093779	76
363852	75
2072405	75
1721091	75
2905121	75
3039156	75
2487064	75
35718	75
40323	74
561061	74
2654193	74
136845	74
469	74
3048622	74
3394354	74
2305508	74
2830782	73
1385663	73
3048607	73
2633795	73
2487065	73
326319	72
165695	72
2923375	72
78587	72
929713	72
32033	72
1223565	71
1010	71
1906274	71
112234	71
2759	71
586	71
373903	70
379895	70
1310418	70
2937442	70
3349877	70
3238798	69
3141542	69
2698672	69
3075823	69
2078786	69
485880	68
2918527	68
338	68
1609758	68
2584466	68
312306	68
3235111	68
2081791	68
1933220	68
3394356	68
3003261	67
1842536	67
454154	67
475937	67
52959	67
3051121	66
3394359	66
570	66
2478552	66
2726956	66
17	66
421058	66
1215087	66
2185111	66
2590022	66
33968	66
2593645	65
1792307	65
363408	65
1234841	65
395963	65
3076558	65
1866885	65
2977321	64
456999	64
244566	64
665913	64
3081984	63
1967501	63
485917	63
3065953	63
121627	63
2781962	62
2918900	62
1827	62
264023	62
382	62
2898796	62
642	62
5599	62
3031126	61
1827305	61
320787	61
1867715	61
1072463	60
2183896	60
1714373	60
2933562	60
2782169	60
3025663	59
1906742	59
321983	59
522373	59
2482728	58
2592652	58
575378	58
1356852	58
2497456	58
3374551	58
2917727	58
387638	57
2609253	57
3027225	57
2631580	57
332648	57
2931390	57
2811423	57
2731112	57
2996826	57
1082851	57
3384157	57
3075618	57
3388266	56
57706	56
2996035	56
3039157	56
2879939	56
2584940	56
3003263	55
2917724	55
2940299	55
3166644	55
698761	55
3394358	55
1937972	55
2483401	55
1981173	55
164546	54
2588534	54
2859768	54
89373	54
876364	54
2576902	54
3068632	54
280036	54
1873	54
54571	54
74318	53
2732161	53
3045157	53
936136	53
92945	53
1472417	53
74326	53
311403	53
3057122	53
2020312	53
2651974	52
1642646	52
2840457	52
2663857	52
1643336	52
3394355	52
22	52
44249	52
1572644	52
3158264	51
45243	51
84292	51
3228750	51
1732569	51
2762325	50
3069118	50
2619833	50
250	50
3234137	50
2975642	50
3125779	50
3153754	50
2903884	50
110321	49
2903818	49
3387402	49
587753	49
3342097	49
496056	49
589382	49
3350173	49
2864040	49
63186	49
712411	48
1076	48
36818	48
866807	48
2771362	48
3032586	48
136843	47
119060	47
4777	47
2731096	47
2748320	47
3394361	47
2518343	47
754417	47
2282849	47
1813879	47
3039801	47
104268	47
458033	47
687844	46
37329	46
2746225	46
2674996	46
3234200	46
2774875	45
2675378	45
2613773	45
2798577	45
1763535	45
758793	45
3034675	45
3140649	45
2954535	45
2686077	45
47760	45
3047871	45
547	45
2725477	44
1612	44
2341117	44
1662285	44
2528010	44
67385	44
2980557	44
28132	44
2835041	44
257496	44
28087	44
2617518	44
2126553	43
2675230	43
3003247	43
1312183	43
2975736	43
2969621	43
1892	42
1349767	42
3135257	42
282217	42
1297121	42
1190567	42
2754694	42
386	42
3016339	41
3136736	41
1940636	41
2782166	41
1736306	41
1048205	41
2975795	41
273677	41
270918	41
2987688	41
3144667	41
182096	41
1965590	41
3024400	41
279322	41
68200	40
2708117	40
880070	40
2978974	40
2622719	40
2962064	40
3045156	40
254	40
2995166	40
252514	40
87883	40
430522	40
2929799	40
519	39
1839	39
571256	39
577309	39
2231053	39
2768162	39
2871820	39
2528007	39
3051119	39
1616117	39
304378	39
2975783	39
2920939	39
2615069	39
1245469	38
41297	38
2762318	38
47877	38
497725	38
2015316	38
3135264	38
2615033	38
158836	38
2940297	38
2664893	38
1751095	38
28256	38
2571029	38
207949	38
1215088	38
1325095	38
2906072	38
1784714	38
1331258	37
3100176	37
2082387	37
29533	37
352	37
69370	37
2695266	37
2838156	37
2676247	37
2018025	37
1638788	37
104270	37
2062	37
1357074	36
3135255	36
1397264	36
515361	36
584609	36
29471	36
2033	36
376149	36
252356	36
1850526	36
2903891	36
1762	36
340345	36
1529	36
1324217	36
2720871	36
2704140	36
914	35
2589888	35
1355477	35
160488	35
2761107	35
3093871	35
1138194	35
1813	35
2810512	35
663364	34
1936	34
2025349	34
662	34
80867	34
2502779	34
67255	34
1002546	34
390846	34
121719	34
399	34
162426	34
2903882	34
3234142	34
375549	34
3349333	34
28105	34
3065954	34
722472	34
2618356	34
784	34
1117645	34
5478	34
441620	34
2082188	33
2631981	33
323450	33
82367	33
1768011	33
2903640	33
748197	33
3049069	33
167879	33
2038343	33
2903746	33
2819994	33
3372855	33
762903	33
3149229	33
34071	33
2509458	33
37928	33
2884874	33
68895	33
87882	33
2829812	33
3003259	32
234	32
3019934	32
406020	32
2742131	32
67593	32
3069689	32
1969	32
3166645	32
3234954	32
3039180	32
1451454	32
2614638	32
85025	32
320497	32
135621	32
1906	32
1413221	32
1071381	32
745277	32
1867719	32
1179672	32
5052	32
2954608	32
125216	32
62322	31
2921714	31
3138065	31
2053	31
2898438	31
58343	31
3238631	31
2781243	31
2041	31
204038	31
33964	31
1903410	31
2995140	31
196162	31
2903881	31
318424	30
2654218	30
2898187	30
2034	30
2929802	30
168172	30
515415	30
931626	30
2912824	30
1275	30
2975756	30
2219225	30
2729423	30
1889	30
2590900	30
344163	30
36651	30
84595	30
1206777	30
44577	30
3372856	30
293958	30
2734618	30
516051	30
498213	30
761204	30
488447	30
2743470	30
2975702	30
2795690	30
1750535	29
1268	29
67296	29
1763	29
398767	29
436515	29
2610897	29
217203	29
3049071	29
47	29
3381355	29
2632611	29
1931241	29
2740462	29
2903651	29
28216	29
555079	29
1094466	29
1476901	29
182262	29
491948	29
2735134	29
2626815	29
1144307	29
208348	29
3367156	29
365046	28
611301	28
2750011	28
301953	28
2903686	28
1824	28
2010972	28
1396	28
904291	28
2933779	28
2742	28
155892	28
1357	28
2861283	28
373672	28
2685834	28
76869	28
2877939	28
2676868	28
308865	28
515350	27
2714924	27
76021	27
299146	27
3388313	27
2048898	27
3003623	27
3135260	27
2949637	27
2905871	27
2975680	27
1335043	27
563172	27
2979869	27
2782006	27
3385496	27
870501	27
1447062	27
2940488	27
2052056	26
2903803	26
3019968	26
2903812	26
2172098	26
3077335	26
374432	26
3132707	26
477666	26
83614	26
616991	26
2903671	26
185978	26
2760089	26
3026191	26
2816950	26
795665	26
85007	26
1503054	26
3350168	26
68287	26
2014534	26
1913577	26
152480	26
1725411	25
2162713	25
2040489	25
1391654	25
2961531	25
2975650	25
2679963	25
1842537	25
1437360	25
1945658	25
37727	25
387661	25
2676077	25
223967	25
1138189	25
367477	25
2979727	25
272123	25
2739	25
4784	25
2579248	25
2867264	25
2072505	25
2735906	25
1491	25
113562	25
212767	25
1379909	25
1486262	25
550984	25
1493872	25
327160	25
1927128	25
28985	25
2578106	25
2049305	25
2654248	25
1130723	25
487698	24
2583231	24
375288	24
2903660	24
3050384	24
1417228	24
588596	24
906888	24
929556	24
712710	24
1961362	24
111769	24
1751056	24
2903806	24
1843368	24
1736	24
3142977	24
1870884	24
2599640	24
47885	24
754523	24
147802	24
200618	24
2874628	24
3143118	24
3028804	24
1745854	24
57043	24
3383698	24
13687	24
136849	24
2892996	24
2895353	24
2665645	24
2579977	24
3121290	23
33008	23
2518599	23
110937	23
3118173	23
2903872	23
1716	23
3119004	23
2975898	23
293	23
2060726	23
3114359	23
538025	23
3152363	23
907046	23
3029061	23
2837504	23
1470176	23
3093923	23
2909588	23
394	23
3049072	23
33918	23
2029983	23
564065	23
4779	23
2782665	23
196198	23
3073563	22
1799	22
2806347	22
1162	22
186801	22
1470088	22
542832	22
296544	22
3029062	22
1550579	22
1338689	22
2613839	22
2712223	22
3383502	22
135487	22
1807691	22
1389922	22
1663591	22
3077589	22
2017486	22
2954078	22
33154	22
2920387	22
1176533	22
1395951	22
2763008	22
2976015	22
29581	22
254839	22
2981139	22
2606451	22
1898684	22
3136632	22
2980554	22
2862509	22
1529069	22
1708	22
743721	22
3049073	22
3043848	22
370111	22
2748865	22
3153928	22
1208342	21
3004093	21
143222	21
2744518	21
1034807	21
2903643	21
2937800	21
444459	21
201174	21
3103144	21
68569	21
470076	21
682956	21
3238628	21
2840373	21
697281	21
3016089	21
1870820	21
3058419	21
1736226	21
2054919	21
512349	21
3238632	21
2856523	21
2903679	21
1971	21
2903665	21
3019098	21
2020311	21
2697032	21
3127640	21
2826938	21
3109595	21
2045	21
2583822	21
2528027	21
2806262	21
225991	21
3096605	21
29378	21
442121	21
930171	21
866536	20
1033900	20
2745482	20
3341726	20
2975917	20
2745153	20
2865839	20
1714849	20
2135430	20
2589967	20
2975784	20
2774459	20
867595	20
2759943	20
3138177	20
33886	20
404407	20
2782662	20
2589903	20
1965425	20
2478662	20
555315	20
2583374	20
3050126	20
2779359	20
3238634	20
2851649	20
2750812	20
3049070	20
3031803	20
2594473	20
455632	20
774	20
139438	20
3002903	20
2903641	20
2925844	20
1028989	20
2720714	20
1756150	20
2267521	20
1678237	20
67304	19
264697	19
2799325	19
41977	19
335406	19
1763534	19
2903760	19
2714939	19
2972478	19
2628915	19
823	19
3042315	19
3040204	19
323620	19
649196	19
3160832	19
2811425	19
1046114	19
1756988	19
1897060	19
33907	19
2795488	19
1561022	19
1881016	19
36745	19
91061	19
2851959	19
358220	19
2980026	19
2711221	19
2819999	19
31989	19
3384452	19
2768161	19
3030210	19
1760988	19
2951805	19
2903649	19
1333528	19
2730915	19
656178	19
85581	19
2880651	19
1751071	18
354276	18
319947	18
2975984	18
2768066	18
1564114	18
2744521	18
56458	18
2559597	18
129364	18
3238627	18
2975878	18
1855336	18
128785	18
51201	18
2838877	18
2975801	18
2903680	18
435	18
3015154	18
2081477	18
2609257	18
359110	18
1547487	18
2956797	18
2903893	18
121428	18
1538158	18
1671868	18
40318	18
1424294	18
1714860	18
33887	18
528191	18
43057	18
1173027	18
2976768	18
1842533	18
2949090	18
1817	18
2304600	18
450367	18
3132291	18
694427	18
2684468	18
41294	17
160826	17
2079793	17
2780074	17
2841594	17
3161567	17
357804	17
370764	17
2933872	17
2675225	17
1008	17
2903769	17
2483404	17
2760705	17
1124835	17
2565559	17
2592049	17
1405	17
2072407	17
2711231	17
526949	17
1710	17
160674	17
419475	17
2591634	17
2913616	17
1400866	17
2709380	17
3141537	17
179636	17
421115	17
2558360	17
53246	17
66425	17
3394235	17
2047	17
3003262	17
150026	17
2952158	17
260552	17
1007105	17
2903878	17
2560057	17
862751	17
68239	17
2903815	17
1888	17
3038642	17
2986837	17
1218801	17
1652495	17
2903835	17
1490	17
3344656	17
1490225	17
2893885	17
2839024	17
1151742	17
2836373	17
179879	17
3093864	17
313598	17
2268461	17
2202721	16
1178778	16
3376061	16
34070	16
562	16
2714923	16
629680	16
2854170	16
294	16
2929495	16
76761	16
3391182	16
531813	16
2639701	16
73044	16
624315	16
1936029	16
1528104	16
407	16
715340	16
1891671	16
3055079	16
837	16
672	16
644282	16
2975624	16
3074146	16
28084	16
510516	16
3256999	16
2483403	16
3138255	16
2975848	16
2975720	16
2991972	16
373891	16
2725666	16
2500152	16
2903871	16
3138253	16
2708352	16
1784719	16
67825	16
1161	16
379684	16
546	16
65393	16
2903788	16
93060	16
323449	16
2040	16
82380	16
5598	16
3108176	16
1208921	16
2875539	16
712122	16
412690	16
2986834	16
2975903	16
2903790	16
2801030	16
670307	16
574649	16
3156398	16
1069220	16
3042517	16
235987	16
3063957	16
32008	16
2983246	16
2811104	16
2728021	16
32002	16
28137	16
2489212	16
2018689	16
449461	16
3161137	15
1913578	15
2903808	15
40222	15
2994496	15
1214604	15
3061628	15
248906	15
2583587	15
2136173	15
1538159	15
1448059	15
1291556	15
3383314	15
67280	15
1294143	15
1822464	15
380	15
1902245	15
2914159	15
794846	15
69781	15
2591109	15
3239306	15
1906741	15
33025	15
53358	15
199592	15
3082949	15
42444	15
3344874	15
882626	15
496057	15
246787	15
886293	15
2897332	15
3342246	15
2653178	15
674529	15
164608	15
1795	15
2978473	15
2878150	15
3051120	15
1268659	15
2654249	15
2809707	15
1513468	15
3098762	15
486698	15
564369	15
1842539	15
3160834	15
2493668	15
2615042	15
818	15
265883	15
3131927	15
2764720	15
1871050	14
135614	14
157687	14
2259622	14
2643310	14
346	14
1431246	14
3143936	14
2777475	14
574710	14
204455	14
1211813	14
165697	14
2626991	14
2714952	14
2903752	14
2831148	14
2785056	14
2903700	14
3026420	14
299767	14
2604941	14
446374	14
2930091	14
946333	14
2552945	14
2903897	14
558152	14
2903824	14
371142	14
2483799	14
2015076	14
675281	14
37763	14
434010	14
983548	14
67345	14
3046670	14
2728835	14
1006	14
1932	14
2999062	14
57037	14
1406	14
1435069	14
2637762	14
69284	14
33883	14
5204	14
70775	14
2820278	14
2729175	14
2986831	14
1690221	14
1920422	14
1835	14
735	14
3163031	14
3388343	14
1219032	14
2997339	14
2741701	14
3056648	14
2633591	14
1785128	14
2482763	14
258505	13
2675523	13
39688	13
2493676	13
156977	13
200451	13
76760	13
207559	13
3116862	13
47858	13
169430	13
45668	13
2483798	13
2763257	13
1325100	13
2175864	13
640205	13
2799326	13
716545	13
205922	13
545619	13
46677	13
1609531	13
216816	13
3003258	13
1643826	13
2493672	13
3075199	13
1463165	13
1691904	13
1138587	13
2305220	13
1006155	13
56455	13
2980107	13
153731	13
2745494	13
1890424	13
3028316	13
2865838	13
2975741	13
207340	13
2602016	13
3162562	13
2884264	13
80868	13
179408	13
2589976	13
3372854	13
2909283	13
1312364	13
2706887	13
2078691	13
2070	13
3015999	13
435897	13
1651941	13
86335	13
2714844	13
861	13
3367525	13
3075198	13
544433	13
2545455	13
2931400	13
39488	13
2943498	13
2681766	13
1118202	13
507626	13
146819	13
3029053	13
114	12
191	12
2742603	12
1419277	12
28450	12
2585771	12
114686	12
1532555	12
4781	12
2981135	12
796027	12
2496865	12
235627	12
42684	12
1335061	12
2499145	12
3079935	12
2779445	12
379347	12
29449	12
1642299	12
2968500	12
2975703	12
1761453	12
2721245	12
754423	12
2864206	12
512298	12
249567	12
186817	12
1805827	12
3050112	12
3341830	12
665577	12
2715164	12
3157618	12
380021	12
1827526	12
83451	12
3138252	12
2802641	12
2782167	12
2493675	12
2684926	12
2903887	12
665007	12
1775910	12
2518989	12
1798223	12
45398	12
577650	12
80860	12
2830992	12
1545728	12
2587808	12
2072408	12
41276	12
2954771	12
317	12
674703	12
262209	12
3366811	12
1349819	12
2716225	12
1701758	12
3238624	12
2852098	12
2903717	12
227605	12
3040076	12
2966554	12
1855352	12
2915619	12
3039154	12
28056	12
28129	12
463025	12
2744522	12
2985506	12
391953	12
521	12
3016528	12
321662	12
1644131	12
684552	12
3016092	12
132473	12
2831106	11
2978392	11
3133117	11
363835	11
2975751	11
2851598	11
55080	11
28116	11
2705472	11
2912855	11
3239388	11
2083284	11
1080068	11
2603598	11
2808963	11
2686361	11
2931382	11
2903836	11
2903755	11
2662363	11
192	11
3020883	11
2967130	11
2975701	11
1357915	11
2994035	11
204042	11
2903678	11
2498135	11
710705	11
2903619	11
1415775	11
3062779	11
1016987	11
550	11
356302	11
1849967	11
3081768	11
69277	11
2665642	11
3129112	11
2903901	11
2903778	11
2653857	11
338963	11
1432050	11
2903719	11
2494234	11
2903750	11
683047	11
2950074	11
380703	11
2797167	11
1122214	11
1561023	11
3094839	11
29448	11
419476	11
216778	11
28213	11
227292	11
2908843	11
2982531	11
270351	11
255045	11
251699	11
2493673	11
2961893	11
2638500	11
119219	11
3015161	11
29549	11
3040203	11
151783	11
273678	11
1386	11
582680	11
2678260	11
3238801	10
3035531	10
2744517	10
261654	10
2982533	10
2781978	10
2890311	10
110322	10
2969247	10
184914	10
2871169	10
1592790	10
319706	10
863239	10
2903578	10
2048897	10
2820002	10
3138254	10
1196835	10
114277	10
2908645	10
2995223	10
2644732	10
715473	10
134601	10
530584	10
2835648	10
208602	10
2932250	10
150123	10
1411621	10
2976003	10
1297742	10
2933290	10
3036128	10
2000	10
3388267	10
2718938	10
47865	10
75692	10
2663824	10
2745	10
2493681	10
1352936	10
2493678	10
3344876	10
2493680	10
654	10
68231	10
1838286	10
134536	10
2493674	10
2768068	10
110319	10
984307	10
2486272	10
538381	10
2220095	10
2789776	10
13160	10
213418	10
3160833	10
3040605	10
2903766	10
3029060	10
290110	10
2738	10
981384	10
101070	10
3110111	10
2487887	10
2606450	10
1286	10
83637	10
1350	10
171523	10
2940492	10
107445	10
3344655	10
315405	10
1952	10
186802	10
178214	10
3141702	10
3064531	10
95486	10
470565	10
271865	10
1869241	10
3028710	10
2875540	10
1019	10
2903716	10
151416	10
2930213	10
2249356	10
3062275	10
68212	10
1908341	10
2742136	10
3238623	10
1891207	10
3078227	10
2871095	10
166485	10
2898276	10
2975728	10
2903828	10
2903827	10
2975735	10
3117552	9
2962693	9
3080057	9
162156	9
482	9
2833628	9
1736046	9
2903609	9
3240934	9
2942449	9
1837283	9
2903675	9
2976011	9
2903829	9
2059884	9
2975793	9
2975776	9
2903657	9
2975962	9
3028117	9
2976000	9
184748	9
2875962	9
3133697	9
2020962	9
3044187	9
2903611	9
2493669	9
2744515	9
2057808	9
1286181	9
83681	9
2675229	9
459858	9
2618889	9
2778082	9
1133546	9
29486	9
592064	9
106589	9
278153	9
83656	9
1967	9
2987751	9
147645	9
2903587	9
2622653	9
627624	9
16	9
2589074	9
636	9
3114999	9
82633	9
2653681	9
69665	9
2986947	9
2507582	9
2303332	9
925775	9
3138498	9
1752398	9
68336	9
2027405	9
2587847	9
31988	9
758820	9
2899220	9
2772254	9
2649714	9
2072414	9
85698	9
689	9
2593653	9
2894079	9
2636512	9
74315	9
2897774	9
2082949	9
2983606	9
3074898	9
2991051	9
2662361	9
2609255	9
135622	9
1788	9
53406	9
2831967	9
920	9
1404443	9
1122611	9
2668067	9
2041044	9
222	9
1215089	9
2991418	9
1854057	9
3140252	9
2867410	9
1389713	9
1223523	9
2035	9
2900738	9
1536772	9
2895482	9
2508168	9
2854389	9
39691	9
1091494	9
2950108	9
3095609	9
1404245	9
2609666	9
649831	9
3238807	9
2480625	9
36821	9
3031802	9
89053	9
383372	9
2894081	9
2770234	9
76731	9
433659	9
1310165	9
39643	9
171627	9
1843581	9
1241981	9
2984530	9
460265	9
573826	9
1735038	8
3031330	8
37326	8
1678	8
1355015	8
2175646	8
3039160	8
3120525	8
1881061	8
2964669	8
2903798	8
2744523	8
2872646	8
192389	8
2675233	8
1907	8
266748	8
1214101	8
2614442	8
2954087	8
171437	8
3059026	8
3019890	8
2175645	8
2880934	8
3064278	8
3108485	8
1894969	8
2954094	8
2791037	8
2070348	8
3049047	8
3114394	8
1128113	8
79967	8
445930	8
1526412	8
1077946	8
1772	8
1415574	8
1168034	8
2512235	8
69666	8
2735434	8
1499973	8
3076039	8
1922217	8
1117313	8
2903667	8
406818	8
437900	8
943830	8
2705473	8
2493671	8
2903721	8
2013	8
578924	8
392734	8
2049	8
3012344	8
3095076	8
13689	8
1353136	8
2755559	8
2903682	8
2903704	8
1517554	8
2021234	8
863575	8
1192854	8
46352	8
1205910	8
122	8
2853159	8
2663859	8
3160608	8
1708715	8
1393	8
630515	8
182773	8
642780	8
2903705	8
556533	8
2611147	8
1117647	8
1121115	8
234612	8
2592654	8
1874630	8
2963406	8
570161	8
889453	8
2839983	8
1360	8
359385	8
2903822	8
1964449	8
80878	8
1307839	8
2975737	8
3059078	8
2763667	8
3049543	8
2903614	8
365044	8
1756149	8
479435	8
880071	8
1136231	8
55601	8
2975641	8
2903817	8
1848900	8
370622	8
2782654	8
2893883	8
208439	8
1082704	8
2493639	8
2975946	8
507	8
2528964	8
2496265	8
2903673	8
239759	8
2724527	8
106590	8
333140	8
3026418	8
2713414	8
2995141	8
2929510	8
985043	8
115808	8
2870750	8
2055	8
5270	8
670052	8
1267766	8
67352	8
261825	8
3231716	8
94132	8
2708539	8
2763023	8
1004901	8
83291	8
964	8
1827580	7
390988	7
1858609	7
2493670	7
1245471	7
1592106	7
3036704	7
1288495	7
3132259	7
3141541	7
2527691	7
2293567	7
240016	7
45254	7
1617283	7
3051832	7
158822	7
3038927	7
77007	7
857252	7
3042026	7
2201998	7
2666183	7
1358009	7
2153354	7
257708	7
220927	7
3050069	7
2792859	7
36863	7
2975733	7
1442551	7
2903879	7
1922222	7
2589076	7
246875	7
2775246	7
3374550	7
3081204	7
2561924	7
2903627	7
134537	7
3062449	7
1492898	7
2489014	7
1961	7
1436133	7
2654547	7
2975849	7
1458426	7
1446794	7
2804761	7
3273430	7
573	7
2202141	7
1960	7
391905	7
3372858	7
2675877	7
3077723	7
367190	7
709868	7
41275	7
1670800	7
33069	7
285665	7
2283318	7
47920	7
482957	7
80880	7
300273	7
3028808	7
1707785	7
2904245	7
2608887	7
2619320	7
2721545	7
59922	7
43665	7
1913979	7
2903896	7
1274	7
2600596	7
204527	7
1766	7
1479019	7
3004092	7
462710	7
2498848	7
111844	7
2662028	7
1041522	7
398694	7
2903863	7
2908842	7
1494466	7
2878388	7
316	7
2282523	7
2895559	7
3075927	7
3037797	7
2698673	7
279828	7
1481923	7
3074855	7
2903562	7
2954093	7
2644704	7
2895565	7
269660	7
2964616	7
555316	7
446860	7
225298	7
399497	7
3009077	7
40576	7
591154	7
193462	7
3056937	7
66374	7
53462	7
509190	7
3239284	7
2897334	7
743699	7
576611	7
1736691	7
3049772	7
263819	7
2830667	7
1819725	7
326329	7
2811421	7
743836	7
2742132	7
3068633	7
2497989	7
2710756	7
298708	7
2903867	7
2107713	7
2995138	7
2624378	7
3003272	7
2632669	7
351607	7
362837	7
60136	7
2745199	7
3048582	7
2202828	7
53460	7
2975763	7
284034	7
2761578	7
2909587	7
2745490	7
1836	7
3048629	7
56730	7
2986838	7
2592345	7
1586287	7
2975482	7
2496836	7
1938605	7
2975743	7
2618217	7
415217	7
2862460	7
181124	7
1138190	7
3024246	7
2109558	7
2994661	6
116188	6
2572594	6
33910	6
48	6
2033033	6
2219224	6
3095606	6
2870839	6
311182	6
2624265	6
329	6
2004647	6
2027857	6
86171	6
3089814	6
285574	6
2975972	6
2968083	6
326424	6
69218	6
588932	6
36914	6
74329	6
1796	6
666681	6
2903862	6
1534349	6
3118085	6
3112165	6
2986827	6
398053	6
53457	6
2975710	6
3273802	6
2005885	6
1988	6
2903831	6
2094021	6
1163617	6
2979464	6
2856519	6
2865832	6
2975953	6
2907545	6
1191459	6
3031131	6
2975740	6
83559	6
2282124	6
2714925	6
858423	6
2951806	6
506	6
3390038	6
2903797	6
632772	6
626932	6
444103	6
3067653	6
2975804	6
2074	6
1641402	6
2109914	6
2801029	6
2698458	6
2903588	6
1404741	6
2999067	6
43770	6
448385	6
2419774	6
1804986	6
3234144	6
2913614	6
765912	6
2745504	6
3137451	6
1750527	6
2932245	6
2842356	6
3141539	6
485898	6
2895486	6
1076926	6
413502	6
2782232	6
157783	6
2838335	6
2662033	6
2645039	6
2502791	6
1795630	6
587851	6
1643322	6
2864205	6
398578	6
2070337	6
2116510	6
60961	6
78327	6
2626613	6
1042876	6
1563479	6
667015	6
2916754	6
1850246	6
1454006	6
1695218	6
2686365	6
1813451	6
343	6
28113	6
2920935	6
45656	6
2175648	6
1649480	6
2800373	6
74313	6
2976241	6
2590884	6
2793010	6
553814	6
1852017	6
768528	6
1402135	6
2571748	6
47883	6
2759528	6
2981136	6
103855	6
2319844	6
2026240	6
2609250	6
152500	6
95301	6
3374553	6
1064539	6
2949635	6
2054902	6
2975870	6
33038	6
1526658	6
1283291	6
2895475	6
2596916	6
1813871	6
192944	6
1784713	6
1123269	6
2760713	6
2493677	6
3082549	6
67367	6
149698	6
1942	6
1648182	6
288000	6
356851	6
2791991	6
1593482	6
1325112	6
2173169	6
1041159	6
1404888	6
1117707	6
1137606	6
3068324	6
3028622	6
2991499	6
107401	6
2903571	6
2903572	6
2903645	6
675635	6
100225	6
1851167	6
858422	6
2683193	6
3144168	6
3039385	6
1379903	6
455432	6
2742137	6
3048630	6
3232308	6
2704468	6
2867516	6
2972479	6
3040601	6
85015	6
171	6
42260	6
1930532	6
2975999	6
1484109	6
3238802	6
391586	6
5296	6
2733867	6
68270	6
2975985	6
228405	6
2995304	6
67362	6
2906077	6
2601677	6
196816	6
394221	6
223818	6
546874	6
1041157	6
2865837	6
307121	6
2697565	6
680247	6
173858	6
3066267	6
1915	6
35754	6
2108365	6
283734	5
2303331	5
1680	5
1905847	5
2175666	5
53335	5
716928	5
436663	5
2054227	5
120107	5
2818388	5
758826	5
3052846	5
692036	5
1054	5
1263728	5
378806	5
2567896	5
43306	5
1002689	5
1573	5
59814	5
3142975	5
1903858	5
629	5
1525371	5
2691357	5
2903860	5
3149040	5
147537	5
544	5
2579935	5
3133721	5
3081231	5
2116657	5
3044166	5
1259258	5
111527	5
1926868	5
4909	5
3242192	5
164330	5
1804990	5
271420	5
1198456	5
2909285	5
3015156	5
2778070	5
2079792	5
2829500	5
2859226	5
3039384	5
2599293	5
3127639	5
1367847	5
1053551	5
37923	5
504468	5
2175660	5
2842453	5
1068978	5
1136941	5
1707	5
2600320	5
2637378	5
31958	5
249058	5
1063	5
1608996	5
28117	5
1940610	5
2961925	5
1201031	5
34004	5
2056258	5
1457365	5
767817	5
2629088	5
255984	5
593907	5
28112	5
76862	5
3079014	5
3391614	5
2594265	5
2558931	5
2631404	5
3026423	5
1758689	5
1082930	5
3160989	5
1717717	5
1734049	5
1076331	5
157782	5
412689	5
1141657	5
1121362	5
443226	5
1903412	5
2932251	5
498019	5
3039159	5
2763022	5
712036	5
2494374	5
1513	5
2774873	5
2152891	5
1045776	5
1449976	5
1274631	5
104955	5
2781735	5
1173270	5
75	5
2576926	5
1808979	5
3162567	5
1834167	5
388413	5
2831780	5
3388489	5
3080012	5
108981	5
2903597	5
2895493	5
3073066	5
1624	5
3080013	5
2899123	5
1639	5
2170729	5
2975796	5
2570229	5
404941	5
1578165	5
1653480	5
1404768	5
2975750	5
2898433	5
1882757	5
2997336	5
2903767	5
2903774	5
3081765	5
1812480	5
1185650	5
3144102	5
3014784	5
172043	5
2950605	5
2903821	5
2975745	5
2975700	5
2903762	5
3039153	5
2956784	5
3035692	5
247	5
2758037	5
648	5
648794	5
3116594	5
2715131	5
2629616	5
593909	5
2764185	5
761804	5
2744516	5
225992	5
1746199	5
253703	5
66883	5
75984	5
2774190	5
2954507	5
644	5
1353891	5
2184053	5
83219	5
86664	5
3350178	5
1993	5
440085	5
3080055	5
228899	5
1300347	5
2678259	5
871742	5
467262	5
147541	5
2749995	5
2267699	5
67287	5
321985	5
2775404	5
1901	5
2975672	5
68214	5
996	5
2954679	5
758802	5
1923	5
196159	5
319707	5
2849501	5
68179	5
453602	5
408	5
430679	5
469383	5
564305	5
61624	5
99	5
370524	5
1801	5
212765	5
2879116	5
659	5
1420889	5
85693	5
2956823	5
216929	5
886377	5
2867016	5
203122	5
2762611	5
963	5
117157	5
317655	4
33050	4
2183911	4
1295642	4
3047873	4
2749086	4
2575440	4
2821832	4
2749991	4
2925782	4
652764	4
2653203	4
1717	4
1390395	4
1247726	4
2161816	4
93944	4
762376	4
2283195	4
2968057	4
1598	4
3079339	4
1166950	4
136842	4
2762576	4
1550733	4
2912268	4
48296	4
31964	4
3140245	4
3002436	4
329854	4
2099693	4
133	4
1236517	4
2585135	4
75985	4
2903890	4
2975809	4
1912216	4
2932247	4
376489	4
2975747	4
29494	4
2903723	4
387090	4
2906062	4
94869	4
2840469	4
2884263	4
188913	4
1192197	4
1541170	4
2714945	4
2903575	4
2975888	4
2678261	4
2861285	4
200666	4
2903832	4
3015996	4
2785124	4
316279	4
1882682	4
431306	4
395494	4
3115297	4
2993566	4
198618	4
216142	4
2614639	4
1697043	4
3068634	4
1526571	4
1850250	4
388408	4
473421	4
3240912	4
1855883	4
2976001	4
2082386	4
2975808	4
215580	4
2883100	4
1259844	4
3111767	4
44009	4
518898	4
2675524	4
2744520	4
53376	4
2763056	4
1306993	4
743009	4
3045175	4
745310	4
2663847	4
83455	4
83380	4
2613772	4
3119007	4
416169	4
68286	4
2909671	4
1354275	4
68246	4
1793	4
2975963	4
2572090	4
267128	4
39687	4
1483604	4
2975722	4
3036359	4
1544730	4
1521768	4
2975620	4
1671680	4
2903789	4
2653853	4
83265	4
316058	4
2003551	4
371036	4
129985	4
2952527	4
86661	4
296842	4
2541726	4
2802975	4
13688	4
2630143	4
291645	4
861109	4
2758563	4
1833852	4
1496	4
2753607	4
3376990	4
2051553	4
280333	4
2072503	4
328813	4
2934161	4
204457	4
55211	4
2760310	4
438753	4
58346	4
248907	4
1404367	4
2975634	4
563996	4
408783	4
2975674	4
2900152	4
3015152	4
2626614	4
288436	4
2202000	4
3386277	4
2954092	4
452863	4
3058963	4
319939	4
3039158	4
3111921	4
2630820	4
2175619	4
2926671	4
47917	4
2591145	4
577492	4
200940	4
2741720	4
3039386	4
185642	4
3135258	4
3019553	4
3137368	4
1561	4
183795	4
96344	4
2984843	4
2806442	4
209247	4
2478663	4
2712222	4
1894999	4
1978566	4
123899	4
28124	4
931866	4
392593	4
1885	4
3039851	4
2029849	4
67326	4
2865673	4
2992802	4
1226753	4
1685010	4
75659	4
158892	4
688	4
1283	4
1804624	4
2662397	4
338584	4
370526	4
2026239	4
2496837	4
2764186	4
1207504	4
2975752	4
1896961	4
2099789	4
1777866	4
3055080	4
2903652	4
2646786	4
1282737	4
535	4
1347342	4
2903674	4
1300344	4
3235108	4
3238633	4
3344828	4
1505757	4
3139729	4
343403	4
1336796	4
2975940	4
279	4
2903748	4
861533	4
2975734	4
2986074	4
2749040	4
3122079	4
2903756	4
156889	4
1972598	4
1644130	4
650	4
2758041	4
2782168	4
279238	4
2908837	4
1758194	4
1176536	4
2895490	4
2810514	4
2479392	4
2903779	4
2856556	4
656	4
2609279	4
2714941	4
2903865	4
43	4
398736	4
59739	4
1522432	4
91994	4
2072409	4
1050638	4
2624628	4
2072406	4
296	4
1536773	4
3344875	4
2202825	4
294750	4
2755382	4
56780	4
1904944	4
2789216	4
2599401	4
2758572	4
2014537	4
2880933	4
1718	4
2063	4
1836467	4
2558918	4
574096	4
1696	4
2981134	4
2583532	4
67294	4
76831	4
36822	4
69966	4
2842355	4
57704	4
521098	4
323273	4
57493	4
3135262	4
101571	4
2944810	4
3112419	4
2975623	4
1250539	4
93222	4
292	4
2903714	4
2975896	4
3070658	4
1597	4
406425	4
2736649	4
1082933	4
657	4
1225174	4
3047478	4
2903659	4
3230301	4
157920	4
551	4
2914710	4
114615	4
2714934	4
553	4
1685970	4
2623280	4
2893202	4
2592334	4
1045855	4
1245526	4
391735	4
2591108	4
1795053	4
3129773	4
2615210	4
2073078	3
2692234	3
131080	3
414371	3
3053466	3
1279	3
2840468	3
2865833	3
862719	3
245188	3
2736757	3
2797636	3
2483402	3
641107	3
820	3
78543	3
200450	3
53410	3
146922	3
463024	3
1537215	3
357276	3
2903787	3
2126319	3
3062782	3
2291597	3
3159496	3
1428	3
3377215	3
1513890	3
46503	3
3129111	3
595536	3
3298610	3
38300	3
3074430	3
1133849	3
1196083	3
1460244	3
292800	3
2518370	3
1287523	3
3075432	3
108980	3
106648	3
479434	3
1434072	3
173860	3
2778054	3
235443	3
2903672	3
204037	3
2644121	3
1827742	3
1505	3
3095075	3
2174846	3
2975724	3
2724152	3
1507808	3
60919	3
2213200	3
2975718	3
1123251	3
944492	3
518	3
2593973	3
2975708	3
1603258	3
42237	3
2975696	3
2954086	3
2975684	3
983917	3
1383885	3
28127	3
2761619	3
1250205	3
3388853	3
992289	3
158850	3
165696	3
588	3
3111768	3
2724914	3
76857	3
2005462	3
649756	3
2763107	3
3342640	3
1200352	3
328692	3
2604832	3
3003256	3
107400	3
858619	3
1328866	3
2698900	3
1265445	3
2904790	3
483547	3
2562892	3
2987533	3
2039166	3
2020377	3
2203210	3
322009	3
3073268	3
454	3
1114861	3
2919917	3
286104	3
2203205	3
129921	3
342108	3
2975847	3
1742992	3
2886935	3
2903801	3
2895818	3
689904	3
2600159	3
349215	3
2202827	3
1936080	3
2895796	3
2828862	3
2760307	3
95485	3
3018929	3
2590774	3
2878542	3
3350166	3
1619308	3
2970925	3
863372	3
53501	3
475069	3
2527980	3
748247	3
661191	3
680248	3
292462	3
980254	3
2626248	3
2735563	3
1401995	3
120793	3
2708338	3
2708084	3
2528024	3
2603292	3
262	3
2697363	3
3059076	3
3018036	3
2975988	3
39692	3
3015151	3
2760308	3
56454	3
1457030	3
337004	3
232346	3
1408	3
126385	3
2099387	3
373687	3
36813	3
578833	3
28095	3
3104265	3
2903589	3
2763669	3
1893	3
1855823	3
2048654	3
2045452	3
396588	3
1534348	3
2626047	3
1149133	3
2879846	3
145259	3
86663	3
1725	3
43771	3
291644	3
3350174	3
2773308	3
2609252	3
47763	3
53707	3
1416806	3
1774216	3
1898733	3
2876939	3
94624	3
2584094	3
2175655	3
52771	3
2845819	3
1552759	3
171865	3
3016419	3
2903747	3
36839	3
2861282	3
2903681	3
2201999	3
2937787	3
2937788	3
2825844	3
254719	3
47759	3
1226757	3
2715678	3
450378	3
1188229	3
143223	3
2571749	3
652	3
2615035	3
1706369	3
3079861	3
439334	3
3126740	3
2647129	3
2029117	3
2049881	3
1325724	3
36805	3
3081200	3
3053613	3
1789672	3
69367	3
2282738	3
2698679	3
1903411	3
281362	3
2853163	3
1755811	3
2904253	3
2986949	3
551759	3
335476	3
717959	3
2975866	3
53431	3
3002640	3
331648	3
2201181	3
194	3
3027808	3
1134687	3
2638319	3
1573676	3
2681549	3
2909249	3
367299	3
590	3
81460	3
2726117	3
452	3
3019933	3
2861281	3
285983	3
119864	3
3160749	3
748449	3
34087	3
1179673	3
517	3
3129771	3
2282309	3
551760	3
2819978	3
3160841	3
2921636	3
401619	3
2518971	3
3070997	3
1437824	3
2811415	3
182337	3
2771361	3
754	3
1241978	3
641	3
3115209	3
1316596	3
299152	3
74829	3
2975855	3
1936081	3
164759	3
163	3
3028319	3
1841249	3
2608402	3
2911538	3
367282	3
2867022	3
2751189	3
1134435	3
2975765	3
3093867	3
2689109	3
2903563	3
2038776	3
1855616	3
2911539	3
2689102	3
2654190	3
1416779	3
2968086	3
2282170	3
2763540	3
2810347	3
715989	3
652787	3
92947	3
2742129	3
1428684	3
561184	3
2921495	3
3161569	3
186826	3
2686078	3
72274	3
281739	3
4751	3
511	3
1727164	3
1578	3
1523415	3
195709	3
2954546	3
2752515	3
47770	3
2995142	3
2184519	3
28251	3
717605	3
3070660	3
3231487	3
526225	3
3144843	3
1404	3
152335	3
1396826	3
3093845	3
1416627	3
1775881	3
3080532	3
2059672	3
168934	3
2921503	3
1423822	3
3028735	3
1535768	3
578920	3
3063533	3
170679	3
1827469	3
1609966	3
3241166	3
136468	3
2069432	3
2976822	3
1141883	3
537	3
103816	3
2912315	3
48664	3
553510	3
2968490	3
2903595	3
2975991	3
1736674	3
2789856	3
195105	3
55404	3
754429	3
2748098	3
2894202	3
2751478	3
2746961	3
3042299	3
2736640	3
1073571	3
1940621	3
1516159	3
225422	3
2903585	3
2894156	3
188144	3
1327635	3
2867409	3
1116375	3
323097	3
1411117	3
2872652	3
3242725	3
3127472	3
2867408	3
1176198	3
2921389	3
2678257	3
2933816	3
67350	3
2944234	3
1173025	3
2742796	3
3228789	3
2487344	3
401471	3
2872154	3
990078	3
1306992	3
2898149	3
3342247	3
2921549	3
2954090	3
1546107	3
2937286	3
1071380	3
296591	3
1395974	3
488545	3
1478	3
1193729	3
2975900	3
3114367	3
649639	3
2903869	3
1112	3
44010	3
2599600	3
1344094	3
1352	3
2110	3
36809	3
2777983	3
2979468	3
349521	3
691	3
2975645	3
2740529	3
3138567	3
200643	3
2721173	3
3042320	3
1852381	3
280	3
2903638	3
2803858	3
2358479	3
1560345	3
2931983	3
585455	3
2736875	3
2918170	3
1085623	3
2813578	3
375	3
848	3
83627	3
2511995	3
118613	3
1071383	3
1611770	3
3114537	3
3135644	3
292913	3
2823807	3
882101	3
2883205	3
3122054	3
564137	3
1324796	3
2795724	3
1715720	3
2749999	3
122358	3
1179773	3
585	3
2864101	3
318683	3
2822368	3
2917691	3
273251	3
35753	3
2547399	3
2975961	3
2975995	3
187304	3
76892	3
1005048	3
2975859	3
2809031	2
173	2
53408	2
762210	2
168935	2
37332	2
3096010	2
2995154	2
663	2
2708082	2
402881	2
3113369	2
1390	2
3241170	2
317577	2
493	2
1792	2
37482	2
1702325	2
1241834	2
1802	2
38310	2
2686360	2
2618429	2
314722	2
490731	2
2714931	2
2638727	2
1768242	2
58340	2
199136	2
3061627	2
2067065	2
3126698	2
2956834	2
290399	2
1290	2
68	2
2576756	2
2594004	2
48073	2
198251	2
1791	2
2911172	2
1315282	2
1307761	2
1088721	2
2712698	2
2975688	2
2903557	2
43768	2
545	2
457921	2
2743000	2
2596890	2
4890	2
571	2
930166	2
548	2
2711156	2
42234	2
1771	2
2698688	2
679318	2
2594269	2
2583851	2
76115	2
3088255	2
2614687	2
2903669	2
2853257	2
29447	2
2975989	2
2975322	2
1280	2
3015997	2
1897061	2
53346	2
47951	2
3070656	2
931890	2
2509675	2
750	2
889300	2
1154756	2
2939495	2
2294034	2
1286180	2
686597	2
3041439	2
32	2
1968839	2
995085	2
13502	2
1219491	2
502821	2
393765	2
3034022	2
607711	2
1961713	2
2970906	2
564	2
1690220	2
37637	2
3349878	2
604088	2
3120520	2
3096994	2
185951	2
2949093	2
582702	2
2651972	2
2830842	2
158627	2
278148	2
2768165	2
1314	2
563	2
3057057	2
2903574	2
424188	2
2508880	2
1783257	2
574087	2
3235109	2
160791	2
3078264	2
1769012	2
2969431	2
2590016	2
2847992	2
1457392	2
2306583	2
2341112	2
135719	2
2683590	2
3133972	2
497	2
3350167	2
2903856	2
2609254	2
2021	2
3061629	2
2603276	2
2684113	2
2730847	2
3239420	2
661410	2
2072590	2
2529032	2
2991054	2
3100174	2
3238304	2
76123	2
1178515	2
2933797	2
1348584	2
2682456	2
537011	2
2929493	2
2742135	2
41899	2
1545044	2
190148	2
129817	2
2596913	2
2943192	2
2605989	2
3015168	2
1328306	2
3049350	2
2004710	2
2975974	2
2320270	2
92826	2
2728851	2
3379707	2
2025658	2
3392115	2
2903536	2
3108391	2
485447	2
70856	2
263765	2
2057741	2
1670	2
150203	2
485915	2
388357	2
2810516	2
2597659	2
901	2
1270	2
37927	2
3061626	2
1241982	2
53362	2
618	2
76259	2
3067275	2
2136401	2
2903861	2
33057	2
3064901	2
1649184	2
2867231	2
2913412	2
3153752	2
1660	2
1597781	2
272942	2
1608957	2
28556	2
2921466	2
1306526	2
281090	2
1274359	2
2954082	2
2811108	2
1211579	2
313596	2
2630292	2
1853231	2
265426	2
1032066	2
3233575	2
2921704	2
2772253	2
3242492	2
2994971	2
47420	2
2738125	2
2058137	2
1353886	2
2898431	2
40410	2
1884637	2
391038	2
3073902	2
2774562	2
1561005	2
57975	2
645517	2
887462	2
596154	2
1927	2
1930071	2
2998080	2
2493633	2
2426	2
1217282	2
83461	2
340	2
1837993	2
1573719	2
463	2
1915309	2
925818	2
2879619	2
2172099	2
2826993	2
349967	2
2770322	2
3140246	2
2100422	2
960	2
450851	2
3388653	2
396015	2
2355	2
2072936	2
1269	2
2175650	2
2420509	2
47875	2
1921001	2
162496	2
3112558	2
2486273	2
265175	2
2662261	2
1922226	2
2975930	2
155976	2
2903850	2
52	2
2903702	2
3238630	2
2606626	2
1985873	2
2975891	2
1537242	2
1131492	2
3058420	2
1030	2
2894201	2
444597	2
158891	2
1288410	2
33051	2
1759442	2
2660641	2
292414	2
76759	2
1630406	2
1344959	2
3133089	2
2860286	2
3016050	2
3126100	2
60550	2
93218	2
1229726	2
2903833	2
39645	2
2849039	2
1348585	2
2483033	2
2936507	2
2975441	2
238834	2
1868794	2
362257	2
251221	2
2742683	2
3038772	2
28894	2
93681	2
77095	2
1761016	2
877500	2
2650158	2
1824638	2
2070761	2
48076	2
2903570	2
266062	2
3078265	2
152331	2
1889240	2
3015170	2
2527976	2
1162966	2
2596912	2
96345	2
477245	2
1855519	2
2714937	2
2975969	2
83655	2
1027966	2
2794344	2
55212	2
291208	2
2202826	2
1173273	2
3243021	2
2898441	2
935293	2
2020313	2
2630326	2
3240913	2
2861279	2
3122055	2
2830997	2
1631968	2
3135646	2
2816454	2
1778	2
2830995	2
2782659	2
3080015	2
2590772	2
208375	2
156980	2
2072412	2
1235591	2
1114873	2
2928472	2
3036374	2
3367513	2
2969308	2
2795000	2
747	2
2617939	2
875808	2
682998	2
407020	2
106634	2
2656760	2
2778876	2
404432	2
702113	2
458032	2
356852	2
47857	2
47989	2
1094342	2
517418	2
941907	2
2654191	2
2728827	2
2729104	2
715475	2
2048283	2
1661694	2
573370	2
3028711	2
2903841	2
1811807	2
2203204	2
2981138	2
2420135	2
1223802	2
2903646	2
2975842	2
2903710	2
2903642	2
2944250	2
103817	2
511995	2
706439	2
1852022	2
1646340	2
2704463	2
2975739	2
1296669	2
576131	2
451871	2
266117	2
1566358	2
2921711	2
136846	2
2058625	2
2487276	2
2587851	2
2045208	2
2517899	2
487174	2
1453352	2
483913	2
1510150	2
2767188	2
2820661	2
1397	2
1785161	2
424800	2
190323	2
2995143	2
2918526	2
633149	2
86665	2
664426	2
1542730	2
2779527	2
2316085	2
621374	2
2560058	2
3030830	2
298654	2
2040469	2
33986	2
983544	2
190721	2
2364649	2
926550	2
2599595	2
2792224	2
151781	2
2528023	2
2745495	2
2842348	2
762833	2
1071679	2
1502	2
75105	2
196858	2
2517362	2
67351	2
1295534	2
2774460	2
1796620	2
2997337	2
62763	2
1481663	2
2686304	2
85413	2
2047724	2
1354726	2
2901189	2
2548456	2
32046	2
452529	2
262324	2
68233	2
742737	2
1924	2
1512	2
1539056	2
1973481	2
47421	2
2011159	2
213849	2
28447	2
501572	2
2925843	2
2647000	2
435905	2
2973512	2
1844051	2
2962597	2
2841064	2
1987723	2
3136561	2
3028807	2
1981174	2
2748080	2
570505	2
288004	2
3383025	2
475662	2
2636026	2
2760084	2
2839623	2
33	2
1965444	2
1764	2
194690	2
2904242	2
1069221	2
194963	2
2782641	2
2642494	2
2774189	2
2065378	2
300028	2
577	2
2233851	2
2201350	2
1620421	2
2126321	2
104102	2
2748629	2
2742602	2
28104	2
2562282	2
3050203	2
3004095	2
1430440	2
3143534	2
3016094	2
3065298	2
1415166	2
1921510	2
2766784	2
263358	2
2175667	2
1530123	2
3144103	2
387093	2
2898151	2
3076764	2
73029	2
2290923	2
2893882	2
2785911	2
2975947	2
3100173	2
75385	2
1441930	2
3231715	2
584	2
2968084	2
1981880	2
2903783	2
2779671	2
3238625	2
2975723	2
453162	2
43263	2
2975742	2
204441	2
111015	2
77635	2
2810513	2
2571115	2
1620385	2
1437449	2
38304	2
481181	2
1885674	2
496014	2
1907575	2
2866311	2
2014887	2
2725563	2
2996034	2
334852	2
2866282	2
1226752	2
3118084	2
945844	2
2769491	2
2738142	2
2597701	2
1452	2
395598	2
2071621	2
49283	2
621456	2
192812	2
400634	2
1079985	2
1813468	2
1917485	2
3070659	2
1944	2
2842357	2
208199	2
571913	2
237609	2
2904523	2
34061	2
35814	2
3350098	2
28037	2
3158582	2
2528009	2
2017485	2
2626550	2
180957	2
384636	2
2773266	2
366394	2
285107	2
76594	2
212663	2
1890	2
2807512	2
57497	2
169427	2
308754	2
754035	2
1307	2
2975965	2
2571747	2
2812658	2
2650157	2
1854	2
28065	2
1239415	2
1926494	2
839	2
394958	2
2907827	2
2806443	2
453842	2
729	2
2640874	2
853	2
285562	2
760568	2
27291	2
39777	2
2732163	2
265	2
3243051	2
2018065	2
453783	2
413882	2
2672570	2
658446	2
58344	2
2604537	2
1531	2
2975964	2
2886375	2
320912	2
3014997	2
1587	2
1077935	2
2851642	2
2652443	2
3093850	2
3350175	2
1649453	2
702745	2
630	2
266061	2
693982	2
2685869	2
327575	2
402297	2
556288	2
704125	2
1582259	2
114054	2
1074311	2
2219696	2
1408224	2
39491	2
3123317	1
463191	1
2138101	1
1637837	1
2862331	1
1160718	1
2377	1
436397	1
67332	1
1260	1
243899	1
31963	1
1357288	1
215691	1
164328	1
103690	1
1896175	1
2688777	1
56107	1
1734031	1
420662	1
70799	1
376175	1
1170562	1
373994	1
29442	1
1894	1
452440	1
46679	1
235986	1
1442557	1
1421430	1
2751170	1
1218	1
1268041	1
2627481	1
3096217	1
4783	1
2109915	1
2792601	1
132604	1
1001585	1
2698686	1
69	1
2016068	1
2933959	1
1038922	1
2904252	1
596153	1
38313	1
1328770	1
2735436	1
171284	1
92757	1
29562	1
2752316	1
157	1
1235461	1
1076550	1
177439	1
28183	1
2822760	1
192843	1
157691	1
109328	1
388272	1
3060154	1
2489213	1
2202254	1
1111069	1
419479	1
670487	1
2810535	1
2975689	1
2049589	1
555317	1
480520	1
2706126	1
76832	1
2907534	1
3158549	1
2054914	1
553611	1
2219057	1
2054915	1
48408	1
2559074	1
35	1
936337	1
2714938	1
1506334	1
2518371	1
153265	1
2895483	1
4893	1
1018	1
3240264	1
312309	1
860228	1
2954097	1
683124	1
2954814	1
2740163	1
2419771	1
2973088	1
134875	1
72763	1
2976883	1
1850238	1
1285901	1
3042152	1
3133144	1
1516059	1
1032480	1
3122375	1
3118751	1
3068889	1
2769024	1
2775081	1
2569540	1
515393	1
528343	1
2964606	1
119981	1
3094916	1
1750	1
56460	1
2731755	1
2866626	1
2419844	1
2855434	1
2815936	1
3160966	1
2562284	1
1008307	1
2931399	1
3388490	1
487862	1
2632610	1
2870840	1
454595	1
2636767	1
3142537	1
2769351	1
2886044	1
3023370	1
1671	1
149696	1
1620392	1
2627398	1
881260	1
728066	1
29459	1
487557	1
3243407	1
1663	1
354349	1
3024248	1
2745518	1
119045	1
3038924	1
450	1
96232	1
31998	1
83654	1
3024242	1
2954101	1
3234138	1
754476	1
717772	1
299583	1
622488	1
426355	1
3069686	1
2813577	1
2976431	1
449673	1
1738770	1
146017	1
260364	1
85968	1
117567	1
1395624	1
326297	1
186650	1
1479524	1
2045214	1
2071710	1
2807101	1
2785918	1
864069	1
3385969	1
3145017	1
2991729	1
2099695	1
61645	1
655352	1
1347420	1
293088	1
1816219	1
3080830	1
2689569	1
120959	1
2778064	1
2594005	1
3127470	1
1759089	1
1763536	1
701042	1
2691571	1
2079227	1
137584	1
2303750	1
218936	1
196024	1
77643	1
1773	1
886343	1
2996261	1
3112573	1
1682113	1
480418	1
3036714	1
386911	1
1775	1
2879621	1
1402210	1
43948	1
595494	1
2894192	1
3384161	1
29314	1
2838238	1
289376	1
1128330	1
3075419	1
3009083	1
1704044	1
1118379	1
1795032	1
2871174	1
2894187	1
3016006	1
225143	1
2886938	1
3342386	1
2047966	1
1890302	1
319017	1
64104	1
3073816	1
1982042	1
3043847	1
439387	1
2594007	1
1727214	1
2782655	1
717785	1
2682968	1
2812000	1
2898442	1
3021710	1
2742204	1
2890318	1
1830	1
1805840	1
2994487	1
2603215	1
2607663	1
3341829	1
99653	1
2628350	1
1223566	1
1173101	1
1704499	1
1047172	1
3140247	1
2903591	1
712	1
1874361	1
2654282	1
189834	1
53336	1
2651583	1
135577	1
724	1
3140244	1
727	1
2822844	1
3035454	1
656366	1
1823	1
96468	1
2055889	1
28209	1
1125847	1
2065312	1
1443893	1
137545	1
2066133	1
2995155	1
2319843	1
2992140	1
3074378	1
525897	1
3383589	1
85402	1
2742145	1
1404864	1
2975753	1
1684	1
1916917	1
290340	1
1325115	1
1188315	1
1904616	1
1169025	1
1348613	1
1508451	1
2755338	1
249586	1
1503053	1
980251	1
1884263	1
2759707	1
488446	1
28111	1
3109366	1
1463158	1
488732	1
82987	1
1009846	1
2745562	1
2914041	1
103796	1
3392114	1
2585716	1
556548	1
2565558	1
1914871	1
622759	1
99598	1
200452	1
3350170	1
255519	1
2975857	1
2815720	1
2592814	1
2645906	1
65656	1
2126346	1
2907159	1
2527995	1
1003195	1
59924	1
292564	1
33170	1
522448	1
47678	1
2109913	1
1792846	1
2558361	1
2234087	1
1678128	1
1395516	1
2132	1
756272	1
1276257	1
2781021	1
2102	1
1632864	1
53558	1
2112	1
3238629	1
1821621	1
2975712	1
46680	1
2675219	1
2992441	1
1121451	1
2975706	1
1441457	1
2975705	1
1408271	1
106370	1
1488356	1
1392877	1
2823693	1
446470	1
136841	1
468914	1
2017482	1
2018067	1
290397	1
3162530	1
3119977	1
2697023	1
411684	1
40137	1
2766526	1
245876	1
1649877	1
300019	1
2811424	1
2614693	1
3075837	1
3162563	1
3071408	1
1437009	1
97481	1
1486246	1
2500546	1
69328	1
69929	1
3075222	1
2665643	1
1848904	1
2895495	1
39122	1
3235110	1
169480	1
2733487	1
47312	1
152263	1
322509	1
2829795	1
2866570	1
728	1
2886361	1
1615494	1
33995	1
2103230	1
44742	1
2661800	1
755732	1
2043170	1
2708079	1
2976884	1
2829499	1
2569541	1
2992837	1
1046	1
627192	1
2878545	1
3024245	1
1744	1
3094846	1
2057246	1
321846	1
3139142	1
1667327	1
765911	1
343874	1
1886786	1
2975967	1
203682	1
2731756	1
2811422	1
765910	1
1696072	1
694327	1
44933	1
1765967	1
1573712	1
314285	1
321661	1
2792603	1
2305987	1
2733488	1
648999	1
929813	1
2975981	1
2975980	1
2675222	1
1338011	1
3016097	1
2624044	1
3137766	1
3016096	1
496857	1
1977865	1
657419	1
1906738	1
1873716	1
2894310	1
3110772	1
3025670	1
1903414	1
204286	1
2182432	1
1742989	1
698828	1
135616	1
3094835	1
2175641	1
1883414	1
1003110	1
1813611	1
2547600	1
2749844	1
1865	1
1933880	1
2161677	1
1357916	1
3066149	1
2919499	1
512565	1
3040509	1
458817	1
67081	1
1184267	1
2724468	1
927083	1
2993563	1
2175620	1
1646	1
930169	1
949	1
272630	1
226	1
2976533	1
1628392	1
2975959	1
2994951	1
2448482	1
2711215	1
1346319	1
2857060	1
2686358	1
33059	1
861299	1
3066251	1
1798205	1
227318	1
2175674	1
2676525	1
1123271	1
2806210	1
1784	1
2821542	1
33988	1
766	1
2578107	1
2682487	1
76116	1
2897342	1
2175632	1
2856522	1
38308	1
645	1
2830999	1
327511	1
3057176	1
2067960	1
198107	1
1719132	1
96773	1
482462	1
2997335	1
110505	1
3035452	1
3003265	1
3025315	1
59201	1
2175635	1
3151487	1
44139	1
43658	1
2886359	1
247523	1
2919322	1
2006115	1
2652442	1
94	1
2962632	1
756892	1
2897772	1
1648404	1
1862145	1
3133976	1
40214	1
2809020	1
1652545	1
2962047	1
578928	1
2663121	1
70348	1
2567884	1
3080014	1
2976005	1
2830998	1
68288	1
376	1
543736	1
1917421	1
267893	1
2036	1
122355	1
70346	1
2946699	1
334542	1
3133974	1
3391839	1
2800818	1
1685958	1
3153301	1
1510570	1
2963939	1
1325102	1
330734	1
941986	1
2903593	1
1404429	1
715471	1
65496	1
157339	1
1325114	1
485	1
490759	1
2909673	1
1931275	1
1379908	1
2211210	1
2995413	1
146919	1
1690815	1
29507	1
52584	1
940	1
2725494	1
59202	1
2704653	1
682798	1
628	1
2739061	1
228602	1
452627	1
37921	1
3064529	1
574976	1
3241169	1
3059080	1
2213015	1
745	1
3075605	1
2496266	1
43663	1
244734	1
225971	1
33914	1
2594795	1
2903661	1
136996	1
1697053	1
523791	1
261965	1
2975730	1
1404799	1
2903623	1
881	1
1862358	1
2592815	1
2975897	1
1414719	1
3100113	1
1042	1
400061	1
2643253	1
2975699	1
1572645	1
1192162	1
2565782	1
3034676	1
526222	1
210	1
2968085	1
2602015	1
2593673	1
1333996	1
206351	1
103733	1
2164067	1
1565605	1
2731681	1
104087	1
882082	1
2054	1
43675	1
3036127	1
2718620	1
75294	1
139021	1
2587849	1
2320867	1
157592	1
1150469	1
2639839	1
242600	1
208962	1
2910984	1
2883107	1
2220096	1
2775420	1
2758442	1
1817965	1
2976818	1
2764705	1
85021	1
1909395	1
1682490	1
690566	1
3019969	1
59734	1
580332	1
2006	1
2903599	1
1930622	1
465721	1
2609258	1
47886	1
93064	1
2975987	1
2588535	1
265072	1
2975976	1
3015163	1
709810	1
2583243	1
2653850	1
1639118	1
163604	1
1235441	1
2819280	1
3394751	1
57494	1
664962	1
266749	1
2662065	1
1323731	1
1335757	1
887061	1
3019932	1
561	1
2741499	1
2842349	1
2975918	1
582744	1
2081702	1
2975656	1
180400	1
709883	1
37930	1
2929800	1
2935040	1
1656	1
1914525	1
2872754	1
2565556	1
2984842	1
1246995	1
1881069	1
2939414	1
2057743	1
2703788	1
2024580	1
1872427	1
3018035	1
1635171	1
1655	1
2975921	1
1176646	1
2495430	1
33990	1
2762748	1
131110	1
2806553	1
2725288	1
131111	1
2930049	1
2033869	1
146937	1
2983215	1
2051	1
2879427	1
1653174	1
1061	1
638	1
355249	1
32011	1
1123384	1
290315	1
1193503	1
46541	1
2983232	1
444444	1
305	1
3045147	1
2975955	1
2871170	1
1549855	1
2004650	1
1761794	1
1584	1
300181	1
882824	1
2602067	1
2012495	1
202951	1
1196095	1
3073064	1
2807096	1
1564165	1
2579971	1
281093	1
871203	1
3108389	1
926	1
34105	1
2878153	1
2716812	1
3003483	1
92647	1
1307763	1
3149228	1
2594913	1
2419772	1
1631871	1
2970891	1
1884913	1
498848	1
2419773	1
455344	1
485870	1
2867012	1
2654982	1
2816956	1
2843215	1
2624466	1
2975682	1
2903582	1
644652	1
665914	1
379893	1
2492396	1
2730359	1
89065	1
2975671	1
657308	1
914150	1
2600598	1
2732487	1
2849779	1
3231270	1
1670830	1
2903838	1
53407	1
3035278	1
5042	1
186822	1
3096006	1
2601898	1
1758178	1
1303376	1
582	1
2903757	1
875171	1
1086632	1
2903724	1
279058	1
158899	1
3080537	1
2903722	1
3028312	1
2590869	1
85019	1
2903781	1
3374599	1
2903883	1
447792	1
2954505	1
291112	1
2837956	1
2878915	1
2831968	1
2487928	1
2748873	1
3048494	1
483545	1
2931974	1
2921375	1
1536774	1
2903846	1
1536771	1
1522758	1
583345	1
587	1
2975904	1
2737173	1
2973072	1
675090	1
2966192	1
3342538	1
2903786	1
3065910	1
52773	1
2967224	1
208223	1
1549858	1
2975622	1
60890	1
69963	1
2575923	1
2903844	1
302485	1
2975714	1
2071607	1
1716143	1
2983214	1
2975769	1
2983233	1
2698828	1
3020055	1
2759526	1
2943848	1
880074	1
2782004	1
2972485	1
2851567	1
629295	1
2765360	1
2697043	1
1858	1
134034	1
1813880	1
1778678	1
1987921	1
497724	1
69964	1
273384	1
2956824	1
375489	1
1224163	1
266940	1
45498	1
414996	1
571915	1
2879119	1
2796139	1
3079304	1
2620175	1
1338368	1
2565926	1
2704462	1
1823759	1
138851	1
2807626	1
2975669	1
160799	1
1906273	1
2898795	1
2639302	1
2683234	1
583355	1
3041765	1
1172567	1
847	1
254250	1
2507538	1
54911	1
3075197	1
199	1
2507935	1
1821625	1
1639133	1
2338327	1
2779362	1
506591	1
879243	1
2903814	1
2744474	1
2970464	1
2779360	1
2494550	1
1392	1
1184151	1
2789739	1
321984	1
2866810	1
2850561	1
2895946	1
1301098	1
3163026	1
2750025	1
1705566	1
666686	1
3132265	1
2835869	1
2903888	1
2921386	1
221822	1
1577075	1
653685	1
1851514	1
2003315	1
614	1
2996004	1
155616	1
2497863	1
2903718	1
3132797	1
29580	1
2684469	1
2762591	1
2866162	1
33889	1
44251	1
3376989	1
414771	1
1423	1
4952	1
189691	1
2956832	1
358099	1
59893	1
2589974	1
1925020	1
796606	1
1071378	1
2587846	1
190650	1
2796366	1
2966586	1
2744027	1
75682	1
2918528	1
1652028	1
69395	1
2609844	1
2918765	1
2094025	1
2675331	1
1851544	1
3043332	1
206506	1
68274	1
3070678	1
3041098	1
220687	1
1193713	1
1742359	1
28118	1
316284	1
3028318	1
2716226	1
3141322	1
3141459	1
401053	1
1191162	1
1031542	1
3230487	1
1472416	1
1622118	1
324767	1
2745560	1
1331682	1
3115295	1
1407	1
2028345	1
2829501	1
2942909	1
544645	1
60137	1
3140381	1
2217867	1
2813780	1
2508882	1
1402861	1
2979868	1
3381356	1
1737571	1
3093873	1
1353889	1
217204	1
3385991	1
413503	1
2995170	1
1760811	1
1238184	1
1803846	1
3142974	1
767452	1
2636677	1
1209327	1
2893881	1
1078471	1
2921550	1
2756133	1
3382641	1
3240930	1
2932255	1
2567941	1
2932256	1
413497	1
487184	1
189381	1
3156079	1
3118174	1
3141581	1
1708783	1
3068314	1
2282475	1
439292	1
2651284	1
2921616	1
1334193	1
2850441	1
1300342	1
2585118	1
986075	1
330922	1
3095364	1
2213194	1
2719912	1
82995	1
3069105	1
1372	1
1535207	1
2763498	1
459472	1
445710	1
2986766	1
2762563	1
472181	1
1535208	1
283735	1
1571	1
463040	1
861445	1
367743	1
1217721	1
2954681	1
42906	1
2911537	1
1508404	1
463014	1
2780077	1
538949	1
666685	1
1912064	1
926566	1
61647	1
2854260	1
2937786	1
33028	1
1295	1
308354	1
1605891	1
1855895	1
3395468	1
2865112	1
2875764	1
1461582	1
446469	1
2763317	1
3034233	1
556053	1
2904119	1
1903704	1
3022126	1
1855610	1
44013	1
717610	1
445709	1
2923366	1
2716227	1
1352941	1
93220	1
1486034	1
340146	1
471853	1
2624094	1
1426	1
2916802	1
129337	1
198467	1
1851148	1
1276	1
669	1
294699	1
680	1
1125966	1
1471761	1
3160830	1
3160863	1
2675780	1
3028315	1
1941349	1
1714848	1
29391	1
93217	1
1380362	1
536019	1
586239	1
3233343	1
68042	1
1715691	1
653045	1
2881234	1
28097	1
576784	1
2983229	1
2879107	1
554	1
2932268	1
1891186	1
3045158	1
525326	1
2608929	1
2750620	1
2485124	1
2599297	1
1888890	1
227945	1
1423720	1
979	1
3144973	1
2978973	1
2686362	1
47715	1
2634405	1
1642647	1
1613	1
2681984	1
2675779	1
2489010	1
1387353	1
1778540	1
2705548	1
148814	1
3093872	1
2903564	1
2767842	1
283643	1
3391828	1
164393	1
2588711	1
3120278	1
3098914	1
420953	1
2997333	1
935548	1
1301	1
2133944	1
43617	1
1912599	1
2058152	1
55968	1
1549850	1
3042300	1
1302	1
2066070	1
2737	1
1296096	1
2705471	1
2211211	1
1123043	1
2912314	1
2026199	1
2817385	1
2496866	1
1351	1
2751178	1
1323664	1
2608253	1
1868793	1
1259973	1
82801	1
1336802	1
35806	1
2589990	1
34008	1
313590	1
1030157	1
1210884	1
1938607	1
3136564	1
3074437	1
374606	1
3373596	1
2507159	1
762982	1
3137860	1
97138	1
3137857	1
113	1
2714942	1
3018314	1
2613965	1
2903960	1
399176	1
2608999	1
2635139	1
1796606	1
2979870	1
2813744	1
1177574	1
2022337	1
386415	1
84022	1
2818493	1
1716543	1
908937	1
1520	1
2320868	1
68334	1
1504	1
1501	1
2722756	1
1488	1
1040979	1
1498	1
82541	1
69223	1
1042878	1
2903900	1
217139	1
2184575	1
104623	1
216851	1
34007	1
712471	1
2560053	1
3018446	1
3234199	1
2528021	1
2518605	1
588581	1
699246	1
12916	1
3082771	1
2528005	1
3062169	1
2635733	1
831	1
3394334	1
285558	1
33014	1
871963	1
285578	1
1855416	1
626940	1
2768069	1
568	1
768706	1
3046382	1
663365	1
68278	1
2022749	1
3046383	1
498761	1
2293317	1
671077	1
2843303	1
2875706	1
1930273	1
3016343	1
2855841	1
251654	1
3017782	1
1071382	1
2681986	1
2806551	1
868595	1
1357279	1
28072	1
2745561	1
1472755	1
31965	1
1886	1
2259340	1
3095341	1
538382	1
33900	1
2635829	1
2843330	1
2065379	1
2906474	1
977880	1
3032282	1
3119568	1
543877	1
2717324	1
1541	1
3350169	1
3075627	1
2127060	1
1225128	1
1945662	1
227882	1
3017783	1
1478019	1
3053610	1
1442032	1
546269	1
195253	1
47878	1
1173263	1
1286171	1
2923272	1
1529068	1
1892855	1
42881	1
47879	1
266	1
59921	1
2976127	1
1950	1
659350	1
1501269	1
86185	1
3033811	1
89014	1
997873	1
3130163	1
226230	1
2527983	1
222819	1
67282	1
1912897	1
285557	1
342942	1
54304	1
60480	1
3385906	1
84531	1
364410	1
565	1
2986281	1
1763363	1
673372	1
2217913	1
66892	1
1179675	1
3066284	1
2820808	1
216932	1
2746932	1
2613784	1
1179777	1
218208	1
86192	1
66871	1
301301	1
198832	1
2814294	1
33923	1
1917830	1
639282	1
935558	1
3077956	1
59299	1
2763062	1
33013	1
635	1
1957	1
324602	1
666	1
2070537	1
1839801	1
643561	1
646637	1
2608982	1
2572923	1
303541	1
80869	1
1216886	1
2880932	1
76859	1
2726434	1
2527973	1
1798225	1
712357	1
712362	1
187101	1
156978	1
1427342	1
161879	1
2627005	1
1336795	1
1484693	1
1121354	1
32012	1
2487892	1
694439	1
347	1
2527971	1
375353	1
1211322	1
2053930	1
504728	1
487849	1
2649760	1
1437875	1
760011	1
1224164	1
2678258	1
2709392	1
2093824	1
2975892	1
2026885	1
2932253	1
1387842	1
238749	1
