taxonomy_id	count
0	22162
1	0
131567	7748
2759	71
2698737	0
33634	0
4762	0
4776	0
4777	47
143452	911
143453	2085749
162120	758970
4783	1
67593	32
4792	0
761204	30
4784	25
129364	18
164328	1
70742	0
542832	22
86335	13
4778	0
4779	23
4780	0
4781	12
33154	22
4751	3
451864	126
4890	2
716545	13
147538	0
716546	420
715989	3
147550	1869
222543	1441
5125	1472
110618	0
5506	784
232080	3000
195108	3495
1328300	3434
569360	891
36050	2152
5518	0
229533	769
101028	0
1028729	440
171631	0
5507	462
660027	168
59765	0
426428	148
171627	9
5127	0
1279085	503
117187	0
334819	136
1042133	186
474942	108
98402	0
98403	5105
1052105	0
2060973	5053
5129	0
5543	206
2034170	1281
63577	1103
101201	947
474943	0
150366	0
2231603	3360
34397	130
124426	0
1159556	1280
5529	0
500148	1123
243023	0
280754	0
1380566	728
1028384	0
681950	0
5455	600
2707350	5143
80884	0
759273	12721
34406	7940
2707335	0
145971	9354
222544	157
5139	285
35718	75
2609811	0
2587410	0
578455	2965
1920207	0
78579	0
573729	2497
110158	0
72143	0
72144	4087
5148	182
5146	0
5147	1133
5140	0
5141	0
367110	551
2609812	0
5144	969
2093780	126
2093777	88
2093779	76
2609844	1
639021	0
2528436	0
48558	289
1578925	1225
318829	0
242507	949
148305	764
147548	0
5178	0
28983	0
33196	0
40559	0
332648	57
715962	0
147541	5
451868	0
92860	0
715340	16
28556	2
5598	16
2499262	0
48095	175
2499237	0
187734	0
5599	62
5027	0
45151	119
683158	0
5453	0
5454	182
451867	0
2726947	0
93133	0
2897311	0
5499	123
1047167	0
1047171	0
336722	114
29002	0
122368	107
147545	0
451871	2
5042	1
1131492	2
5052	32
2720871	36
1069201	81
5062	0
510516	16
2720870	0
162425	0
227321	125
2720872	0
746128	0
330879	122
1220207	76
2720874	0
182096	41
5073	0
36651	30
69781	15
28568	0
5094	0
2752542	0
121627	63
2752537	0
37727	25
33183	0
33184	0
5500	0
199306	0
443226	5
147537	5
3239874	0
3243775	0
1156497	0
460517	0
460519	0
644223	100
4919	0
4909	5
13366	0
13502	2
2916678	0
766764	0
1535325	0
5475	0
42374	0
573826	9
273371	0
1136231	8
36913	0
36914	6
27319	0
3303203	0
498019	5
3300567	0
291208	2
4891	0
4892	0
4893	1
374468	0
5478	34
113604	0
113608	0
1071381	32
4910	0
28985	25
1196389	0
42260	6
4930	0
27291	2
114524	0
226230	1
33170	1
45285	0
931890	2
3163251	0
588726	0
1071383	3
3163253	0
1071379	0
1071380	3
71245	0
432096	0
1071382	1
278028	0
27289	0
1071378	1
3239873	0
3243772	0
410830	0
410829	0
796027	12
3316682	0
4951	0
4952	1
5204	14
5302	0
155616	1
1851469	0
1759442	2
1851468	0
143232	99
1838142	0
279322	41
5234	0
1884633	0
490731	2
1268659	15
1651941	13
564305	5
4975	0
1295534	2
453459	0
1296096	1
5206	0
1884637	2
1859096	0
294750	4
1897064	0
5207	0
40410	2
283643	1
178876	0
235443	3
155619	0
355688	0
36064	0
5250	0
1322061	0
456999	64
452333	0
5338	0
2982316	0
654128	0
34448	0
181124	7
452284	0
5257	0
5267	0
5268	0
63265	0
280036	54
2689624	0
5270	8
1538075	0
162474	0
742845	0
55193	0
2020962	9
223818	6
29000	0
162484	0
5258	0
5262	0
5296	6
27350	0
168172	30
208348	29
112252	0
1913637	0
214504	0
214506	0
36750	0
36751	0
1129544	0
588596	24
33208	0
6072	0
33213	0
33511	0
7711	0
89593	0
7742	0
7776	0
117570	0
117571	0
8287	0
1338369	0
32523	0
32524	0
40674	0
32525	0
9347	0
1437010	0
314146	0
9443	0
376913	0
314293	0
9526	0
314295	0
9604	0
207598	0
9605	0
9606	454
33090	0
35493	0
131221	0
3193	0
58023	0
78536	0
58024	0
3398	0
1437183	0
71240	0
91827	0
1437201	0
71275	0
91835	0
3744	0
3481	0
3484	0
3486	321
71239	0
3650	0
1003877	0
3655	0
3659	152
2	10021
3379134	5860
1224	2319
28211	425
356	337
82115	91
227290	343
357	850
1183400	133
358	136902
1300224	10703
1300225	10699
1435057	373
1176649	761
362	244
160699	3369
2792015	1257
648995	1040
2735528	933
2632611	29
1841651	379
1279031	178
2580515	152
1842536	67
2664893	38
2579248	25
2820002	10
1585697	758
373	455
2862866	364
1183413	347
28099	312
379	472
2613769	466
2815360	2520
2291939	347
2603277	336
2613770	323
2849093	312
2795216	266
2952477	261
2806346	217
3382192	215
3019602	214
3243057	212
2775403	168
2028343	86
3389070	85
3039156	75
1223565	71
2918527	68
2917727	58
2731112	57
3039157	56
1981173	55
2020312	53
3045157	53
2731096	47
3045156	40
2819994	33
3138065	31
2020311	21
2819999	19
3138253	16
3138255	16
2785056	14
3138252	12
3138254	10
2048897	10
3039160	8
2020313	2
3024242	1
3024248	1
2267833	2620
384	137
387	168
936136	53
386	42
395492	90
754523	24
359	179
311403	53
396	120
526949	17
56730	7
142627	0
1041138	127
1368430	127
240521	105
451876	90
2041385	88
50338	78
2081791	68
398	0
698761	55
29449	12
538025	23
323733	0
1432050	11
1328306	2
1312183	43
1138194	35
3019934	32
293958	30
1138189	25
2583231	24
1538158	18
1184720	0
2018689	16
1538159	15
1138190	7
1076926	6
2867516	6
3019933	3
158891	2
3019932	1
1525371	5
399	34
323655	0
1028800	240
323656	0
1028801	100
2629175	0
1825976	187
2978974	40
2060726	23
515361	36
1612611	0
2643050	0
3133975	95
3031126	61
1395951	22
78526	0
3025782	0
311402	131
379684	16
1903858	5
1335061	12
1125847	1
323620	19
2643062	157
879274	3835
2715959	395
2925841	91
352475	1504
1967501	63
2871820	39
227292	11
28105	34
2613772	4
1842534	345
2613773	45
794846	15
382	62
1041157	6
693982	2
1235461	1
110321	49
366394	2
935558	1
663276	0
380	15
394	23
882101	3
1128330	1
375549	34
110322	10
1752398	9
680247	6
716925	0
716928	5
158892	4
194963	2
1408224	2
680248	3
501572	2
106591	0
106592	163
2633371	0
2811423	57
1041159	6
555315	20
1708715	8
3070965	0
2926709	216
2040486	0
2040488	0
2040489	25
274591	0
288436	4
2614931	0
1620421	2
3388653	2
244596	0
411684	1
2853332	0
1813451	6
2919917	3
2661800	1
2661801	0
3028319	3
2341112	2
1649463	0
2647570	0
2305987	1
2831106	11
46913	81
196773	225
1736675	1337
2976680	1050
3017325	1015
1871048	961
2976459	950
2806348	523
3126689	423
2083786	327
3345148	245
2499144	101
2759954	82
3026161	82
3049774	82
400770	239
2774137	231
191302	224
2917991	107
2657486	105
2860336	101
2801335	100
3026418	8
3026423	5
1082930	5
1046114	19
531813	16
2623280	4
2967130	11
1881069	1
2984530	9
1573407	0
1335043	27
1447062	27
3064792	0
2909283	13
2831100	0
85413	2
2653178	15
3350165	902
2020412	326
1792307	65
1867715	61
2969621	43
2015316	38
2599640	24
1842539	15
1871050	14
3080057	9
3068632	54
151416	10
1526658	6
41294	17
374	139
2631580	57
2782665	23
2782662	20
1325100	13
2954771	12
3039154	12
3239388	11
83637	10
1404443	9
592064	9
2782654	8
578924	8
115808	8
3049772	7
288000	6
1325112	6
1404888	6
858422	6
2831780	5
3080012	5
3080013	5
3039159	5
3039153	5
1521768	4
1685970	4
3139729	4
3039158	4
3140245	4
114615	4
3344828	4
2976822	3
578920	3
3140246	2
2782659	2
3080015	2
208375	2
2782641	2
2590772	2
2057741	2
319017	1
578928	1
439387	1
3080014	1
2782655	1
376	1
2898442	1
3133974	1
3341829	1
1685958	1
1223566	1
1325102	1
3140247	1
1404429	1
1325114	1
3140244	1
44255	0
1245469	38
1325095	38
1355477	35
722472	34
1437360	25
3056648	14
1419277	12
255045	11
29448	11
2854389	9
858423	6
1274631	5
1404768	5
1404367	4
2992140	1
2823807	3
2840469	4
280333	4
931866	4
83627	3
375	3
2898149	3
2736875	3
990078	3
2748629	2
190148	2
1404864	1
244734	1
1325115	1
136996	1
1395974	3
340268	479
2631404	5
3076039	8
1404741	6
1404799	1
2592814	1
2592815	1
943830	8
1073	0
475937	67
1076	48
316058	4
2638247	0
2991972	16
3034676	1
911	0
912	0
323097	3
1033	0
40137	1
1649510	0
1333996	1
69277	11
68287	26
325217	124
2108445	90
2584466	68
3166644	55
2082387	37
2589888	35
3077335	26
2654248	25
2744518	21
2865839	20
2589967	20
2589903	20
2744521	18
2483404	17
2483403	16
2654249	15
2493668	15
2777475	14
2493672	13
2865838	13
2493676	13
2589976	13
2493675	12
2744522	12
2493673	11
2493681	10
2744517	10
2493680	10
2493678	10
2493674	10
2744515	9
278153	9
1854057	9
2493669	9
2493671	8
2880934	8
2744523	8
2493670	7
2493677	6
2865837	6
2744516	5
2956823	5
2744520	4
2483402	3
2956834	2
3376989	1
2956824	1
2956832	1
2589974	1
2725666	16
3074855	7
593909	5
536019	1
2775404	5
39645	2
278148	2
71433	0
1082933	4
1777866	4
475069	3
28104	2
536018	0
754035	2
381	0
935548	1
43617	1
2066070	1
31988	9
2644704	7
3374549	145
3133697	9
2774562	2
374606	1
2979870	1
83265	4
28100	0
1867719	32
2638441	0
2978392	11
2718938	10
555316	7
555317	1
245876	1
2641084	0
1756988	19
430679	5
2267699	5
2599600	3
889300	2
2911176	0
675281	14
1670800	7
449972	0
2643807	0
3028735	3
335928	0
99	5
2626613	6
1850374	222
3039801	47
2995166	40
921	0
639283	169
223390	104
1745854	24
152053	0
2615126	0
2709380	17
279	4
2528964	8
280	3
2623496	0
2419844	1
45402	0
2663263	0
2820278	14
6	0
7	0
438753	4
204476	0
2688601	0
2789216	4
556257	0
2638514	0
2562284	1
118882	0
2826938	21
234	32
529	123
94625	120
1218315	76
571256	39
2632610	1
3142977	24
3045175	4
1844051	2
2769351	1
2886044	1
370111	22
419475	17
29459	1
528	0
271865	10
354349	1
2647013	0
2879116	5
119045	1
407	16
374432	26
2615210	4
1479019	7
925818	2
2202826	2
2603276	2
2894310	1
3038924	1
1775910	12
270351	11
114616	0
460265	9
269660	7
2202828	7
2984843	4
2202825	4
2051553	4
107400	3
2202827	3
31998	1
426355	1
570505	2
334852	2
2282523	7
223967	25
441620	34
408	5
440085	5
661410	2
272630	1
2648467	0
2897334	7
186650	1
2617746	0
2082949	9
3273802	6
2807101	1
1882682	4
2740529	3
864069	1
655351	0
655352	1
655353	201
1002545	0
1002546	34
2631913	0
1798205	1
255475	0
293088	1
1486262	25
293089	0
1122214	11
2629616	5
686597	2
2583532	4
414371	3
2615206	0
1349819	12
2816454	2
2826993	2
1701758	12
370622	8
2758041	4
182269	0
2638230	0
2906072	38
1775688	0
2986949	3
2821832	4
227873	0
121719	34
1402210	1
1406135	0
2624130	0
2304600	18
2065378	2
152161	0
538381	10
2629676	0
1881061	8
150830	0
388408	4
187304	3
2629323	0
3016006	1
478070	0
2648686	0
2590016	2
45404	0
532	0
533	0
31994	0
395963	65
120652	0
227605	12
1156568	0
2640612	0
2293567	7
45401	0
81	0
53399	0
670307	16
2619925	0
300273	7
717785	1
2682968	1
29407	0
2619116	0
674703	12
1484898	0
2617503	0
2170729	5
1485594	0
2625955	0
2742204	1
2843308	0
261933	0
442120	0
442121	21
2627136	0
3239306	15
2792775	0
1502180	0
2636536	0
3149229	33
2831111	0
166953	0
2649303	0
2795690	30
31993	0
133	4
2625913	0
743836	7
2654282	1
391905	7
425	0
426	0
595536	3
772	0
773	0
774	20
2813035	0
2838250	0
2593653	9
256616	0
256618	0
402881	2
444432	0
2614933	0
1922226	2
119042	0
169055	0
2623691	0
2712222	4
212791	0
2632691	0
1894999	4
1734920	0
1235591	2
2843305	0
1632780	0
1940610	5
2570229	5
2036754	0
28209	1
2638111	0
1702325	2
444444	1
2829814	0
1915401	0
1852022	2
1594166	0
2742145	1
2685818	0
1904377	0
2631034	0
2928472	2
3149307	0
2712688	0
2712698	2
2831090	0
59282	0
2233851	2
2723775	0
2723776	0
2880931	0
2880932	1
2172021	0
3382645	0
3162530	1
2137278	0
690086	0
2646111	0
2766526	1
3149309	0
2041902	0
1437009	1
204457	4
41297	38
165695	72
13690	6776
2611147	8
2565554	98
2979467	96
2185111	66
2082188	33
1144307	29
2676077	25
1843368	24
2930091	14
3114999	9
3038927	7
2733867	6
2878542	3
2970925	3
2072936	2
1855519	2
407020	2
627192	1
2878545	1
3024245	1
1332080	79
336203	0
1208342	21
121428	18
1592790	10
120107	5
332055	0
861109	4
135719	2
46429	0
690566	1
1886786	1
165696	3
2896849	2763
158500	2253
2644732	10
3349877	70
1609758	68
2025349	34
3109595	21
3127640	21
2675225	17
2780074	17
164608	15
1016987	11
3127639	5
2571749	3
3079861	3
702113	2
3025670	1
2698673	7
13688	4
48935	0
279238	4
1176536	4
205844	0
1088721	2
2728851	2
165697	14
33052	0
2448440	76
1219058	175
310580	0
310581	111
2614943	0
2933562	60
2482763	14
2968500	12
2830667	7
292913	3
3122054	3
2486273	2
1357916	1
1914525	1
2565556	1
2976533	1
436663	5
2054227	5
33050	4
117207	0
317655	4
267128	4
3114367	3
180400	1
13687	24
196159	5
304378	39
2735134	29
1961362	24
1517554	8
2950605	5
3014784	5
2898433	5
2968057	4
2653203	4
1390395	4
745310	4
1523415	3
3018036	3
2937787	3
2937788	3
2219696	2
3078265	2
2596913	2
3243051	2
3095341	1
3062169	1
3234199	1
3018446	1
399176	1
2903960	1
2714942	1
1938607	1
1030157	1
1813879	47
296544	22
68569	21
2594473	20
28213	11
363835	11
13689	8
3012344	8
298708	7
2319844	6
397260	0
1123269	6
2899123	5
563996	4
2764186	4
1541170	4
2681549	3
2698679	3
1560345	3
2872652	3
1327635	3
2949093	2
1813468	2
424800	2
185951	2
152682	0
621456	2
33051	2
2918765	1
2972485	1
2762591	1
2759526	1
3132797	1
2698828	1
2599297	1
2071607	1
1549858	1
1176646	1
93064	1
1434046	0
1913578	15
2614947	0
1922222	7
2584094	3
1234545	0
2621071	0
2724527	8
1649486	0
160791	2
2711156	2
1850238	1
150203	2
2626550	2
2676781	0
1550733	4
2823232	0
941907	2
1227948	0
2627843	0
3133972	2
2709685	0
394733	0
1123271	1
2806553	1
2676233	0
2676235	0
2762748	1
2711215	1
2685927	0
1921510	2
3382518	0
3071408	1
1124625	0
3075605	1
335929	0
361177	0
2614945	0
3349333	34
2604537	2
3108391	2
2676755	0
2676756	0
3121290	23
1267766	8
1855416	1
2645039	6
255984	5
192812	2
604088	2
2867231	2
225971	1
2909673	1
2800788	0
1041	0
2633097	0
2829500	5
2011159	2
2587851	2
1042	1
2653850	1
3025315	1
1112	3
2909249	3
1111	0
2683265	0
2003315	1
2854260	1
2827482	0
2827483	0
2872646	8
1295327	0
450378	3
2800681	0
2800693	0
3003265	1
3009083	1
1648404	1
2800686	0
1982042	1
2338327	1
2800703	0
3042152	1
2800682	0
645517	2
2800685	0
538382	1
543877	1
2800680	0
3053610	1
2820280	0
335405	0
335406	19
2644549	0
1892855	1
1508451	1
2629224	0
2862331	1
2883109	0
2759707	1
2844881	0
541	0
542	0
120045	0
622759	1
204458	0
76892	3
75	5
1679497	2593
88688	983
509190	7
2648921	0
3374551	58
3161137	15
69665	9
3015996	4
155892	28
190650	1
2010972	28
69666	8
2708539	8
69395	1
41275	7
2622653	9
2591463	1907
2579977	24
3015999	13
1532555	12
1938605	7
2561924	7
2861285	4
1827469	3
3093845	3
2752515	3
2995143	2
3015997	2
2560058	2
3126100	2
3133089	2
3068314	1
74326	53
293	23
1312364	13
41276	12
13160	10
114552	0
213418	10
74315	9
74313	6
633149	2
588932	6
74329	6
172043	5
2774190	5
1325724	3
2774189	2
2800818	1
76890	0
78587	72
2628350	1
2840468	3
2995155	1
20	0
2640670	0
2903901	11
284016	0
450851	2
2201350	2
2823693	1
3120395	0
433	0
2870717	0
204525	382
320496	0
320497	32
434	0
151157	0
435	18
431306	4
104102	2
2791118	0
2558360	17
2804525	0
1484109	6
1434011	0
1053551	5
33995	1
441	0
318683	3
38308	1
586239	1
504465	0
504468	5
1223423	0
661191	3
1519186	0
2635836	0
3049350	2
1216886	1
2870712	0
2870718	0
3114537	3
1079922	0
2070537	1
364409	0
364410	1
2952773	0
2558361	1
3385906	1
125216	32
2768162	39
2768161	19
2897332	15
257708	7
204527	7
207340	13
1750527	6
2617492	0
3342640	3
2018065	2
1706033	0
3099324	0
3133721	5
1225128	1
35812	0
2771361	3
3385905	0
50709	0
2648610	0
2697363	3
2690195	0
457933	0
2843330	1
204455	14
31989	19
265	2
82367	33
2688777	1
2589076	7
1263728	5
2760307	3
2895796	3
3017782	1
3064531	10
147645	9
184748	9
34003	0
1367847	5
34004	5
1077935	2
2812658	2
1545044	2
658446	2
453842	2
659350	1
266	1
1529068	1
3017783	1
1945662	1
2065379	1
2259340	1
2560053	1
34007	1
2903900	1
1653176	0
43057	18
1063	5
2083206	0
379347	12
2937410	0
2937411	0
3138498	9
1679449	0
2614904	0
3344875	4
1537215	3
2613965	1
2211641	0
3137368	4
245188	3
2680018	0
1852017	6
1443919	0
2494374	5
2738399	0
2483033	2
2997337	2
1617805	0
2623618	0
3039851	4
34008	1
2631432	0
308754	2
35806	1
1209946	0
564137	3
2818469	0
3042299	3
2831955	0
2748098	3
366614	0
195105	3
285107	2
1549850	1
1844015	0
2789856	3
1813601	0
2641312	0
3242492	2
2795377	0
2588711	1
3118803	0
2978973	1
2683599	0
2579971	1
2946607	0
2807096	1
3029205	0
2881234	1
2211635	0
1715691	1
2109360	0
2629683	0
3233343	1
2854170	16
92944	0
92945	53
92947	3
60136	7
196795	0
2867022	3
3238304	2
3233575	2
3100174	2
664426	2
83219	5
225422	3
1775881	3
1917485	2
60137	1
2829501	1
263377	0
2640570	0
3029062	22
1250539	4
97050	0
981384	10
2625375	0
2793010	6
292414	2
367771	0
42444	15
2854186	0
1402135	6
2854199	0
2883100	4
3350098	2
74030	0
2614913	0
2587847	9
2587846	1
2494550	1
191028	0
2614906	0
2867016	5
1396826	3
506591	1
93682	0
1379903	6
2639302	1
335927	0
53501	3
2619711	0
3096994	2
302485	1
60890	1
221822	1
2621772	0
1086632	1
58842	0
2624628	4
875170	0
875171	1
1188777	0
1303376	1
1758178	1
1433986	0
2649852	0
1609966	3
1434019	0
561184	3
481178	0
481181	2
599653	0
3058420	2
1434014	0
576131	2
2433	0
1537242	2
315422	0
2614920	0
3079304	1
188905	0
2645469	0
2867012	1
436357	0
2633072	0
2017482	1
53945	0
196158	0
2602067	1
3374108	0
1060	0
1850250	4
1061	1
272942	2
196779	0
2033869	1
204441	2
2829815	0
191	12
2630922	0
3160608	8
652764	4
3159496	3
664962	1
709810	1
192	11
1064539	6
861533	4
193	0
862719	3
682998	2
2970906	2
204447	0
1789672	3
1817965	1
2775420	1
2478349	0
2220096	1
41295	0
13134	0
2617991	0
1663591	22
55518	0
431944	0
1430440	2
1263978	0
1263979	0
1193729	3
1612157	0
1084	0
1150469	1
2821512	0
2164067	1
2813951	0
196080	0
2614952	0
2560057	17
3031144	0
2705399	0
2602016	13
2602015	1
2844866	0
168934	3
168935	2
2048283	2
2648997	0
2785911	2
2844864	0
526215	0
2632499	0
3100173	2
390876	0
1862145	1
3036766	0
3031148	0
84159	0
342108	3
2844601	0
93	0
94	1
3031145	0
1804663	0
1549855	1
2800059	0
2800061	0
74317	0
74318	53
394221	6
1649466	0
2029849	4
2004661	0
2638931	0
2749086	4
2800062	0
1246884	0
1128113	8
766	1
775	0
33988	1
69474	0
784	34
780	0
114277	10
114295	0
3066267	6
3066251	1
1129742	0
33990	1
1522201	0
1346319	1
942	0
768	0
949	1
952	0
953	0
2640676	0
3066149	1
362534	0
1549128	0
3058346	0
3024400	41
1331809	0
288021	0
2161677	1
1921002	0
1777752	0
3163645	0
2741701	14
44746	0
1920992	0
1921001	2
2800060	0
69657	0
85	0
225297	0
225298	7
81032	0
228405	6
2630699	0
1873716	1
1906738	1
510684	0
510685	0
510690	0
2950108	9
3108222	0
2066434	0
171436	0
171437	8
657419	1
1191478	0
1191479	0
162171	0
1124597	0
156889	4
54526	0
1655514	0
198251	2
2647897	0
1977865	1
255473	0
255474	0
2038635	0
3143534	2
2066490	0
2066491	0
2813804	0
2043170	1
1236	944
135614	14
32033	72
83614	26
2901869	47358
2629088	5
3366815	977
2925842	326
2761107	35
2799325	19
3108176	16
2799326	13
2508168	9
2006110	96
1176533	22
2565782	1
40323	74
995085	2
40324	15100
868597	10521
522373	59
1190567	42
2961925	5
2072405	75
2072407	17
2072408	12
2072414	9
2072406	4
2072409	4
2072412	2
2871169	10
196198	23
2005046	86
1827305	61
3027225	57
3051119	39
2565559	17
3055079	16
3051120	15
3390038	6
3068324	6
2282124	6
1904944	4
3055080	4
2954546	3
2742129	3
2770322	2
2871174	1
2886359	1
3384161	1
2303750	1
2691571	1
2682487	1
2771362	48
487698	24
216778	11
3003272	7
2760084	2
2045214	1
338	68
2643310	14
3115848	128
2081477	18
3161567	17
2982531	11
3240912	4
3161569	3
3160841	3
3240913	2
3243407	1
487557	1
339	97
340	2
1358009	7
359385	8
92826	2
149696	1
643453	0
346	14
611301	28
473421	4
454595	1
487862	1
3003247	43
56458	18
2259622	14
56455	13
56460	1
925775	9
1843581	9
3390202	0
343	6
134875	1
3390025	0
152263	1
56454	3
453602	5
743699	7
56448	0
195709	3
69929	1
48664	3
456327	0
207721	0
1437449	2
1885674	2
29447	2
56459	0
487849	1
2053930	1
53413	0
1982677	0
375353	1
347	1
83618	0
314722	2
743721	22
128785	18
69284	14
2645906	1
2995142	3
2571115	2
2969308	2
3350175	2
415229	0
1045855	4
266061	2
266062	2
68	2
2635362	0
3383698	24
2762611	5
2904253	3
2925843	2
2781021	1
2820808	1
2904252	1
435897	13
2764185	5
262324	2
453783	2
69	1
84531	1
1792846	1
141948	0
2884874	33
2633315	0
2714945	4
215691	1
1463158	1
2709666	0
2511995	3
3382694	0
1324796	3
3382699	0
2822368	3
3382696	0
2763317	1
2865112	1
3382698	0
1605891	1
1775411	0
75309	0
2621553	0
2778082	9
3031330	8
3158582	2
416169	4
582702	2
666685	1
242605	0
564369	15
2911538	3
2911539	3
2911537	1
231454	0
2634549	0
2994496	15
231455	0
1217721	1
445710	1
2763498	1
3069105	1
1453544	0
2976241	6
2636986	0
3350178	5
2233801	0
2021234	8
70411	0
1542730	2
323413	0
323415	0
1300342	1
72274	3
135621	32
286	1421
136845	74
47880	142
743720	13673
303	6227
1081940	1770
1384061	409
931281	203
1150601	189
231023	184
1196325	152
1193499	94
1331671	84
1215087	66
1215088	38
160488	35
76869	28
1042876	6
1211579	2
2962856	0
3122582	232
2078786	69
1940636	41
47885	24
70775	14
78327	6
1940621	3
76759	2
1785161	2
2217867	1
196821	335
2083052	226
2866808	220
2069256	147
147212	145
2892442	128
2730848	118
3048622	74
3048607	73
3235111	68
3034675	45
3144667	41
1357074	36
1206777	30
2729423	30
3381355	29
3019968	26
2961531	25
2735906	25
2874628	24
3119004	23
3077589	22
1338689	22
1898684	22
2954078	22
2920387	22
1736226	21
3019098	21
2054919	21
3096605	21
1028989	20
2774459	20
2972478	19
2983246	16
3074146	16
1294143	15
3344874	15
3388343	14
2604941	14
3367525	13
2705472	11
2678260	11
3040605	10
3110111	10
2487887	10
3029060	10
75692	10
2871095	10
107445	10
2991051	9
2986947	9
2895482	9
2870750	8
2512235	8
2954094	8
2614442	8
2954087	8
2804761	7
3048629	7
2201998	7
2498848	7
2954093	7
2662033	6
2895486	6
3141539	6
3137451	6
2895475	6
1283291	6
2994661	6
1930532	6
3040601	6
3048630	6
1173270	5
2895493	5
2678259	5
2774873	5
3388489	5
3162567	5
2678261	4
3230301	4
3235108	4
2954092	4
2479392	4
2856556	4
2986074	4
2926671	4
2653853	4
2895490	4
3122079	4
1259844	4
2867409	3
3242725	3
2867408	3
2678257	3
2933816	3
2944234	3
2954086	3
2954090	3
118613	3
1611770	3
1344094	3
2883205	3
2795724	3
2749999	3
2864101	3
3104265	3
2073078	3
2866282	2
2025658	2
2730847	2
3078264	2
3392115	2
1981174	2
3243021	2
1573719	2
2898441	2
3028807	2
1173273	2
2748080	2
3136561	2
2841064	2
2939495	2
3235109	2
2320270	2
2962597	2
1027966	2
1837993	2
2870840	1
1573712	1
3388490	1
2811422	1
2815936	1
2855434	1
2866626	1
3139142	1
3094916	1
3094846	1
528343	1
3118751	1
3122375	1
2992837	1
3133144	1
2976884	1
2976883	1
2886361	1
2973088	1
2954814	1
2954097	1
3235110	1
3240264	1
2895495	1
2895483	1
69328	1
1506334	1
2559074	1
2054915	1
2219057	1
2054914	1
1649877	1
2706126	1
2697023	1
2049589	1
2018067	1
2678258	1
136841	1
287	436
1457392	2
388272	1
1427342	1
1408271	1
53406	9
627141	0
95301	6
46680	1
53408	2
289370	343
2731552	257
2518644	191
136843	47
294	16
205922	13
1038922	1
76761	16
200451	13
321662	12
1395516	1
76760	13
47883	6
183795	4
78543	3
200450	3
129817	2
47879	1
1421430	1
47878	1
46679	1
29442	1
200452	1
136849	24
251698	0
47877	38
53707	3
53410	3
1451454	32
251695	0
317	12
264449	0
103796	1
1357279	1
1357288	1
251699	11
251654	1
33069	7
915099	101
191390	93
136842	4
587753	49
587851	6
1513890	3
86192	1
380021	12
296	4
86185	1
312306	68
485880	68
2726956	66
244566	64
2725477	44
3136736	41
2219225	30
2867264	25
404407	20
2745482	20
3002903	20
359110	18
1691904	13
640205	13
46677	13
2745494	13
2931382	11
2961893	11
2894079	9
2853159	8
556533	8
437900	8
2666183	7
2745490	7
157783	6
485898	6
2842356	6
2745504	6
1608996	5
157782	5
1306993	4
2993566	4
2906062	4
2842355	4
2762576	4
198618	4
216142	4
930166	2
2774460	2
2842348	2
2745495	2
2738125	2
2599595	2
158627	2
2364649	2
2316085	2
2842357	2
237609	2
2954082	2
395598	2
1274359	2
1288410	2
65741	0
1301098	1
53407	1
89065	1
485870	1
2842349	1
47886	1
104087	1
2600598	1
122355	1
2448482	1
2320867	1
1392877	1
2815720	1
2213015	1
2812000	1
2954101	1
3110772	1
2745518	1
321661	1
321846	1
515393	1
3236654	0
300	80
1225174	4
1001585	1
1198456	5
2493633	2
2901189	2
1931241	29
136844	0
857252	7
43306	5
1434072	3
2830842	2
472181	1
487184	1
1708783	1
2901190	0
3041098	1
2918528	1
351	0
352	37
69964	1
157913	0
69963	1
2901164	0
136846	2
578833	3
316	7
1196835	10
74829	3
271420	5
3236656	0
53412	0
1245471	7
319939	4
1149133	3
2604832	3
2758906	0
2785330	0
2930213	10
3236655	0
1245526	4
3236652	0
43263	2
2731681	1
1649479	0
1510150	2
1654787	0
1697053	1
2887365	0
2742	28
83889	0
490759	1
1761794	1
3035454	1
254719	3
330734	1
2603215	1
3085096	0
2025617	0
1917421	1
91347	431
543	139
547	45
354276	18
208224	82
158836	38
299767	14
550	11
69218	6
2757714	0
2969431	2
61645	1
2071710	1
2608935	0
2724468	1
2976431	1
881260	1
3142537	1
2890311	10
570	66
3390273	0
1463165	13
1667327	1
573	7
244366	0
2489014	7
2026240	6
2153354	7
1134687	3
548	2
571	2
1259973	1
2058152	1
2489010	1
2608929	1
160674	17
577	2
2627600	0
2923366	1
413496	97
413502	6
413497	1
413503	1
544	5
1344959	2
57706	56
546	16
1639133	1
67825	16
2644389	0
1573676	3
545	2
2894201	2
1330547	0
2632876	0
2980557	44
2492396	1
497725	38
1646340	2
208223	1
561	1
562	16
1499973	8
564	2
208962	1
590	3
28901	0
59202	1
2500152	16
59205	0
2729104	2
59201	1
83654	1
2627398	1
2282309	3
83655	2
158483	0
158822	7
2815296	0
2579935	5
1649298	0
1505757	4
401618	0
401619	3
1903434	0
565	1
255519	1
191675	0
84563	0
84564	0
203804	0
711328	0
2681986	1
146507	0
568988	0
3077955	0
3077956	1
1649295	0
2047724	2
82976	0
3073902	2
1335483	0
563	2
36866	0
2675779	1
2675780	1
1330546	0
61647	1
1334193	1
690591	0
690594	0
1191162	1
2726810	0
1851514	1
1177214	0
1987921	1
447792	1
158851	0
379893	1
579	0
2725494	1
1903409	0
3231896	0
2740817	161
551	4
2622719	40
2675378	45
3391839	1
79967	8
1922217	8
55211	4
182337	3
55212	2
68334	1
2681984	1
2100764	0
665913	64
665914	1
1615494	1
53335	5
2052056	26
2630326	2
3141541	7
3028622	6
2768165	2
3141459	1
3141322	1
2769024	1
59814	5
553	4
574096	4
1076550	1
32199	0
9	0
1965425	20
1241834	2
1965444	2
3075419	1
2994487	1
82986	0
53336	1
82987	1
1903411	3
613	103
615	141
47917	4
618	2
2338073	0
1154756	2
137545	1
2741499	1
300181	1
614	1
82995	1
42906	1
629	5
29486	9
1649845	0
367190	7
263819	7
630	2
935293	2
33060	0
349967	2
2890318	1
2607663	1
34037	0
34038	0
745277	32
1510570	1
1565532	0
1513468	15
1745211	0
1639108	0
1441930	2
1964366	0
2636213	0
2126321	2
929812	0
929813	1
1903414	1
626	0
351672	119
40576	7
406818	8
290110	10
628	1
583	88
585	3
584	2
257482	0
2883107	1
586	71
588	3
126385	3
158850	3
587	1
637	0
638	1
2879119	1
581	0
582	1
29487	0
291112	1
1903410	31
122277	184
29471	36
1201031	5
1507808	3
180957	2
554	1
2485124	1
204037	3
204038	31
204042	11
1778540	1
1082702	0
1082704	8
71655	0
3057057	2
2722756	1
2884243	0
69223	1
3059405	0
104623	1
1903416	0
82980	0
158841	171
1903412	5
568	1
569	104
635	1
636	9
3120698	0
745410	0
2629356	0
3131927	15
2291597	3
2812006	0
84565	0
2636512	9
3394334	1
135622	9
267890	0
22	52
3050637	114
62322	31
2864206	12
2864205	6
60961	6
2590884	6
768528	6
712036	5
196818	0
60480	1
2698686	1
2746932	1
38313	1
2814294	1
2726434	1
1738770	1
271098	0
458817	1
260364	1
60478	0
326297	1
72275	0
2903219	0
226	1
2614992	131
3157618	12
3135644	3
1479524	1
288793	0
2785918	1
261825	8
182262	29
2636026	2
2937286	3
2905123	0
2831148	14
1751872	0
1526571	4
89404	0
300231	0
1085623	3
2108524	0
1306992	3
2200736	0
1631968	2
2894574	0
2172099	2
1621534	0
2685791	0
2686358	1
267889	0
28228	0
196834	0
2583805	121
1816219	1
2689569	1
28229	0
167879	33
1518149	0
2614972	0
2552945	14
2594005	1
1759089	1
1763536	1
137583	0
485447	2
137584	1
267888	0
53246	17
882626	15
194690	2
2894202	3
327511	1
3112573	1
3036714	1
3035452	1
394751	0
1117313	8
182141	0
1315282	2
43658	1
247523	1
267893	1
2800384	0
2800385	0
3384452	19
135575	0
281739	3
2614829	0
2100422	2
1874361	1
135577	1
267894	0
67572	0
357794	0
357804	17
2614957	0
3241170	2
267892	0
44011	0
2620587	0
2822844	1
135619	0
191033	0
141450	0
141451	238
135620	0
515417	0
981604	0
981605	94
452627	1
28253	0
491948	29
196814	0
2992802	4
2071621	2
2065312	1
2066133	1
3241169	1
119864	3
599651	0
207949	38
48075	0
2644139	0
2668067	9
518898	4
48076	2
1821621	1
187492	0
2742796	3
3100113	1
75687	0
417574	0
1441457	1
1572645	1
267849	0
2614693	1
28256	38
2745	10
2609666	9
550984	25
2956797	18
2749040	4
2952527	4
2773308	3
2306583	2
1486246	1
3075222	1
3036127	1
2733487	1
2587849	1
507626	13
232346	3
475662	2
2562282	2
44933	1
1930622	1
2733488	1
376488	0
376489	4
404432	2
2634022	0
3065298	2
3137766	1
502821	2
3137777	0
3394751	1
204286	1
2609414	0
2686360	2
504090	0
698828	1
1897649	0
1883414	1
449732	0
418700	0
418701	116
2066474	0
305899	0
2644528	0
3035692	5
2872754	1
2919499	1
224372	0
3020832	0
1094342	2
285091	0
930169	1
59753	0
2638842	0
1872427	1
224379	0
158481	0
158327	0
349521	3
2624107	0
1628392	1
2301193	0
2301194	0
1635171	1
2887326	0
468	0
469	74
909768	0
470	177
1785128	14
48296	4
1530123	2
196816	6
3020716	79
2923375	72
2950074	11
2004647	6
2983215	1
487316	88
2136182	81
2715164	12
108981	5
106648	3
108980	3
3151487	1
3045147	1
2006115	1
2004650	1
756892	1
202951	1
40214	1
70348	1
70346	1
497	2
196806	0
2772254	9
1415574	8
3067275	2
2517899	2
3240930	1
3156079	1
330922	1
861445	1
2824158	0
2283318	7
475	0
34061	2
2685852	0
2780077	1
2904119	1
135623	0
641	3
662	34
717610	1
670	88
691	3
663	2
669	1
680	1
190893	76
2614977	0
3234954	32
3016528	12
391586	6
2785124	4
1116375	3
2912315	3
3391828	1
3098914	1
3042300	1
2912314	1
2817385	1
2751178	1
2589990	1
2711221	19
52443	0
1671868	18
672	16
446374	14
1435069	14
689	9
55601	8
1481923	7
1117707	6
398736	4
29494	4
1516159	3
136468	3
170679	3
47951	2
1481663	2
62763	2
212663	2
87806	0
114054	2
1824638	2
1074311	2
673372	1
1328770	1
198832	1
666	1
1891186	1
2572923	1
657	4
38293	0
85581	19
2628852	0
2912855	11
2907534	1
659	5
553611	1
48408	1
188143	0
1927128	25
188144	3
2641261	0
3241166	3
2014233	0
1891207	10
511678	0
688	4
668	0
312309	1
2042066	0
1755811	3
1706369	3
1706373	0
48073	2
2944933	163
2619833	50
2745199	7
2904242	2
1516059	1
252514	40
3029061	23
260552	17
435905	2
1706371	0
10	0
2624793	0
2303332	9
1987723	2
2964606	1
447467	0
447471	0
1117647	8
1792291	0
2721545	7
316625	0
86304	0
203122	5
2425	0
2426	2
2731755	1
2731756	1
1122283	0
1008307	1
1706372	0
2847769	0
2518989	12
393661	0
3081200	3
393662	0
314285	1
1706375	0
630749	0
2794344	2
2631504	0
1620392	1
118969	0
118968	0
59195	0
676208	151
444	0
445	0
28087	44
28084	16
452	3
454	3
450	1
96232	1
461	0
463	2
72273	0
135616	1
40222	15
2881052	91
754476	1
933	0
406020	32
92245	0
717772	1
28884	0
265883	15
2039723	0
2791037	8
135617	0
1030	2
111769	24
2735563	3
1021	0
288004	2
34064	0
262	3
299583	1
622488	1
2610885	0
1395624	1
135624	0
84642	0
642	62
644	5
196023	0
380703	11
654	10
1347420	1
257493	0
2033033	6
2778054	3
3080830	1
2778064	1
648	5
648794	5
650	4
656	4
652	3
70856	2
645	1
218936	1
196024	1
1929090	0
2649529	0
3153928	22
43947	0
43948	1
595494	1
263764	0
263765	2
225143	1
1416627	3
347533	0
2641306	0
3342386	1
2802288	0
2047966	1
135618	0
403	0
1760987	0
1760988	19
429	0
2635283	0
2839024	17
2822410	0
271065	0
1091494	9
2822412	0
3133976	1
413	0
2618889	9
416	0
3058963	4
2608980	0
3021710	1
3153301	1
1173101	1
2963939	1
1221209	0
3067653	6
1808977	0
1808979	5
762296	0
1704499	1
135625	0
712	1
713	0
254839	22
157339	1
189834	1
724	1
735	14
729	2
727	1
75984	5
111844	7
75985	4
85402	1
745	1
754	3
747	2
97481	1
155493	0
750	2
416916	0
2639383	0
2866570	1
1960084	0
2639839	1
292486	0
728	1
135613	0
1046	1
61593	0
77007	7
156885	0
80679	0
765912	6
53392	0
1166950	4
13724	0
73141	0
765911	1
67575	0
115860	0
3019969	1
85076	0
37487	0
765910	1
72276	0
1051	0
1054	5
106633	0
1033854	0
396588	3
106634	2
1765964	0
1765967	1
2792603	1
2819280	1
1335745	0
1335757	1
2182432	1
449719	0
437504	0
437505	0
1192854	8
1860077	0
1811807	2
255526	0
109262	0
2636392	0
3112558	2
3067276	0
393764	0
393765	2
1775403	0
568386	0
413435	0
2637139	0
2303331	5
2893022	0
2806210	1
742030	0
742031	0
180541	0
2649847	0
2183911	4
3085109	0
3085110	0
1273155	0
585455	3
2631224	0
3057176	1
1240482	0
1240483	0
1193503	1
1196095	1
2685620	0
2704653	1
2887327	0
1920240	0
261963	0
261964	0
523791	1
261965	1
914150	1
3060226	0
2689614	0
469322	0
465721	1
28216	29
80840	168
80864	106
283	178
2638500	11
2977320	11865
2918299	690
2966554	12
2853163	3
3231487	3
2853257	2
160825	11731
285	205
1392005	4220
1562974	477
363952	101
379895	70
1082851	57
2743470	30
225991	21
2949090	18
32013	0
1219032	14
3046670	14
225992	5
2597701	2
2796366	1
80865	825
558537	12247
180282	11346
80866	3783
398578	6
2613839	22
3153805	829
1920191	228
742013	181
2708352	16
2986766	1
34072	76
663243	297
3243033	5827
1795631	563
1034889	501
434008	300
662548	212
3065952	199
2762323	186
3374554	152
3374555	151
2681552	143
434009	140
207745	139
2762322	137
3065955	94
434014	86
3065953	63
3342097	49
2774875	45
282217	42
3065954	34
2811425	19
2126319	3
34073	362
595537	265
1246301	183
436515	29
12916	1
2684926	12
3056107	352
2518343	47
2940488	27
3136632	22
2478662	20
358220	19
1842533	18
2714923	16
2940492	10
3140252	9
1858609	7
3273430	7
3095606	6
80878	8
47920	7
553814	6
758826	5
47420	2
2610897	29
2651974	52
3166645	32
795665	26
1842537	25
2806347	22
2806262	21
3098762	15
434010	14
2184519	3
2565558	1
3350169	1
3350170	1
1763535	45
2716225	12
47421	2
65656	1
28065	2
2509614	105
1842727	78
2627954	0
3141537	17
3234144	6
2741720	4
2752316	1
2822760	1
2527691	7
192843	1
1484693	1
238749	1
2649760	1
2714924	27
2714925	6
2792224	2
3060154	1
3036128	10
1288495	7
164759	3
1715720	3
3051137	0
80867	34
643561	1
80868	13
80869	1
219181	0
2816950	26
2109914	6
2645081	0
3081231	5
174951	0
94132	8
365046	28
201096	0
179636	17
596154	2
596153	1
52972	0
216465	0
365044	8
2638319	3
296591	3
335476	3
232523	0
80880	7
2490452	0
1458426	7
3051138	0
1926868	5
2678886	0
2116657	5
364316	0
364317	0
391735	4
2038733	0
2645384	0
3228789	3
2919468	0
2029117	3
665874	0
2626134	0
1678128	1
2986281	1
1649468	0
2109913	1
352450	0
2109915	1
28219	0
2621329	0
3130163	1
2975441	2
93681	2
2626991	14
3350177	483
1658665	294
2714952	14
2995138	7
1768242	2
2978473	15
76731	9
3019553	4
2070761	2
452439	0
452440	1
1114981	0
946333	14
2627988	0
3037797	7
391952	0
391953	12
36862	0
36863	7
196013	0
215580	4
413882	2
376175	1
316612	0
2633235	0
2082386	4
105560	0
420662	1
34102	0
2914710	4
644355	0
392593	4
28067	0
28068	0
983917	3
119060	47
32008	16
87882	33
87883	40
488447	30
152480	26
1503054	26
179879	17
95486	10
482957	7
152500	6
292	4
1009846	1
2978683	0
406425	4
101571	4
1207504	4
95485	3
60550	2
488732	1
488446	1
2843303	1
111527	5
28450	12
57975	2
1503053	1
1637837	1
2613784	1
1494466	7
1179675	1
2217913	1
28095	3
41899	2
106589	9
2640874	2
876364	54
2839983	8
3079014	5
3160989	5
1478019	1
3032282	1
164546	54
977880	1
68895	33
119219	11
151783	11
82633	9
106590	8
1042878	1
96344	4
82541	1
1040979	1
1796606	1
2608999	1
1822464	15
261302	0
1417228	24
169430	13
2615204	0
2735434	8
1926494	2
3074437	1
3136564	1
984307	10
134536	10
134537	7
2571748	6
2152891	5
2547399	3
273251	3
75105	2
1323664	1
169427	2
148447	0
391038	2
1761016	2
2571747	2
2026199	1
2211211	1
1912599	1
2654982	1
420953	1
92647	1
1827195	0
758793	45
2646786	4
2878150	15
2705548	1
2878153	1
1071679	2
1353886	2
871203	1
48736	0
3116862	13
305	1
564065	23
1310165	9
28097	1
329	6
190721	2
209769	0
1380362	1
93217	1
2624094	1
2518599	23
656178	19
93222	4
93218	2
93220	1
445709	1
44013	1
2640945	0
2770234	9
2576926	5
1855883	4
2689102	3
1855616	3
2689109	3
1855610	1
3022126	1
576611	7
1819725	7
556053	1
1855895	1
131079	0
131080	3
2732163	2
1810868	0
2649241	0
2651972	2
2718863	0
621374	2
506	6
152267	0
2626614	4
2488560	91
3081984	63
517	3
519	39
1331258	37
521	12
463025	12
2630031	0
1746199	5
1697043	4
103855	6
123899	4
518	3
94624	3
463024	3
1416806	3
35814	2
463014	1
463040	1
222	9
2626865	0
1881016	19
1758194	4
2860286	2
2282475	1
2756133	1
2893881	1
3141581	1
3142974	1
217203	29
1389922	22
32002	16
85698	9
762376	4
1353891	5
3047478	4
217204	1
1353889	1
507	8
259357	0
3366811	12
2991054	2
2813780	1
511	3
305976	0
2640016	0
1007105	17
2716226	1
2987605	0
2026239	4
2979868	1
290425	0
302406	0
1247726	4
359336	0
75697	0
1437824	3
2617606	0
3140381	1
257820	0
206506	1
1921582	0
1851544	1
2987599	0
2028345	1
75682	1
2895353	24
1522432	4
321983	59
34070	16
2637179	0
3374553	6
3350174	3
2995154	2
321985	5
871742	5
2072590	2
2660641	2
321984	1
149698	6
2609279	4
2861283	28
3064278	8
1707785	7
1593482	6
2861282	3
2738142	2
2970464	1
2899220	9
1141883	3
457921	2
945844	2
2045208	2
2769491	2
2683234	1
2765360	1
34069	0
34071	33
3068633	7
75654	0
2728021	16
75659	4
2636909	0
2943848	1
212744	0
2620350	0
3039386	4
29580	1
55508	0
1349767	42
29581	22
2610881	0
1644131	12
2497863	1
3065910	1
2751478	3
2590869	1
963	5
2624150	0
3095609	9
3028312	1
964	8
863372	3
2014887	2
202907	0
158899	1
1005048	3
279058	1
401469	0
401471	3
2630295	0
2058625	2
1344552	0
2617509	0
3349878	2
2601898	1
846	0
847	1
1229970	0
2644401	0
2807626	1
224471	0
54066	0
2697032	21
2646274	0
3089814	6
92793	0
1296669	2
2620789	0
2898431	2
212743	0
2640088	0
2753607	4
32012	1
926	1
1597779	0
1597781	2
995019	0
40544	0
2494234	11
1980697	0
1852381	3
32003	0
32011	1
16	9
2630143	4
3095607	116
1662285	44
17	66
2588534	54
359407	0
1055487	0
666681	6
359408	0
583345	1
81682	0
266009	0
582744	1
2634027	0
887061	1
2872156	0
2778876	2
404	0
405	0
265072	1
1679002	0
2588535	1
206379	0
914	35
44577	30
2609265	0
3070658	4
35798	0
2609267	0
3080532	3
90627	0
453161	0
2647919	0
2559597	18
453162	2
314343	0
2642294	0
2600596	7
63745	0
580332	1
96	0
370405	0
395494	4
2249462	0
1682490	1
2943286	0
2764705	1
2772226	0
935200	0
649841	0
1163617	6
1778653	0
171865	3
2637784	0
1985873	2
2772198	0
2715678	3
2008793	0
311181	0
311182	6
2609272	0
1981880	2
1054211	0
748811	0
1223802	2
157591	0
157592	1
1914449	0
1565605	1
2803844	0
2803845	0
2732487	1
206351	1
1499392	0
407217	0
2628611	0
1590041	161
57739	0
2684990	0
2877939	28
1192162	1
535	4
2202141	7
2641838	0
2059672	3
400060	0
2618429	2
400061	1
2897177	0
885864	0
2619593	0
1906741	15
240411	0
356302	11
2594795	1
32014	0
537	3
2496266	1
230666	0
2619399	0
2970891	1
400947	0
2739061	1
1055692	0
682798	1
481	0
482	9
607711	2
493	2
2995413	1
1931275	1
485	1
1193515	0
1196083	3
2946699	1
32257	0
265175	2
1654931	0
2290923	2
2593687	0
2067065	2
2898489	0
2809020	1
206389	0
2008794	0
2891322	0
41977	19
33057	2
164330	5
2609274	0
2944810	4
2897772	1
1134435	3
59405	0
44139	1
96773	1
12960	0
2629479	0
2027405	9
748247	3
198107	1
2891323	0
2067960	1
2008795	0
73029	2
2633351	0
2654218	30
281362	3
88875	0
76259	2
75787	0
551759	3
551760	3
76115	2
76116	1
1911577	0
1735038	8
1769726	0
2811415	3
2648924	0
3135646	2
146937	1
119066	0
327159	0
327160	25
33055	0
994695	0
1208921	16
2705999	0
2706000	0
2591109	15
1807140	0
225057	0
225058	0
119977	0
920	9
33059	1
2614800	0
2994951	1
1783270	0
68336	9
976	11080
768503	0
768507	5491
2896860	536
120831	3027
2625061	97
3088362	6994
2861765	6462
94254	0
471854	9219
2910158	7624
2747268	5319
2906456	4479
2909339	4339
2906443	2797
105	128
2631759	0
2268026	1874
106	0
761193	1613
2259595	1142
2674996	46
2907205	1219
2674997	497
332157	0
332158	1144
861914	0
651143	0
1166018	1011
89373	54
107	2989
2621999	415
2745947	3517
3128900	2771
2520506	2739
2894082	1496
2710596	3193
1379870	2875
2057025	2730
1211326	2656
2898794	2021
2728024	1861
2666025	1640
2692134	1477
2735870	1405
564064	1152
1178516	815
455076	0
2704465	557
978	0
985	0
269798	139
1853232	237
89966	687
2615202	203
3093922	624
2596915	332
2714932	275
2987689	183
1484118	133
2675878	112
1385664	107
1385663	73
1356852	58
2584940	56
2987688	41
2835648	10
2932250	10
2675877	7
2932253	1
497967	614
2502781	554
1385715	497
2761579	325
1705399	318
2615203	268
2496028	207
1446467	0
1227739	184
2932248	179
2932254	156
1850093	148
2735321	137
2607656	112
2933777	93
2932249	92
748197	33
1411621	10
2999067	6
2932251	5
2319843	1
323449	16
400092	398
2648980	0
2571030	253
3074898	9
2694930	202
388950	141
2694929	96
323450	33
2592049	17
1379908	1
512763	208
1379910	207
2639626	0
1379909	25
299566	0
2745197	240
2086471	95
1649474	0
2698458	6
3141702	10
312278	138
2627301	0
2916755	1128
312279	0
929562	183
2975149	0
2975157	304
319458	0
316068	0
649349	190
2173039	0
1784714	38
563798	139
390846	34
390884	0
926556	266
2621165	0
2781961	189
1795355	114
2859768	54
1807691	22
2591634	17
246875	7
2641541	0
2772483	173
3097546	147
2705473	8
1727163	157
226505	124
2991499	6
388413	5
68288	1
320787	61
1297121	42
104	0
880070	40
1511649	0
2782006	27
232244	0
232259	0
866536	20
280472	0
280473	0
758820	9
3141701	0
2676247	37
2516557	291
2696560	215
2516559	88
2762286	0
396811	0
2904246	282
2904247	105
2810512	35
2904245	7
1433993	0
2321403	155
200667	0
3051458	0
2994555	248
59739	4
2494373	101
367791	86
373891	16
2637820	0
1191459	6
1649461	0
1324217	36
1853234	0
1434007	0
1182444	315
59740	0
387638	57
1097443	0
866807	48
1522127	0
1077254	0
931531	117
1001222	0
930972	80
1522128	0
1397264	36
1937968	0
1937972	55
2647129	3
3344876	10
3127472	3
3127470	1
999	0
880071	8
2762302	0
156993	0
2979869	27
2979464	6
2762301	0
869806	0
1006	14
3059078	8
3059076	3
2762306	0
290180	0
333140	8
2858885	0
2858886	0
2715131	5
117743	0
200644	455
49546	1195
237	2029
196869	487
2986829	398
3025667	277
2724135	181
2986823	176
3025668	167
3097547	162
2739062	162
2885633	161
3031997	146
3151764	141
2654325	114
3092665	109
935222	103
3394146	97
2871165	87
2994319	85
1979344	83
2614441	82
2748319	81
2986835	79
2478552	66
2977321	64
3384157	57
3234137	50
2746225	46
1179672	32
3003623	27
3143118	24
2665645	24
907046	23
2986837	17
2986834	16
2986831	14
3120525	8
3059026	8
2986838	7
2775246	7
2986827	6
2845819	3
3379707	2
3234138	1
986	99
376686	1234
2816357	912
1678728	879
3003260	774
459526	310
1492737	272
3034146	270
2895947	213
2502784	204
2294119	202
1871076	167
2893886	159
3003257	135
1306519	135
1928857	123
89279	0
165435	119
2547394	107
2906078	107
2175091	101
871694	101
1355330	101
2893884	97
2602769	91
2906076	88
2903098	80
2897181	79
2830782	73
1310418	70
2937442	70
3003261	67
2183896	60
3075618	57
3003263	55
2732161	53
2748320	47
687844	46
3016339	41
1751095	38
29533	37
2704140	36
3003259	32
312277	0
1094466	29
2172098	26
2162713	25
1751056	24
3073563	22
55197	0
1034807	21
1763534	19
3003262	17
2893885	17
3003258	13
2249356	10
2893883	8
1617283	7
2906077	6
2870839	6
2856519	6
1563479	6
1784713	6
996	5
2201181	3
992289	3
3003256	3
1114861	3
96345	2
1114873	2
683124	1
1016	138
28188	195
860228	1
45242	80
45243	51
2708117	40
2640652	0
1945658	25
1316596	3
1019	10
327575	2
1018	1
1848904	1
2058174	0
2631190	0
2908210	214
2058175	132
2585771	12
153265	1
101385	0
746697	136
2494375	104
1287690	85
417127	0
398743	0
655815	244
2632541	0
2779359	20
3015168	2
3015170	2
444459	21
2644544	0
2905121	75
3228750	51
3158549	1
2698672	69
516051	30
2915619	12
111501	0
886377	5
1383885	3
76831	4
256	222
2572594	6
2562892	3
702745	2
76832	1
480520	1
2642485	0
3119977	1
225842	0
2644710	0
2686363	195
1336795	1
1798225	1
320324	0
1347342	4
2594004	2
252356	36
2615042	15
3093871	35
3160834	15
2496865	12
1644130	4
3053613	3
1130723	25
2980554	22
1178778	16
1836467	4
320912	2
2976127	1
52959	67
196858	2
1529069	22
1855336	18
313598	17
2686361	11
2058137	2
1896175	1
2745561	1
2745562	1
2806551	1
2855841	1
574710	14
1908341	10
985043	8
326329	7
1354726	2
2818493	1
2022337	1
104267	0
104268	47
104270	37
584609	36
2781243	31
2635139	1
754423	12
107401	6
2358479	3
3038772	2
3018314	1
3137857	1
3137860	1
379068	0
2632773	0
1170699	152
326319	72
2615033	38
983548	14
2173169	6
1239415	2
313590	1
363408	65
2615035	3
1476901	29
1336802	1
2608253	1
906888	24
323273	4
331648	3
2496866	1
292691	0
2615027	0
3100176	37
3160832	19
1250205	3
2705471	1
2126553	43
1913577	26
1486245	0
1229726	2
112040	0
63186	49
3032586	48
248906	15
248907	4
286104	3
2615021	0
754417	47
2929510	8
2749995	5
1936080	3
3093872	1
2686077	45
2686078	3
1518147	0
1790137	104
83612	0
57029	0
313595	102
104264	0
59600	0
688270	86
76594	2
1348584	2
1348585	2
2634405	1
2686362	1
979	1
1888890	1
527198	0
264023	62
2643887	0
3063957	16
2027857	6
3045158	1
49277	0
2615011	0
2570561	76
2932268	1
1649460	0
3075823	69
143222	21
270918	41
143223	3
290174	0
2627091	0
1714849	20
1714860	18
3342246	15
3342247	3
1714848	1
3160830	1
561367	0
2643747	0
3114359	23
2809707	15
291183	0
2647285	0
2057808	9
2653681	9
983544	2
2980107	13
1486034	1
178469	0
616991	26
2040469	2
2049301	0
2049305	25
1649495	0
2622645	0
2976768	18
1936081	3
2937786	1
111500	0
2615049	0
2908843	11
2908842	7
3093867	3
221065	0
1218801	17
2685202	0
2282170	3
561555	0
2202721	16
2913017	0
2583587	15
283735	1
2615029	0
3160833	10
2719912	1
1287916	0
1761453	12
1434045	0
2900738	9
1386924	0
2920935	6
2646735	0
3070659	2
1211036	0
3080055	5
2622855	0
3070660	3
261827	0
2615009	0
2686365	6
3093873	1
1204360	0
762954	0
1454006	6
2700084	0
1850246	6
369400	0
2615017	0
2916754	6
1209327	1
3063533	3
1803846	1
393005	0
2069432	3
2614803	0
1630406	2
2893197	0
2893202	4
343334	0
343403	4
244698	0
2615025	0
1336796	4
3085669	0
2968490	3
2861660	0
1736674	3
379070	0
2625242	0
754429	3
358023	0
2626258	0
2918526	2
1622118	1
252306	0
252307	0
313596	2
2953860	0
2820661	2
2715289	0
2767187	0
2767188	2
2045416	0
2631961	0
2529032	2
336276	0
2615019	0
2745560	1
3028318	1
389486	0
2648869	0
1453352	2
283785	0
2626393	0
2675331	1
387658	0
2632265	0
2779360	1
2831916	0
2094025	1
444051	0
2630131	0
2779362	1
2987594	0
2744027	1
762641	0
2507538	1
2762318	38
2782232	6
59732	317
59733	10332
2593645	65
3379128	628
878220	216
1932669	197
2487063	147
3231511	144
3139392	114
2879938	108
1871047	108
2966625	77
2487064	75
1721091	75
2487065	73
2879939	56
2864040	49
2920939	39
3093923	23
3138177	20
3031803	20
1033900	20
2745153	20
2838877	18
2015076	14
3094839	11
2713414	8
2997336	5
3116594	5
2478663	4
2039166	3
2893882	2
2594269	2
2856522	1
246	432
1324352	228
536441	168
253	123
651561	109
112234	71
421058	66
2497456	58
250	50
2754694	42
2929799	40
254	40
373672	28
1493872	25
3042315	19
1124835	17
558152	14
1609531	13
1241981	9
2983606	9
192389	8
2759528	6
2956784	5
1685010	4
1265445	3
1241978	3
1241982	2
2929800	1
2547600	1
1813611	1
2782231	0
2878534	253
1241979	142
2852098	12
2762626	0
2908645	10
266748	8
2038776	3
266749	1
2782229	0
1416779	3
2855442	0
3350167	2
308865	28
238	87
1117645	34
1338011	1
1756150	20
1756149	8
2685307	0
2583851	2
34084	0
34085	101
2766734	0
2898187	30
2766735	0
3103144	21
1433995	0
1118202	13
28250	0
2497989	7
28251	3
59734	1
247	5
343874	1
1778601	0
2630820	4
2656760	2
3088764	0
2758037	5
501783	0
2004710	2
2620870	0
2976818	1
39782	0
34098	0
1653831	114
1457030	3
3228945	0
3228946	0
3069118	50
1853230	0
3024544	0
2862509	22
332102	0
191579	0
755732	1
1755828	0
1755829	0
242600	1
2975259	0
2975260	0
2829795	1
117747	0
200666	4
84566	767
28453	306
2609468	290
3112958	4163
2713573	2989
1538644	921
2853439	445
341027	188
3058432	162
3382150	149
2907623	139
2986767	139
2795738	122
2003121	120
2961941	82
2557994	82
1933220	68
2996035	56
3367156	29
2931400	13
3031802	9
28454	2539
259	604
2886510	211
459529	174
797291	169
3025669	154
258	122
662858	107
2662364	84
561061	74
1010	71
1768011	33
649196	19
371142	14
34087	3
423349	550
2617802	186
3342096	309
2703789	268
2929803	223
3048589	218
3138568	158
3243060	143
2778902	122
3025671	83
3025666	79
3141542	69
3029053	13
3138567	3
1295612	268
1176721	234
2728022	194
2682091	179
2027860	163
862126	161
551996	149
398049	119
423351	0
714943	108
1173583	101
2305508	74
1234841	65
2740462	29
1550579	22
398053	6
652787	3
84567	113
2628915	19
3149230	375
2995161	248
3140251	233
2714940	144
2482728	58
3350173	49
3387402	49
3234142	34
2578106	25
2856523	21
1727164	3
336820	346
332999	264
2605747	245
2789740	218
2895286	136
2766984	130
1503925	88
2201271	86
188932	79
2739058	78
363852	75
984	0
485917	63
430522	40
2679963	25
376469	0
2632301	76
3376061	16
2764720	15
2592345	7
1773450	0
496056	49
1649482	0
151895	0
762903	33
929509	0
995	0
929556	24
2911172	2
1288026	0
2642374	0
3341726	20
3088888	0
3088889	0
3036359	4
1853228	0
1853229	0
563835	154
79328	117
2619133	132
2604421	583
2952571	481
3137178	254
3051176	190
1004	227
3133966	201
104663	179
2920382	154
2203219	145
79329	0
485918	138
536979	136
2703787	126
2725414	77
2029983	23
2267521	20
379899	0
577386	220
1176587	145
446683	0
929713	72
2698688	2
2315862	365
3076558	65
1004301	0
2838157	289
2838156	37
649460	0
477680	268
398041	0
661481	167
1492898	7
354354	0
354356	0
700598	149
1769012	2
2341117	44
2636138	0
1850526	36
2875539	16
496057	15
1860196	0
661488	79
504481	0
2635961	0
575378	58
1751071	18
1004303	0
563172	27
2875540	10
2812019	0
2502779	34
2836216	0
2676868	28
649461	0
2630913	0
3020883	11
2760713	6
3114547	0
2545455	13
3389990	0
2962693	9
1874621	0
1813871	6
1649506	0
3099314	0
1968839	2
200643	3
171549	185
815	0
816	153
817	281
46506	133
449673	1
2715212	83
477666	26
818	15
674529	15
246787	15
2646097	0
3117552	9
2763022	5
28116	11
139043	0
162156	9
2763023	8
2792859	7
28113	6
291645	4
329854	4
291644	3
820	3
47678	1
997873	1
2650157	2
2650158	2
28111	1
909656	0
376805	0
667015	6
387090	4
357276	3
2005525	0
375288	24
328812	212
2685834	28
387661	25
823	19
2951805	19
46503	3
1217282	2
195950	0
712710	24
28112	5
171552	0
2974251	0
165179	122
537011	2
77095	2
2518605	1
838	0
28132	44
2638335	0
2913616	17
712471	1
28137	16
28129	12
470565	10
2913614	6
589436	0
1236517	4
52227	0
908937	1
1177574	1
577309	39
454154	67
454155	0
762982	1
2974257	0
28127	3
76123	2
558436	0
839	2
2884814	0
2133944	1
2005520	0
307628	0
1642646	52
294702	0
2829812	33
1642647	1
156973	0
45254	7
171550	0
239759	8
2608932	0
3132707	26
2662363	11
1470347	0
1211813	14
626932	6
28117	5
328813	4
328814	0
717959	3
538948	0
538949	1
2585118	1
1647173	0
1760810	0
1760811	1
1853231	2
574697	0
1472417	53
544645	1
1472416	1
283168	0
28118	1
2005519	0
397864	0
2645177	0
1965590	41
487174	2
397865	0
880074	1
171551	0
836	0
867595	20
837	16
28124	4
28123	0
879243	1
2760872	0
2760873	0
2590900	30
2005523	0
346096	0
185300	0
694427	18
1970190	0
1970191	0
1307839	8
2005473	0
2518495	0
2518971	3
2815786	0
2606626	2
333046	0
511434	0
511435	0
511995	2
1970189	0
1471398	0
1471399	0
1573822	0
1573823	151
2706887	13
1168034	8
2792393	0
2010828	135
2678352	0
2681766	13
1573808	0
1639118	1
3374594	0
3374599	1
1573805	0
2060722	0
2639503	0
2060723	132
1717717	5
866673	0
570161	8
558415	0
1193324	0
889453	8
3129724	0
2949635	6
1937959	0
1936988	0
89374	0
1007	0
2636513	0
3023936	175
1008	17
365032	0
2649989	0
3051121	66
1937960	0
70994	0
2637037	0
3231911	143
1937961	0
2349	0
2350	0
760192	97
171558	0
2923288	0
2923290	0
2875962	9
1853220	0
1853222	0
1853224	0
563843	0
29548	0
29549	11
2893090	0
2558931	5
1853227	0
1434037	0
2640460	0
3391614	5
1853225	0
146918	0
146919	1
1936987	0
1853221	0
1853223	0
1813606	0
649462	0
2952158	17
3024158	0
2489367	0
1457365	5
1090	0
191410	0
191411	0
191412	0
1101	0
2632826	0
281093	1
274493	0
1091	0
1092	0
290315	1
2968741	0
100715	0
100716	0
517418	2
142182	0
1804991	0
3381667	0
3381668	0
3381669	0
3119007	4
219685	0
219686	0
219687	0
1706036	0
861299	1
3018035	1
3031418	0
213481	0
213483	0
958	90
959	1211
1069642	1251
2633795	73
2220073	199
3394234	183
3394354	74
3394356	68
3394359	66
3394358	55
3394355	52
1732569	51
3394361	47
2231053	39
2748865	22
3391182	16
3044166	5
2835041	44
3394235	17
2862745	0
2862746	0
3386277	4
453816	0
1184267	1
213485	0
349221	0
349215	3
3031419	0
2024979	0
1652132	0
1652133	0
2639665	0
2109558	7
263369	0
146784	0
960	2
263370	0
2628669	0
3383025	2
1553900	0
2024973	0
2024974	0
2698753	0
2493639	8
2024975	0
1915309	2
1783257	2
203682	1
203683	0
112	0
126	0
3132181	0
3064265	79
2795774	0
2528007	39
2795776	0
2528027	21
1649453	2
122	8
2527976	2
2605989	2
2527971	1
2527973	1
2608982	1
1649480	6
3076095	0
2527980	3
118	0
2648843	0
1632864	1
1649490	0
119	0
756272	1
2795778	0
2527983	1
2795780	0
2527995	1
2691354	0
2691357	5
2795775	0
2528010	44
1579506	0
980254	3
265487	0
2647022	0
2943192	2
265488	0
2624920	0
2127060	1
1579505	0
1930273	1
2005380	0
980251	1
2714594	0
2795601	0
3119568	1
2795973	0
2528005	1
2807414	0
2528021	1
2691359	0
2691417	0
2528024	3
2795783	0
2528009	2
2691355	0
1914233	0
113	1
114	12
1210884	1
2051044	0
692036	5
2807415	0
2528023	2
1382832	0
1123043	1
2691356	0
1763524	0
466152	0
466153	0
886293	15
2627035	0
3120278	1
1763521	0
1387353	1
666505	0
1771349	0
1771355	0
2807511	0
2807512	2
2483366	0
2483367	0
2483368	0
1941349	1
2690160	0
1851148	1
2897345	0
2897347	0
2897348	0
2897349	0
2596890	2
74201	0
203494	0
48461	0
203557	0
1348508	0
2711230	0
2711231	17
518753	0
2728835	14
2637149	0
2995170	1
3230487	1
2735	0
2736	0
240016	7
414999	0
415000	0
134623	0
1961799	0
1838286	10
2892920	0
2909285	5
3126963	0
1184151	1
3138693	0
2866162	1
415001	0
3056374	0
2175957	0
2621336	0
2866311	2
3138622	0
3080537	1
3056381	0
3049269	0
2684113	2
3056371	0
442430	0
395922	0
583355	1
1955630	0
717963	0
717964	0
511745	0
591154	7
326457	0
1541670	0
2730358	0
2730359	1
2796139	1
204428	0
204429	0
51291	0
809	0
1113537	0
810	0
83559	6
134625	0
1921781	0
1921782	0
1921783	0
1921784	0
1307763	1
2907184	0
2907185	0
2907186	0
2907187	0
2697043	1
200940	4
3031449	0
213115	0
194924	0
2035811	0
2880651	19
1716143	1
2661612	0
2725288	1
2973072	1
2909705	0
58180	0
207559	13
2910984	1
296842	4
184917	0
573370	2
345370	0
694327	1
872	0
901	2
44742	1
2718620	1
2794998	0
2794999	0
2795000	2
880	0
526222	1
191026	0
1121451	1
2802295	0
881	1
213117	0
45662	0
45663	0
485915	2
213116	0
898	0
899	0
525897	1
3031651	0
3031668	0
213422	0
115782	0
313985	0
398767	29
2651583	1
2847992	2
2860296	0
2897342	1
69541	0
2812024	0
2812025	0
19	0
338963	11
213421	0
890	0
2802975	4
2614637	0
1823759	1
3031665	0
392332	0
483547	3
3031646	0
453227	0
453228	0
3093638	0
3058419	21
453229	0
453230	0
644282	16
3031451	0
3024411	0
213121	0
893	0
894	0
577650	12
1859128	0
2637969	0
3126740	3
2886822	0
2886823	0
2569540	1
2569541	1
51194	0
2740163	1
109168	0
84980	0
177439	1
3024418	0
213118	0
2931039	0
45654	0
45656	6
3031627	0
218207	0
218208	1
3031648	0
2914038	0
213468	0
43773	0
316277	0
56780	4
67799	0
188710	0
188711	0
1740	0
2638574	0
2234087	1
29547	0
3031852	0
213849	2
2808963	11
2321115	0
663364	34
877500	2
2321114	0
1032072	0
870501	27
28196	0
1278212	0
663365	1
2771471	0
202746	0
2590022	66
2672570	2
2623549	0
2022749	1
72294	0
194	3
201	0
488545	3
2593542	0
2517362	2
206	0
593874	0
1032066	2
1031542	1
497724	1
199	1
72293	0
209	0
45498	1
210	1
2771472	0
265570	0
2646778	0
387093	2
292630	0
223785	0
2993563	1
2932623	0
57665	0
2618290	0
3094835	1
235899	0
2795691	0
269258	0
2624044	1
2818505	0
32015	0
29	0
80811	0
39	0
47	29
83451	12
48	6
40	0
41	0
378806	5
42	0
43	4
31	0
32	2
2648731	0
2831967	9
3041439	2
1297742	10
83455	4
33	2
2813577	1
83461	2
184914	10
35	1
224458	0
2813578	3
1524215	0
161492	0
2918170	3
161493	0
290397	1
3031711	0
3031712	0
1524216	0
1524217	0
1391654	25
49	0
39643	9
56	0
448385	6
55	0
2567896	5
50	0
52	2
1055686	0
1055688	0
927083	1
3031713	0
224463	0
53	0
2995304	6
57723	0
204432	0
204433	0
204434	0
458032	2
458033	47
2851959	19
2821542	1
3154218	0
3069689	32
3069686	1
392733	0
392734	8
926566	1
1592106	7
870903	0
401053	1
1078829	0
2634852	0
3036704	7
1742983	0
1002689	5
2951993	0
2763107	3
388463	0
2637509	0
2703788	1
533205	0
533206	0
533207	0
2915177	0
2818388	5
574975	0
574976	1
44675	0
2647902	0
3068889	1
203691	0
203692	0
136	0
2951104	0
2845254	0
2798577	45
2845253	0
157	1
163	3
2638727	2
138851	1
137	0
1616789	0
1307761	2
2791015	0
3062336	0
273376	0
760011	1
1643688	0
170	0
171	6
1137606	6
172	0
145259	3
173	2
28183	1
29507	1
1917830	1
2633828	0
2838238	1
1643686	0
143786	0
29521	0
52584	1
200930	0
68337	0
191393	0
2945019	0
46200	0
139438	20
191394	0
53572	0
197162	0
639282	1
40117	0
203693	0
189778	0
189779	0
1234	0
2973512	2
2811502	0
2811503	0
2811504	0
28261	0
28262	0
289376	1
3027942	0
189775	0
85001	0
255728	0
85002	0
2056	0
2057	0
479434	3
200783	0
187857	0
32069	0
64898	0
939	0
940	1
1783272	432
201174	21
1760	1905
85006	112
85023	263
46352	8
399736	13317
2615065	0
2070347	385
2933290	10
2995141	8
3132259	7
2810513	2
3153752	2
574649	16
684552	12
3068634	4
33882	229
2609290	291
3157631	283
3142976	157
3135263	128
3132289	118
2567934	93
2875948	81
912630	79
3377125	78
2654193	74
1906274	71
1714373	60
1906742	59
3025663	59
2483401	55
3153754	50
3234200	46
3140649	45
3135257	42
2962064	40
3135264	38
3135255	36
3049069	33
2995140	31
2734618	30
3049071	29
3135260	27
2048898	27
2014534	26
367477	25
3050384	24
2909588	23
3049072	23
2606451	22
3049073	22
2925844	20
3049070	20
3132291	18
2268461	17
3093864	17
2489212	16
2763257	13
2603598	11
3035531	10
2070348	8
3019890	8
3149040	5
3129773	4
3135258	4
3135262	4
1795053	4
3129771	3
3160749	3
2861281	3
2766784	2
1916917	1
2992441	1
3162563	1
2103230	1
1696072	1
2851646	1184
2033	36
979556	418
104336	391
1072463	60
2782169	60
1572644	52
84292	51
273677	41
2782166	41
69370	37
162426	34
2509458	33
2614638	32
344163	30
515415	30
904291	28
57043	24
33918	23
2981139	22
2851649	20
1678237	20
370764	17
421115	17
82380	16
199592	15
33883	14
3028316	13
153731	13
156977	13
3079935	12
2782167	12
683047	11
582680	11
273678	11
2982533	10
1526412	8
462710	7
415217	7
2909587	7
3242192	5
2782168	4
2614639	4
2541726	4
743009	4
69367	3
36805	3
2851642	2
2810535	1
300019	1
936337	1
33877	113
2639701	16
2932244	164
3372850	103
2498704	97
3156399	93
3243765	80
453304	169
1858653	150
2509455	126
2080742	111
2585717	99
1389020	90
659012	83
2781962	62
2592652	58
3388266	56
589382	49
2929802	30
2034	30
257496	44
2795488	19
2841594	17
1561023	11
3049047	8
2175646	8
2175645	8
3372858	7
3050069	7
2070337	6
2175648	6
1905847	5
2175666	5
2175660	5
2175619	4
2175655	3
2876939	3
1898733	3
2175650	2
2898151	2
2175667	2
2175641	1
2935040	1
2175620	1
2495430	1
2175674	1
2175632	1
2175635	1
2035	9
2036	1
33886	20
2609250	6
2609253	57
2609257	18
2609255	9
2609252	3
2609254	2
2609258	1
110937	23
1328866	3
33887	18
1891671	16
3144168	6
1671680	4
3108736	0
2880260	102
881616	0
2618217	7
2905871	27
3350168	26
3152363	23
110932	0
2663824	10
3143936	14
3162562	13
1798223	12
2781978	10
2724914	3
150026	17
1575	0
59736	0
281090	2
69578	0
2649013	0
1897060	19
3048582	7
1978566	4
1897061	2
2220095	10
670052	8
1259258	5
190323	2
2624265	6
2583822	21
2480625	9
3388853	3
150123	10
337004	3
2630066	0
1913979	7
2772253	2
2963406	8
279828	7
1804990	5
2994971	2
2750620	1
2680004	0
2680006	0
2759943	20
2592654	8
2419774	6
55968	1
1784719	16
2932245	6
2714934	4
2932247	4
2621730	0
2813744	1
235888	0
2632331	0
2583374	20
2603292	3
2708084	3
2708338	3
2508880	2
1573	5
1874630	8
28447	2
33013	1
33014	1
31964	4
1401995	3
31963	1
31965	1
1734031	1
447237	0
2626248	3
1446794	7
1795630	6
1268041	1
3137419	0
3042517	16
518733	0
412690	16
76634	0
2685235	0
2116510	6
2079792	5
2859226	5
1649457	0
2649549	0
2985506	12
96492	0
2627005	1
2596916	6
3093850	2
120212	0
2895559	7
1759331	0
1619308	3
2634183	0
3350166	3
427753	0
2599293	5
1434022	0
1162966	2
1649454	0
2645362	0
2596912	2
1433997	0
2643261	0
2683590	2
110934	0
2641148	0
2773266	2
1195526	0
2419771	1
3110364	0
2708079	1
1268	29
1742993	0
2647000	2
2590775	175
2851598	11
2590774	3
3018929	3
2931399	1
361575	0
930171	21
85085	0
452863	4
1671	1
728066	1
1663	1
235627	12
2830992	12
1357915	11
3374550	7
3039385	6
2972479	6
2828862	3
2654190	3
2600159	3
2879619	2
2861279	2
2839623	2
2830997	2
2830995	2
290399	2
2578107	1
2079227	1
2830999	1
2996261	1
2997335	1
2879621	1
2894192	1
1704044	1
2894187	1
2886938	1
1652545	1
3043847	1
2830998	1
37928	33
2964616	7
2895818	3
2886935	3
156980	2
199136	2
1670	2
2211210	1
656366	1
37921	1
1742992	3
37931	93
43665	7
43663	1
290340	1
57493	4
1275	30
446860	7
388357	2
32207	0
2047	17
37923	5
396015	2
2689056	0
2810516	2
43675	1
169480	1
169133	0
863575	8
2632435	0
3073268	3
3004095	2
1269	2
86171	6
1270	2
596707	0
322009	3
2646595	0
2020377	3
37927	2
496857	1
57494	1
2629769	0
2600320	5
1742989	1
162496	2
37930	1
1933880	1
2627139	0
2984842	1
1645	0
1646	1
85016	0
1707	5
1708	22
2620175	1
3039384	5
2003551	4
2591145	4
2904790	3
2654191	2
2871170	1
2962632	1
3073064	1
2729175	14
2968083	6
11	0
593907	5
76862	5
2608402	3
2819978	3
2968084	2
2816956	1
2968085	1
665568	0
545619	13
1138587	13
1926259	0
2649176	0
2654547	7
162491	0
2619021	0
1179673	3
458839	0
2638618	0
2758442	1
85021	1
53457	6
262209	12
2649294	0
3028808	7
3115209	3
103817	2
53357	0
53358	15
267408	0
1076331	5
2663847	4
367298	0
2637926	0
2714941	4
367299	3
1690220	2
556178	0
412689	5
136099	0
2618719	0
3126698	2
882824	1
1849973	0
1620385	2
53355	0
2630222	0
3108389	1
99479	0
2643346	0
1813880	1
2805645	0
2860344	0
3149228	1
85017	0
157920	4
1710	17
2624466	1
3163031	14
1906273	1
2587808	12
254250	1
2623355	0
3024246	7
372663	0
1300344	4
43676	0
2647929	0
3239420	2
85019	1
1696	4
2614124	0
2999062	14
3376990	4
2725563	2
2575923	1
629680	16
2697565	6
33889	1
273384	1
358099	1
2898795	1
145358	0
154116	0
2626815	29
3120520	2
2483799	14
2585135	4
85020	0
43668	0
2623841	0
2571029	38
2996004	1
556288	2
2017485	2
1331682	1
1652028	1
2942909	1
2805590	0
125287	0
2594265	5
2283195	4
2934161	4
2593973	3
2508882	1
265976	0
1758689	5
247333	0
1123251	3
767452	1
1078471	1
577468	0
754249	0
1133546	9
2888818	0
3114394	8
145357	0
57495	0
1274	7
745364	0
571913	2
1535207	1
1535208	1
2040262	0
2649857	0
2904523	2
1331736	0
626119	0
2897774	9
145360	0
60919	3
2645534	0
2714931	2
3030830	2
60920	0
446469	1
85018	0
1184606	0
100225	6
2885697	0
2716227	1
125316	0
84756	0
84757	0
471853	1
2805426	0
57499	0
1276	1
85011	0
2062	37
1883	877
2593676	2058
2903885	84
3238798	69
3057122	53
2975642	50
2903884	50
3125779	50
2903818	49
2975736	43
2975795	41
2975783	39
2695266	37
2903891	36
376149	36
2903882	34
2903746	33
3372855	33
2903640	33
2903881	31
3238631	31
3372856	30
2975756	30
2975702	30
2903651	29
2903686	28
2933779	28
2750011	28
2975680	27
2949637	27
3388313	27
3385496	27
3026191	26
2903671	26
2903803	26
2903812	26
1725411	25
2072505	25
2975650	25
2903660	24
2892996	24
2903806	24
2903872	23
3118173	23
2975898	23
2976015	22
2903665	21
3238632	21
2903679	21
3238628	21
2840373	21
2903643	21
2903641	20
2135430	20
3050126	20
2975784	20
2975917	20
2720714	20
3238634	20
2903760	19
1333528	19
2730915	19
1561022	19
2903649	19
3030210	19
2975801	18
2684468	18
2903680	18
2975878	18
3238627	18
3015154	18
2903893	18
2903769	17
3344656	17
2903815	17
2903835	17
862751	17
2903878	17
3038642	17
3256999	16
2975624	16
2903790	16
2903871	16
2975720	16
2903788	16
2801030	16
2975903	16
3156398	16
2975848	16
2903808	15
3061628	15
2136173	15
3383314	15
2903897	14
2903824	14
2903700	14
3026420	14
2903752	14
2078691	13
3075199	13
3075198	13
3372854	13
2714844	13
2175864	13
2305220	13
2975741	13
3238624	12
2903887	12
2903717	12
2721245	12
3040076	12
1855352	12
1827526	12
2975703	12
3081768	11
2903719	11
2797167	11
2903778	11
2903750	11
2903755	11
3062779	11
1849967	11
2903836	11
710705	11
2903678	11
2975701	11
2083284	11
2903619	11
3129112	11
2975751	11
3344655	10
2903716	10
3078227	10
3062275	10
3028710	10
2898276	10
2903766	10
2975735	10
2975728	10
3238623	10
2903828	10
2742136	10
2903827	10
2903675	9
2903657	9
2903611	9
3240934	9
2903609	9
1736046	9
2833628	9
1837283	9
2059884	9
2903829	9
2976011	9
2942449	9
2975793	9
2975776	9
3231716	8
234612	8
3049543	8
2975946	8
2903667	8
2903673	8
2975737	8
2903705	8
2975641	8
3108485	8
2903682	8
2903822	8
2903817	8
2903798	8
2903721	8
2903704	8
1964449	8
2903614	8
1848900	8
3042026	7
2975849	7
2975733	7
2975743	7
2903627	7
3239284	7
2903863	7
2903867	7
2975763	7
2903879	7
2903896	7
3062449	7
2981136	6
2903862	6
3118085	6
3112165	6
2975710	6
2975870	6
2005885	6
2903831	6
2094021	6
2907545	6
3031131	6
2975740	6
2791991	6
2903797	6
444103	6
2903645	6
2975804	6
1851167	6
2801029	6
2742137	6
2975745	5
2975796	5
2056258	5
1812480	5
2903774	5
3144102	5
2903767	5
2975672	5
2903821	5
1882757	5
2903860	5
2975700	5
2903762	5
2975750	5
3081765	5
2903756	4
2903865	4
2903832	4
2903748	4
2903723	4
2903779	4
2903789	4
2975620	4
2975940	4
2975734	4
3238633	4
2975722	4
2903674	4
2903659	4
2202000	4
2975747	4
2903652	4
2975888	4
2975674	4
2975896	4
2975752	4
2975809	4
2900152	4
2975808	4
2975634	4
408783	4
2975623	4
2903714	4
2903890	4
2903801	3
2975765	3
2975847	3
2751189	3
2203205	3
1841249	3
2203210	3
2975855	3
2987533	3
2692234	3
2931983	3
2903638	3
2721173	3
2975645	3
2979468	3
2903869	3
2975900	3
2975859	3
2975684	3
2975696	3
2975708	3
3002640	3
2975718	3
2975866	3
2724152	3
2975724	3
1827742	3
2903672	3
3075432	3
1287523	3
1460244	3
2825844	3
3074430	3
2903681	3
3129111	3
2903747	3
3377215	3
3062782	3
2903787	3
1661694	2
2975947	2
2136401	2
1961713	2
2903833	2
3096010	2
3028711	2
2903861	2
2975688	2
3238625	2
2903841	2
3231715	2
3113369	2
2975891	2
2903702	2
2903850	2
2903856	2
2975930	2
2203204	2
3064901	2
2903783	2
2420135	2
1649184	2
2903642	2
2779671	2
2903646	2
2975842	2
2913412	2
2975742	2
2903710	2
2975723	2
2975739	2
2903669	2
3238630	2
2944250	2
2662065	1
2931974	1
2975918	1
1522758	1
2975656	1
2975904	1
2939414	1
2966192	1
2975921	1
2967224	1
2930049	1
2975622	1
2879427	1
2975714	1
355249	1
2975769	1
2975753	1
646637	1
1188315	1
2903661	1
2585716	1
2975730	1
2975857	1
2903623	1
3238629	1
2975897	1
2975712	1
2975706	1
2975705	1
2975699	1
1488356	1
2975689	1
2975682	1
2975892	1
2975671	1
2975669	1
3231270	1
2903838	1
3035278	1
3041765	1
3096006	1
3075197	1
2903757	1
1821625	1
2903724	1
2903814	1
2903722	1
2744474	1
2903781	1
2903883	1
2837956	1
2850561	1
2748873	1
2750025	1
2903846	1
2903888	1
2903786	1
1577075	1
2903844	1
2903718	1
3020055	1
2684469	1
2782004	1
629295	1
1482601	0
1919	83
1482561	0
1892	42
1482596	0
1911	0
67263	0
455632	20
1482599	0
68212	10
1944	2
66883	5
1482566	0
68179	5
1482558	0
1908	0
1172567	1
2838335	6
47760	45
58343	31
114686	12
132473	12
2184053	5
67350	3
68274	1
2014920	84
54571	54
36818	48
67385	44
1048205	41
68200	40
1616117	39
67255	34
1969	32
1079985	2
1936	34
1413221	32
1906	32
1889	30
67296	29
1971	21
316284	1
3004093	21
67304	19
2768066	18
51201	18
40318	18
319947	18
1888	17
68239	17
66425	17
2811104	16
235987	16
73044	16
67280	15
1932	14
67345	14
1690221	14
146819	13
80860	12
67581	0
665577	12
249567	12
42684	12
1642299	12
2981135	12
45398	12
665007	12
68246	4
284034	7
1952	10
2768068	10
68231	10
285450	0
149682	0
1352936	10
1967	9
83656	9
2867410	9
35621	0
1223523	9
1355015	8
2964669	8
1077946	8
1907	8
348043	0
1214101	8
193462	7
1352941	1
83291	8
2878388	7
2710756	7
1827580	7
66374	7
1960	7
1961	7
2496836	7
2839105	0
1226757	3
1912	0
68042	1
68280	0
653045	1
576784	1
68270	6
67362	6
116188	6
173858	6
1915	6
285574	6
67367	6
1942	6
1648182	6
1901	5
2838332	0
1923	5
67287	5
68214	5
2662397	4
58346	4
68286	4
2981134	4
2865673	4
67294	4
2867194	0
83380	4
1885	4
67326	4
2880933	4
2599401	4
42237	3
2282738	3
2174846	3
2049881	3
173860	3
47759	3
38300	3
146922	3
47763	3
2797636	3
2879846	3
3053466	3
1893	3
1546107	3
1176198	3
2746961	3
55404	3
553510	3
1535768	3
1914	0
58340	2
285562	2
2548456	2
28894	2
887462	2
1890	2
452529	2
362257	2
424188	2
2686304	2
68233	2
67351	2
1927	2
68192	0
477245	2
1924	2
58344	2
42234	2
1477431	0
1886	1
33900	1
2906474	1
2717324	1
33903	0
227882	1
1442032	1
2923272	1
42881	1
1950	1
3033811	1
67282	1
285557	1
66892	1
66871	1
59299	1
1957	1
1904616	1
1169025	1
285558	1
285530	0
463191	1
285578	1
249586	1
2768069	1
114687	0
1160718	1
68278	1
436397	1
2875706	1
67332	1
2063	4
2633591	14
2018025	37
2975962	9
2903571	6
2903572	6
2903575	4
2975963	4
2742135	2
2903570	2
2903574	2
2975964	2
2975965	2
2998080	2
3075627	1
67352	8
3004092	7
1894	1
2995702	0
1436133	7
235986	1
2995704	0
2995716	0
3232308	6
2126346	1
228398	0
2643834	0
2704468	6
2699295	0
2699296	0
2975961	3
2995706	0
29303	0
1003195	1
85009	0
85015	6
1839	39
2615069	39
2582905	854
2898796	62
2996826	57
2931390	57
2917724	55
2840457	52
196162	31
3383502	22
3043848	22
2763008	22
2017486	22
2714939	19
2760705	17
2884264	13
2486272	10
110319	10
2662361	9
2976000	9
3044187	9
2895565	7
2975999	6
2592334	4
2976001	4
3036374	2
2663857	52
2760089	26
200618	24
2712223	22
160826	17
449461	16
2483798	13
419476	11
3388267	10
433659	9
2894081	9
627624	9
2589074	9
3095076	8
642780	8
1643322	6
2849501	5
450734	0
1300347	5
1804624	4
2575440	4
2558918	4
3095075	3
2518370	3
1774216	3
2736757	3
2045452	3
2803858	3
2872154	3
402297	2
2685869	2
2714938	1
2518371	1
2500546	1
2040	16
219314	0
585531	99
2633570	0
1736306	41
3341830	12
2107713	7
3009077	7
2041	31
2079793	17
2969247	10
2663859	8
1736691	7
2662028	7
2968086	3
2044	0
2045	21
116071	0
75385	2
1546255	0
2621872	0
2708082	2
31957	0
72763	1
399497	7
2161816	4
2635419	0
2760310	4
1285901	1
2829499	1
29404	0
630515	8
546874	6
29405	0
1032480	1
1911549	0
2662260	0
3081204	7
2662261	2
1085622	0
2642922	0
2760308	3
2714937	2
2775081	1
1912216	4
1743	0
1744	1
119981	1
1912215	0
2057246	1
2801844	0
1750	1
2726069	0
182639	0
2644121	3
2903578	10
2975972	6
3002436	4
2975969	2
2975974	2
2975967	1
3160966	1
182640	0
479435	8
1544730	4
2805400	0
117156	0
117157	5
85007	26
1762	36
1866885	65
39695	122
318424	30
1799	22
2636767	1
3056937	7
2908837	4
3042320	3
3023370	1
1795	15
1431246	14
39688	13
258505	13
319706	10
134601	10
1286181	9
39691	9
1772	8
2761578	7
53462	7
1766	7
1796	6
1534349	6
216929	5
212765	5
319707	5
370524	5
85693	5
758802	5
1801	5
39687	4
56689	0
1226753	4
370526	4
1810	0
1354275	4
1793	4
2736649	4
39692	3
36813	3
1534348	3
1552759	3
2487344	3
1286180	2
444597	2
1771	2
152142	0
1226752	2
1791	2
1792	2
1802	2
146017	1
67081	1
85968	1
117567	1
1763	29
2642494	2
212767	25
1547487	18
1936029	16
2675523	13
1545728	12
2099693	4
2675524	4
3122055	2
2975989	2
2903536	2
3385969	1
3145017	1
2991729	1
2857060	1
2099695	1
2249310	0
470076	21
220927	7
761804	5
53376	4
185642	4
292462	3
1784	1
120959	1
120793	3
339268	0
1041522	7
1764	2
439334	3
701042	1
486698	15
2943498	13
459858	9
1389713	9
398694	7
577492	4
3027808	3
44010	3
77643	1
1773	1
1778	2
886343	1
1682113	1
1719132	1
480418	1
482462	1
386911	1
110505	1
1775	1
670516	0
36809	3
1185650	5
404941	5
1578165	5
2126281	0
1069220	16
1069221	2
1073531	0
1788	9
29314	1
1118379	1
1795032	1
85025	32
1827	62
192944	6
1564114	18
2499145	12
1805827	12
2742603	12
2507582	9
2054902	6
2806442	4
679318	2
2789739	1
2962047	1
1387842	1
2663121	1
2594007	1
2567884	1
1727214	1
2976005	1
33008	23
2987751	9
37919	0
632772	6
543736	1
2811421	7
103816	3
38310	2
300028	2
1830	1
2840174	0
334542	1
1805840	1
99653	1
1817	18
37329	46
2637762	14
2903597	5
2903595	3
2975991	3
2975995	3
1047172	1
2903591	1
2903593	1
1824	28
135487	22
37326	8
1133849	3
208602	10
455432	6
1141657	5
209247	4
2755382	4
2749991	4
2213200	3
53431	3
37332	2
37330	0
1415166	2
1823	1
228602	1
96468	1
2055889	1
85043	0
1603258	3
2979332	0
2979334	0
3064529	1
3259750	0
1828	0
1443893	1
1653	0
1716	23
1652495	17
2624378	7
3050203	2
3059080	1
3074378	1
3383589	1
1032851	0
863239	10
1404244	0
1404245	9
43770	6
225326	0
1121362	5
2014537	4
1717	4
1718	4
1725	3
89154	0
1200352	3
43771	3
1727	0
858619	3
37637	2
38304	2
43768	2
556548	1
156978	1
161879	1
134034	1
131081	0
1121354	1
1862358	1
2487892	1
575200	0
1224163	1
2594913	1
571915	1
2675219	1
1414719	1
1230998	0
1437875	1
38305	0
1224164	1
2709392	1
85026	0
2053	31
84595	30
36821	9
89053	9
2657482	0
2698900	3
875808	2
2742602	2
2811424	1
3075837	1
2055	8
1004901	8
249058	5
1136941	5
36822	4
2597659	2
2420509	2
2054	1
2665643	1
59613	0
39122	1
85028	0
2060	0
57704	4
47312	1
85029	0
37914	0
2617939	2
139021	1
322509	1
85008	0
28056	12
1873	54
2617518	44
3016089	21
2975984	18
3016092	12
2903587	9
2742132	7
3051832	7
2975985	6
2903588	6
3142975	5
3015156	5
3111921	4
3015152	4
3111767	4
2975988	3
3015151	3
3111768	3
2903589	3
2903585	3
3016419	3
2201999	3
3016094	2
3061626	2
3061627	2
2975987	1
648999	1
2975981	1
2975980	1
2975976	1
2675222	1
3015163	1
3016097	1
2583243	1
3016096	1
515350	27
299146	27
3028804	24
1490225	17
47858	13
47865	10
261654	10
1894969	8
709868	7
285665	7
307121	6
356851	6
1420889	5
299152	3
1003110	1
263358	2
47875	2
2294034	2
356852	2
47857	2
709883	1
2749844	1
1865	1
2626549	0
2836373	17
649831	9
2975953	6
113562	25
512349	21
122358	3
1866	0
512565	1
196914	0
1246995	1
3040509	1
673534	0
2631981	33
3144103	2
2024580	1
35753	3
2621675	0
2862460	7
2975959	1
35754	6
47989	2
53362	2
907364	0
624315	16
338583	0
2685497	0
3040203	11
338584	4
265431	0
2627926	0
3015161	11
390988	7
227318	1
53365	0
2645785	0
2728827	2
203522	0
2626148	0
3088255	2
85010	0
2070	13
1813	35
2618356	34
2742131	32
2914159	15
2653857	11
3238801	10
3238807	9
2903562	7
3238802	6
2865832	6
2778070	5
3052846	5
3079339	4
1896961	4
2903563	3
3034022	2
3076764	2
2919322	1
2975955	1
2652442	1
76021	27
1448059	15
2893673	0
208439	8
129921	3
2995223	10
715473	10
33910	6
1804986	6
2842453	5
2893674	0
1814	0
1068978	5
31958	5
944492	3
715475	2
941986	1
715471	1
65496	1
340345	36
1470176	23
2644606	0
2072503	4
1847	0
33907	19
2619320	7
1641402	6
2865833	3
1690815	1
2074	6
240495	0
675635	6
2736640	3
1835	14
1836	7
2646250	0
3073066	5
3118084	2
33914	1
455344	1
43356	0
2621979	0
2802641	12
43357	0
1449976	5
1045776	5
1483604	4
165301	0
2643253	1
2951806	6
3367513	2
2903582	1
1586287	7
2893576	0
2665642	11
2071	0
2593673	1
2781735	5
103731	0
1179773	3
103733	1
142577	0
530584	10
583360	0
2618931	0
3075927	7
674734	0
2636053	0
1653480	5
39845	0
155976	2
1851	0
40989	0
882082	1
75294	1
130795	0
2620835	0
2981138	2
1643684	0
85031	0
53460	7
1090615	103
53461	0
479431	101
2618968	0
3158264	51
2762325	50
1902245	15
85012	0
2004	0
83681	9
1291556	15
2593643	0
2976003	10
404386	0
1122611	9
2219224	6
93944	4
1955412	0
1909395	1
2000	10
2632669	7
2005	0
2614687	2
147067	0
2006	1
321315	0
2630420	0
2903599	1
2012	0
1988	6
2750812	20
2626254	0
2591108	4
1219491	2
1993	5
2019	0
1411117	3
667113	0
2624323	0
2903557	2
83676	0
2013	8
53437	0
1205910	8
2649073	0
3061629	2
163604	1
280236	0
1235441	1
2831968	1
104204	0
2498135	11
1323731	1
83677	0
2021	2
483545	1
2037	0
2049	8
1654	0
2609248	0
712122	16
706438	0
706439	2
2081702	1
2755559	8
2763540	3
52771	3
111015	2
1656	1
2737173	1
2057743	1
675090	1
1655	1
2529408	0
2691889	0
2758572	4
1660	2
52773	1
131110	1
131111	1
1069494	0
445930	8
1522056	0
1282737	4
2050	0
2051	1
1653174	1
2805415	0
2805416	0
1434010	0
2038343	33
2629395	0
1907575	2
85004	0
31953	0
1678	8
216816	13
1680	5
2608897	0
2983214	1
2983229	1
2983233	1
762210	2
77635	2
1684	1
1643682	0
85030	0
1860	0
2637632	0
1528104	16
1861	0
526225	3
38501	0
2619396	0
3144843	3
2933797	2
1564165	1
3144973	1
88138	0
2643866	0
2851567	1
85013	0
74712	0
1854	2
1859	0
326424	6
106370	1
2632575	0
1858	1
2994363	0
298654	2
2994361	0
2716812	1
1643683	0
85032	0
28048	0
28049	0
351607	7
85014	0
85034	0
2838311	0
2811108	2
283810	0
283811	0
446470	1
622452	0
83778	0
33981	0
131568	0
266940	1
2621656	0
2903564	1
622450	0
622451	0
1849	0
414996	1
1217098	0
1217100	0
281472	0
419479	1
2039638	0
2162846	0
622681	0
1884913	1
1497346	0
588673	0
2600303	0
3231543	0
2898438	31
2600304	0
496014	2
2997333	1
320583	0
191494	0
2627773	0
2937800	21
191495	0
469383	5
2758916	0
2758920	0
2949639	0
2997339	14
2843198	0
2843199	0
2843200	0
2843215	1
84998	0
84999	0
1643824	0
133925	0
2638792	0
712411	48
3153719	0
2995122	0
2894156	3
1643822	0
1643826	13
644652	1
471189	0
657308	1
84992	0
84993	0
633392	0
2789775	0
2789776	10
3075137	0
2884263	4
1648491	0
2633173	0
2849779	1
908620	0
908621	0
908622	0
908623	0
1608957	2
1755823	0
1755824	0
1755825	0
1670830	1
84995	0
84996	0
84997	0
42255	0
49319	0
266117	2
1239	209
91061	19
1385	244
186822	1
44249	52
185978	26
2762320	122
2282849	47
2954535	45
2921714	31
2979727	25
1920422	14
1536772	9
1695218	6
2954679	5
2758563	4
1536773	4
2777983	3
2921636	3
2921495	3
1566358	2
2921711	2
2996034	2
2921466	2
1306526	2
2954505	1
2878915	1
2866810	1
2487928	1
2895946	1
3048494	1
3163026	1
2921375	1
1536774	1
1536771	1
2835869	1
3342538	1
2921386	1
2918900	62
682956	21
1870820	21
528191	18
1406	14
3050112	12
2975482	7
2044880	0
373687	3
483937	0
1073571	3
61624	5
253703	5
2912268	4
2909671	4
2810347	3
49283	2
1178515	2
2704463	2
44251	1
1778678	1
414771	1
375489	1
189691	1
1338368	1
2565926	1
2704462	1
59893	1
160799	1
55080	11
1393	8
2684853	0
2683193	6
2496837	4
54911	1
76632	0
377615	0
717605	3
85151	0
55079	0
2966586	1
329857	0
2507935	1
186817	12
1386	11
86661	4
1396	28
1405	17
1428	3
1890302	1
1392	1
64104	1
185979	0
467262	5
3073816	1
1705566	1
666686	1
3132265	1
653685	1
1452	2
483913	2
1938374	0
1390	2
1423	1
1408	3
86663	3
2487276	2
324767	1
1925020	1
1471	0
796606	1
2675229	9
264697	19
450367	18
228899	5
2675266	0
3115297	4
3115295	1
1478	3
1407	1
2675231	0
1643336	52
129985	4
285983	3
2675270	0
3043332	1
2675232	0
2675272	0
3047871	45
3047873	4
3070678	1
220687	1
1193713	1
2675230	43
1742359	1
2837506	0
2837522	0
2912824	30
1397	2
1737571	1
1055323	0
2640495	0
2954608	32
400634	2
1470088	22
2636778	0
3385991	1
2837504	23
3033930	0
2980026	19
2837502	0
2837512	0
2933872	17
2800373	6
86664	5
1404	3
1402861	1
45667	0
45668	13
2636472	0
3381356	1
182709	0
2630292	2
2954507	5
2921503	3
2975322	2
746691	0
1238184	1
2675233	8
2567941	1
2685905	0
2502791	6
2743000	2
1221880	0
2636677	1
2921389	3
2921549	3
2921550	1
2837503	0
371036	4
2893058	0
208199	2
2893067	0
3382641	1
2837485	0
1413	0
649639	3
74385	0
2932255	1
2932256	1
2893055	0
86665	2
2837508	0
189381	1
2837526	0
3118174	1
289201	0
265426	2
1434042	0
85683	0
439292	1
2651279	0
2651280	0
2651284	1
484508	0
2620869	0
2921616	1
200903	0
2213194	1
459532	0
2636508	0
2850441	1
379065	0
296745	0
986075	1
351195	0
2619739	0
3095364	1
186818	0
1372	1
2662419	0
1526927	137
1215089	9
459472	1
648802	0
101070	10
1569	0
2647733	0
2810514	4
2762563	1
1571	1
648800	0
2637870	0
2048654	3
160795	0
367743	1
2638520	0
2954681	1
496496	0
2617942	0
2779527	2
889388	0
2625558	0
2921704	2
157226	0
1508404	1
90964	0
1279	3
29378	21
1286	10
91994	4
1912064	1
2815305	0
283734	5
1283	4
1290	2
1280	2
33028	1
1295	1
308354	1
3076173	0
69966	4
1855823	3
69965	0
2619255	0
3395468	1
2875764	1
227979	0
1461582	1
2803850	0
2803851	0
3034233	1
186823	0
432330	0
1214604	15
1903704	1
29330	0
2622400	0
2606450	10
405212	0
1388	0
521098	4
186820	0
1637	0
1006155	13
1639	5
539002	0
539742	0
33986	2
2644629	0
3112419	4
1428684	3
340146	1
3120669	0
1906945	0
1295642	4
1426	1
2637039	0
2916802	1
129337	1
150247	0
198467	1
3389905	0
294699	1
186824	0
292635	0
37482	2
1348505	0
1125966	1
1677050	0
1471761	1
186821	0
2077	0
2628533	0
3160863	1
475230	0
2640606	0
3028315	1
539738	0
1378	0
29391	1
186826	3
33958	0
2767881	0
2940299	55
2940297	38
1750535	29
1243	0
33968	66
33964	31
1578	3
147802	24
2620435	0
2099789	4
2983232	1
2879107	1
47770	3
1587	2
151781	2
1584	1
2107999	0
525326	1
2012495	1
303541	1
227945	1
2767879	0
1612	44
1602	0
1423720	1
2759736	0
57037	14
171523	10
1597	4
47715	1
2742598	0
104955	5
1598	4
1613	1
2767887	0
1624	5
762833	2
2767893	0
152331	2
3003483	1
2767890	0
152335	3
2767889	0
1610	0
115542	0
1423822	3
2767877	0
148814	1
2419772	1
2767842	1
46255	0
1631871	1
2767885	0
164393	1
1300	0
1357	28
1151742	17
1358	0
1360	8
2419773	1
1301	1
2608887	7
3077723	7
315405	10
1307	2
28037	2
1314	2
1302	1
81852	0
2737	1
2739	25
2738	10
2991418	9
1350	10
2608891	0
1834167	5
44009	4
1352	3
53346	2
1351	1
186828	0
1470540	0
2496265	8
1868794	2
1868793	1
82800	0
82801	1
186827	0
66831	0
178214	10
186801	22
186802	10
31979	0
1485	88
1491	25
36827	0
591968	0
498213	30
1529	36
36745	19
2614128	0
2779445	12
641107	3
3373596	1
2507159	1
97138	1
1502	2
37763	14
1561	4
1415775	11
182773	8
1513	5
94869	4
36839	3
238834	2
394958	2
704125	2
1542	0
386415	1
84022	1
1716543	1
1520	1
2320868	1
1504	1
1501	1
1488	1
1755832	0
2618869	0
3298610	3
1769729	0
1498	1
186806	0
1730	0
1736	24
2041044	9
33951	0
33952	0
931626	30
97900	0
217139	1
2638182	0
2184575	1
216572	0
216851	1
2646395	0
2929495	16
2929493	2
853	2
292632	0
512297	0
512298	12
459786	0
2763056	4
946234	0
292800	3
2038676	0
2644543	0
3070656	2
1508657	0
29362	0
588581	1
1637257	0
884684	0
699246	1
186807	0
2916693	0
1833852	4
2282741	0
58135	0
760568	2
2924872	0
1561005	2
3082771	1
1918385	0
1796620	2
2576755	0
2576756	2
2867375	0
2867376	0
102134	0
767817	5
2937909	0
56112	0
2635733	1
2907827	2
36853	0
233055	0
871963	1
79206	0
1563	0
768706	1
3046368	0
3046369	0
3046382	1
3046383	1
31984	0
2831443	0
35701	0
498761	1
68298	0
2293313	0
2293317	1
543349	0
1006480	0
671077	1
2937910	0
1562	0
1565	0
868595	1
3082720	0
186804	0
1870884	24
1496	4
2635829	1
1849822	0
1490	17
1505	3
214904	0
2925782	4
1505652	0
1541	1
3118657	0
390805	0
1424294	18
3118654	0
166484	0
166485	10
3118656	0
1890059	0
1734049	5
3118655	0
44259	0
143361	0
546269	1
3120161	0
1481960	0
1731	0
1286171	1
53433	0
3046412	0
32636	0
31909	0
373903	70
53434	0
42417	0
42422	0
748449	3
28186	0
28187	0
574087	2
3085636	0
186803	0
2569097	0
39488	13
1769710	0
2994035	11
572511	0
418240	0
1121115	8
89014	1
1912897	1
2944198	0
2763667	8
2316020	0
33038	6
342942	1
2944195	0
2763669	3
207244	0
649756	3
1843210	0
2642604	0
3070997	3
841	0
301301	1
2763062	1
2719313	0
1531	2
2719231	0
384636	2
1766253	0
39491	2
1649459	0
154046	0
742737	2
1506553	0
1512	2
830	0
831	1
2163168	0
2625420	0
3123317	1
2603322	0
1348611	0
1348613	1
3039167	0
3039170	0
3234175	0
3039180	32
3039168	0
44260	0
2676739	0
2138101	1
2770089	0
2770093	0
291988	0
291990	0
555079	29
68295	0
543372	0
252965	0
252966	0
697281	21
186814	0
3051499	0
2755338	1
485256	0
2807496	0
2807497	0
2742683	2
909932	0
1843488	0
909930	0
33024	0
33025	15
626940	1
909929	0
1843490	0
365348	0
365349	0
1192197	4
2093783	0
1930071	2
2375	0
2377	1
1843491	0
970	0
2637378	5
1884263	1
1843489	0
31977	0
29465	0
39777	2
2682456	2
2840488	0
3071001	0
3071002	0
44000	0
301953	28
1737404	0
1737405	0
1737406	0
41273	0
689904	3
2692382	0
1582259	2
1570339	0
150022	0
1260	1
162289	0
3016343	1
1737407	0
190972	0
2649220	0
3109366	1
526524	0
526525	0
2810281	0
191303	0
2638206	0
2806443	2
84086	0
243899	1
1798711	0
1117	0
3028117	9
1161	16
1162	22
1177	0
2593658	0
3134896	646
2576902	54
1869241	10
2572090	4
103690	1
28072	1
2914041	1
264686	0
1472755	1
1163	0
2619674	0
1647413	205
1165	0
272123	25
197653	0
3392114	1
1620790	0
1620816	0
1539056	2
56106	0
142864	0
56107	1
1892263	0
1190	0
494603	0
2597771	104
1892259	0
3231549	0
3231550	0
3133117	11
159191	0
137816	0
2761619	3
70799	1
748770	0
136073	0
1973481	2
2622029	0
1914871	1
119859	0
111782	0
2649714	9
2099387	3
2661849	0
1186	0
2619626	0
2005462	3
99598	1
1170562	1
1185	0
373984	0
2676603	0
373994	1
1890424	13
1890426	0
13034	0
292566	0
13035	181
1129	0
2626047	3
1400866	17
1353136	8
1442551	7
3082549	6
1050638	4
316279	4
2936507	2
195253	1
1442557	1
1173263	1
2907159	1
2751170	1
32046	2
2881426	0
1218	1
1219	0
93060	16
59922	7
3014997	2
59921	1
59924	1
2627481	1
3096217	1
1501269	1
167375	0
59930	0
292564	1
1890647	0
2855430	0
3049759	0
3082949	15
1301283	0
1118	0
1890449	0
1125	0
513223	0
1638788	37
1890450	0
28070	0
2546356	0
65393	16
3079756	0
92682	0
65097	0
577489	0
522448	1
1150	0
1892254	0
1158	0
482564	0
179408	13
132607	0
132608	0
2792601	1
2023214	0
2781947	0
222819	1
2934961	0
2768926	0
2768948	0
1972598	4
1892252	0
54304	1
132604	1
52604	0
1890500	0
44474	0
2645907	0
3040204	19
3079753	0
1892251	0
2886347	0
2886352	0
1173027	18
3079749	0
1890438	0
3081713	0
47251	0
2650499	0
1080068	11
2917830	0
2917832	0
2016068	1
1955042	0
1955043	0
1188227	0
1188228	0
1188229	3
3079751	0
3079752	0
63132	0
2648775	0
1173025	3
307595	0
1890422	0
33071	0
33072	0
251221	2
3079744	0
2881378	0
146785	0
2622553	0
2933959	1
1983111	0
1763363	1
544448	0
31969	0
186328	0
2131	0
2132	1
362837	7
2637901	0
2886375	2
3066284	1
216944	0
1276257	1
216932	1
33925	0
46239	0
138853	0
81460	3
2085	0
2092	0
2093	0
2726117	3
656088	0
2102	1
1179777	1
186329	0
2146	0
2903100	0
2735436	1
2790996	0
2895623	0
2767358	0
2110	3
53558	1
2112	1
171284	1
33923	1
2923352	0
29562	1
2790998	0
2995234	0
92757	1
200795	0
32061	0
32064	0
1508595	0
1508635	0
120961	0
120962	0
383372	9
1508594	0
1106	0
1107	0
1108	0
324602	1
2682225	0
2682226	0
2682227	0
2682228	0
2601677	6
388447	0
388448	0
2692416	0
2692417	0
2509675	2
475962	0
475963	0
475964	0
233191	0
133453	0
926550	2
301297	0
1202465	0
1202464	0
670486	0
1839801	1
1154676	0
2829293	0
2599632	0
2829291	0
3016049	0
3016050	2
3384189	0
32066	0
203490	0
203491	0
203492	0
848	3
861	13
76857	3
76859	1
167639	0
544432	0
544433	13
180162	0
188913	4
1129771	0
32067	0
157687	14
2633022	0
712357	1
712362	1
109328	1
157691	1
34104	0
34105	1
168808	0
187101	1
3384194	0
1297	0
188787	0
118964	0
183710	0
1298	0
2623546	0
2917691	3
2652443	2
328692	3
367282	3
57497	2
1889240	2
317577	2
2489213	1
2202254	1
309891	0
694439	1
468914	1
1211322	1
68933	0
188786	0
270	0
2619321	0
2849039	2
1111069	1
271	0
498848	1
65551	0
277	0
504728	1
208447	0
187137	0
670487	1
200918	0
188708	0
1643947	0
1643949	0
2778400	0
2108365	6
160798	0
2809031	2
2419	0
1643950	0
2420	0
46541	1
2676525	1
188709	0
1643951	0
57487	0
1123384	1
2323	0
1783234	0
67810	0
3121607	0
3121608	0
3121609	0
2250122	0
2026885	1
95818	0
2093818	0
2093819	0
2093822	0
2093823	0
2093824	1
49928	0
2355	2
