Assembly	Size (Mb)	Contigs	N50 (Mb)	L50	N90 (Mb)	L90	GC (%)	Complete BUSCO (%)	Single BUSCO (%)	Duplicated BUSCO (%)
Bremia_lactucae_SF5	115.935664	220	5.324134	7	1.233567	23	45.85	98.86	95.7	3.16
Peronospora_destructor_Pd_K2019	29.334473	73	0.727749	12	0.202513	42	48.48	99.42999999999999	97.85	1.58
Peronospora_effusa_UA202013	58.578433	17	3.727724	6	2.196953	15	48.58	100	99.28	0.72
Phytophthora_agathidicida_3770	56.9963	11	7.450011	4	3.225653	8	53.12	99.86	99	0.8600000000000001
Phytophthora_capsici_BYA5	80.457273	63	3.879088	8	2.735685	17	51.16	99.42999999999999	96.13	3.3
Phytophthora_infestans_1306	246.895792	632	13.450935	8	0.432229	22	51.58	98.86	76.33	22.53
Phytophthora_plurivora_TJ71	46.875527	18	2.994498	6	1.287134	15	51.9	99.85000000000001	98.42	1.43
Phytophthora_ramorum_Pr_102	57.451392	28	3.611744	6	1.156066	18	54.37	100	97.42	2.58
Phytophthora_sojae_JS2	85.131815	12	8.105859	5	4.824709	10	54.81	100	98.57	1.43
Plasmopara_halstedii_710	74.801452	86	1.332092	20	0.562243	52	45.75	98.85	98.13	0.72
Pythium_oligandrum_P_O1	39.101442	71	1.452685	9	0.376616	27	53.32	100	99.86	0.14
