label	query_protein	gene_start	gene_end	nr_sseqid	nr_sspecies	nr_stitle	nr_pident	nr_length	nr_qlen	nr_slen	nr_qcovhsp	nr_evalue	nr_bitscore	oomycota_sseqid	oomycota_sspecies	oomycota_stitle	oomycota_pident	oomycota_length	oomycota_qlen	oomycota_slen	oomycota_qcovhsp	oomycota_evalue	oomycota_bitscore
MSU1_004_s1	Pcub-MSU1_004_000028.1	177237	179894	KAH7347653.1	Plectosphaerella cucumerina	KAH7347653.1 hypothetical protein B0T11DRAFT_333733 [Plectosphaerella cucumerina]	81.1	228	533	318	42.8	1.79e-122	373	KAK1944615.1	Phytophthora citrophthora	KAK1944615.1 Cilia- and flagella-associated protein 52 [Phytophthora citrophthora]	46.1	141	533	953	18.0	9.46e-21	101
MSU1_004_s1	Pcub-MSU1_004_000029.1	180295	181462	KAH7347653.1	Plectosphaerella cucumerina	KAH7347653.1 hypothetical protein B0T11DRAFT_333733 [Plectosphaerella cucumerina]	72.0	321	299	318	99.7	2.12e-155	447										
MSU1_004_s1	Pcub-MSU1_004_000030.1	181823	182972	KAH7347653.1	Plectosphaerella cucumerina	KAH7347653.1 hypothetical protein B0T11DRAFT_333733 [Plectosphaerella cucumerina]	72.3	321	299	318	99.7	7.41e-156	448	KAG4220899.1	Phytophthora cactorum	KAG4220899.1 hypothetical protein PC116_g30622 [Phytophthora cactorum]	26.4	159	299	259	52.8	4.09e-05	49.3
MSU1_004_s1	Pcub-MSU1_004_000031.1	183355	184526	KAH7347653.1	Plectosphaerella cucumerina	KAH7347653.1 hypothetical protein B0T11DRAFT_333733 [Plectosphaerella cucumerina]	72.3	321	299	318	99.7	1.22e-154	445										
MSU1_004_s2	Pcub-MSU1_004_000033.1	266092	267354	KAH7347653.1	Plectosphaerella cucumerina	KAH7347653.1 hypothetical protein B0T11DRAFT_333733 [Plectosphaerella cucumerina]	71.6	317	299	318	99.7	6.70e-152	438										
MSU1_004_s2	Pcub-MSU1_004_000034.1	267655	268888	KAH7347653.1	Plectosphaerella cucumerina	KAH7347653.1 hypothetical protein B0T11DRAFT_333733 [Plectosphaerella cucumerina]	71.3	317	299	318	99.7	2.72e-151	437										
MSU1_004_s2	Pcub-MSU1_004_000035.1	269205	270438	KAH7347653.1	Plectosphaerella cucumerina	KAH7347653.1 hypothetical protein B0T11DRAFT_333733 [Plectosphaerella cucumerina]	71.6	317	299	318	99.7	6.70e-152	438										
MSU1_004_s2	Pcub-MSU1_004_000036.1	270742	271978	KAH7347653.1	Plectosphaerella cucumerina	KAH7347653.1 hypothetical protein B0T11DRAFT_333733 [Plectosphaerella cucumerina]	71.6	317	299	318	99.7	6.70e-152	438										
MSU1_004_s2	Pcub-MSU1_004_000037.1	272272	273649	KAH7347653.1	Plectosphaerella cucumerina	KAH7347653.1 hypothetical protein B0T11DRAFT_333733 [Plectosphaerella cucumerina]	71.3	317	299	318	99.7	5.48e-151	436										
MSU1_004_s2	Pcub-MSU1_004_001127.1	240395	241622	KAH7347653.1	Plectosphaerella cucumerina	KAH7347653.1 hypothetical protein B0T11DRAFT_333733 [Plectosphaerella cucumerina]	74.4	317	292	318	99.7	2.17e-160	459										
MSU1_004_s2	Pcub-MSU1_004_001128.1	238754	240026	KAH7347653.1	Plectosphaerella cucumerina	KAH7347653.1 hypothetical protein B0T11DRAFT_333733 [Plectosphaerella cucumerina]	74.4	317	292	318	99.7	1.53e-160	460	RLN51069.1	Phytophthora kernoviae	RLN51069.1 hypothetical protein BBP00_00009975 [Phytophthora kernoviae]	25.9	293	292	327	96.2	3.91e-04	46.6
MSU1_013_s1	Pcub-MSU1_013_000120.1	1112191	1113308	KAF6805178.1	Colletotrichum sojae	KAF6805178.1 c-5 sterol desaturase [Colletotrichum sojae]	96.1	129	184	346	70.1	1.92e-78	248	XP_012213374.1	Saprolegnia parasitica	XP_012213374.1 hypothetical protein SPRG_18544 [Saprolegnia parasitica CBS 223.65]	55.2	67	184	272	36.4	3.63e-13	70.5
MSU1_013_s1	Pcub-MSU1_013_000121.1	1113500	1114605	KAF6805178.1	Colletotrichum sojae	KAF6805178.1 c-5 sterol desaturase [Colletotrichum sojae]	96.1	129	184	346	70.1	1.92e-78	248	XP_012213374.1	Saprolegnia parasitica	XP_012213374.1 hypothetical protein SPRG_18544 [Saprolegnia parasitica CBS 223.65]	55.2	67	184	272	36.4	3.63e-13	70.5
MSU1_013_s1	Pcub-MSU1_013_000122.1	1114724	1115759	KAF6805178.1	Colletotrichum sojae	KAF6805178.1 c-5 sterol desaturase [Colletotrichum sojae]	96.1	129	184	346	70.1	1.92e-78	248	XP_012213374.1	Saprolegnia parasitica	XP_012213374.1 hypothetical protein SPRG_18544 [Saprolegnia parasitica CBS 223.65]	55.2	67	184	272	36.4	3.63e-13	70.5
MSU1_013_s1	Pcub-MSU1_013_000123.1	1115953	1116966	KAF6805178.1	Colletotrichum sojae	KAF6805178.1 c-5 sterol desaturase [Colletotrichum sojae]	96.1	129	184	346	70.1	1.92e-78	248	XP_012213374.1	Saprolegnia parasitica	XP_012213374.1 hypothetical protein SPRG_18544 [Saprolegnia parasitica CBS 223.65]	55.2	67	184	272	36.4	3.63e-13	70.5
MSU1_013_s1	Pcub-MSU1_013_000124.1	1117165	1118199	KAF6805178.1	Colletotrichum sojae	KAF6805178.1 c-5 sterol desaturase [Colletotrichum sojae]	96.1	129	184	346	70.1	1.92e-78	248	XP_012213374.1	Saprolegnia parasitica	XP_012213374.1 hypothetical protein SPRG_18544 [Saprolegnia parasitica CBS 223.65]	55.2	67	184	272	36.4	3.63e-13	70.5
MSU1_013_s1	Pcub-MSU1_013_000125.1	1118394	1119257	KAF6805178.1	Colletotrichum sojae	KAF6805178.1 c-5 sterol desaturase [Colletotrichum sojae]	96.1	129	184	346	70.1	1.92e-78	248	XP_012213374.1	Saprolegnia parasitica	XP_012213374.1 hypothetical protein SPRG_18544 [Saprolegnia parasitica CBS 223.65]	55.2	67	184	272	36.4	3.63e-13	70.5
MSU1_013_s1	Pcub-MSU1_013_000126.1	1120876	1121907	KAF6805178.1	Colletotrichum sojae	KAF6805178.1 c-5 sterol desaturase [Colletotrichum sojae]	96.1	129	184	346	70.1	1.92e-78	248	XP_012213374.1	Saprolegnia parasitica	XP_012213374.1 hypothetical protein SPRG_18544 [Saprolegnia parasitica CBS 223.65]	55.2	67	184	272	36.4	3.63e-13	70.5
MSU1_013_s1	Pcub-MSU1_013_000127.1	1122105	1123141	KAF6805178.1	Colletotrichum sojae	KAF6805178.1 c-5 sterol desaturase [Colletotrichum sojae]	94.6	129	184	346	70.1	2.51e-76	243	XP_012213374.1	Saprolegnia parasitica	XP_012213374.1 hypothetical protein SPRG_18544 [Saprolegnia parasitica CBS 223.65]	53.7	67	184	272	36.4	1.82e-12	68.6
MSU1_013_s1	Pcub-MSU1_013_000128.1	1123337	1124338	KAF6805178.1	Colletotrichum sojae	KAF6805178.1 c-5 sterol desaturase [Colletotrichum sojae]	96.1	129	184	346	70.1	1.92e-78	248	XP_012213374.1	Saprolegnia parasitica	XP_012213374.1 hypothetical protein SPRG_18544 [Saprolegnia parasitica CBS 223.65]	55.2	67	184	272	36.4	3.63e-13	70.5
MSU1_013_s1	Pcub-MSU1_013_000129.1	1124544	1125588	KAF6805178.1	Colletotrichum sojae	KAF6805178.1 c-5 sterol desaturase [Colletotrichum sojae]	94.6	129	184	346	70.1	2.51e-76	243	XP_012213374.1	Saprolegnia parasitica	XP_012213374.1 hypothetical protein SPRG_18544 [Saprolegnia parasitica CBS 223.65]	53.7	67	184	272	36.4	1.82e-12	68.6
MSU1_013_s1	Pcub-MSU1_013_000130.1	1125782	1126786	KAF6805178.1	Colletotrichum sojae	KAF6805178.1 c-5 sterol desaturase [Colletotrichum sojae]	96.1	129	184	346	70.1	1.92e-78	248	XP_012213374.1	Saprolegnia parasitica	XP_012213374.1 hypothetical protein SPRG_18544 [Saprolegnia parasitica CBS 223.65]	55.2	67	184	272	36.4	3.63e-13	70.5
MSU1_013_s1	Pcub-MSU1_013_000131.1	1127002	1128098	KAF6805178.1	Colletotrichum sojae	KAF6805178.1 c-5 sterol desaturase [Colletotrichum sojae]	96.1	129	184	346	70.1	1.92e-78	248	XP_012213374.1	Saprolegnia parasitica	XP_012213374.1 hypothetical protein SPRG_18544 [Saprolegnia parasitica CBS 223.65]	55.2	67	184	272	36.4	3.63e-13	70.5
MSU1_013_s1	Pcub-MSU1_013_000132.1	1128215	1129242	KAF6805178.1	Colletotrichum sojae	KAF6805178.1 c-5 sterol desaturase [Colletotrichum sojae]	93.8	129	184	346	70.1	6.23e-77	244	XP_012213374.1	Saprolegnia parasitica	XP_012213374.1 hypothetical protein SPRG_18544 [Saprolegnia parasitica CBS 223.65]	53.7	67	184	272	36.4	1.32e-12	68.9
MSU1_013_s1	Pcub-MSU1_013_000133.1	1129427	1130448	KAF6805178.1	Colletotrichum sojae	KAF6805178.1 c-5 sterol desaturase [Colletotrichum sojae]	93.0	129	184	346	70.1	1.25e-76	243	XP_012213374.1	Saprolegnia parasitica	XP_012213374.1 hypothetical protein SPRG_18544 [Saprolegnia parasitica CBS 223.65]	53.7	67	184	272	36.4	1.32e-12	68.9
MSU1_013_s1	Pcub-MSU1_013_000134.1	1130629	1131732	KAF6805178.1	Colletotrichum sojae	KAF6805178.1 c-5 sterol desaturase [Colletotrichum sojae]	93.0	129	184	346	70.1	1.25e-76	243	XP_012213374.1	Saprolegnia parasitica	XP_012213374.1 hypothetical protein SPRG_18544 [Saprolegnia parasitica CBS 223.65]	53.7	67	184	272	36.4	1.32e-12	68.9
MSU1_013_s1	Pcub-MSU1_013_000135.1	1131833	1132863	KAF6805178.1	Colletotrichum sojae	KAF6805178.1 c-5 sterol desaturase [Colletotrichum sojae]	93.0	129	184	346	70.1	1.43e-75	241	XP_012213374.1	Saprolegnia parasitica	XP_012213374.1 hypothetical protein SPRG_18544 [Saprolegnia parasitica CBS 223.65]	52.2	67	184	272	36.4	2.36e-11	65.5
MSU1_013_s1	Pcub-MSU1_013_000136.1	1133057	1134075	KAF6805178.1	Colletotrichum sojae	KAF6805178.1 c-5 sterol desaturase [Colletotrichum sojae]	95.3	129	184	346	70.1	1.09e-77	246	XP_012213374.1	Saprolegnia parasitica	XP_012213374.1 hypothetical protein SPRG_18544 [Saprolegnia parasitica CBS 223.65]	53.7	67	184	272	36.4	1.82e-12	68.6
MSU1_013_s1	Pcub-MSU1_013_000137.1	1134281	1135301	KAF6805178.1	Colletotrichum sojae	KAF6805178.1 c-5 sterol desaturase [Colletotrichum sojae]	94.6	129	184	346	70.1	3.11e-77	245	XP_012213374.1	Saprolegnia parasitica	XP_012213374.1 hypothetical protein SPRG_18544 [Saprolegnia parasitica CBS 223.65]	52.2	67	184	272	36.4	2.36e-11	65.5
MSU1_013_s1	Pcub-MSU1_013_000138.1	1135493	1136586	KAF6805178.1	Colletotrichum sojae	KAF6805178.1 c-5 sterol desaturase [Colletotrichum sojae]	93.0	129	184	346	70.1	8.14e-75	239	XP_012213374.1	Saprolegnia parasitica	XP_012213374.1 hypothetical protein SPRG_18544 [Saprolegnia parasitica CBS 223.65]	52.2	67	184	272	36.4	1.16e-10	63.5
MSU1_013_s1	Pcub-MSU1_013_000139.1	1136702	1137693	KAF6805178.1	Colletotrichum sojae	KAF6805178.1 c-5 sterol desaturase [Colletotrichum sojae]	95.3	129	184	346	70.1	1.35e-78	248	XP_012213374.1	Saprolegnia parasitica	XP_012213374.1 hypothetical protein SPRG_18544 [Saprolegnia parasitica CBS 223.65]	53.7	67	184	272	36.4	1.32e-12	68.9
MSU1_013_s1	Pcub-MSU1_013_000140.1	1137917	1138909	KAF6805178.1	Colletotrichum sojae	KAF6805178.1 c-5 sterol desaturase [Colletotrichum sojae]	93.8	129	184	346	70.1	4.40e-77	244	XP_012213374.1	Saprolegnia parasitica	XP_012213374.1 hypothetical protein SPRG_18544 [Saprolegnia parasitica CBS 223.65]	53.7	67	184	272	36.4	1.32e-12	68.9
MSU1_013_s1	Pcub-MSU1_013_000141.1	1139116	1140155	KAF6805178.1	Colletotrichum sojae	KAF6805178.1 c-5 sterol desaturase [Colletotrichum sojae]	94.6	129	184	346	70.1	2.72e-78	248	XP_012213374.1	Saprolegnia parasitica	XP_012213374.1 hypothetical protein SPRG_18544 [Saprolegnia parasitica CBS 223.65]	53.7	67	184	272	36.4	1.32e-12	68.9
MSU1_013_s1	Pcub-MSU1_013_000142.1	1140329	1141364	KAF6805178.1	Colletotrichum sojae	KAF6805178.1 c-5 sterol desaturase [Colletotrichum sojae]	95.3	129	184	346	70.1	1.35e-78	248	XP_012213374.1	Saprolegnia parasitica	XP_012213374.1 hypothetical protein SPRG_18544 [Saprolegnia parasitica CBS 223.65]	53.7	67	184	272	36.4	1.32e-12	68.9
MSU1_013_s1	Pcub-MSU1_013_000143.1	1141550	1142571	KAF6805178.1	Colletotrichum sojae	KAF6805178.1 c-5 sterol desaturase [Colletotrichum sojae]	94.6	129	184	346	70.1	1.25e-76	243	XP_012213374.1	Saprolegnia parasitica	XP_012213374.1 hypothetical protein SPRG_18544 [Saprolegnia parasitica CBS 223.65]	53.7	67	184	272	36.4	2.51e-12	68.2
MSU1_013_s1	Pcub-MSU1_013_000144.1	1142777	1143875	KAF6805178.1	Colletotrichum sojae	KAF6805178.1 c-5 sterol desaturase [Colletotrichum sojae]	94.6	129	184	346	70.1	1.25e-76	243	XP_012213374.1	Saprolegnia parasitica	XP_012213374.1 hypothetical protein SPRG_18544 [Saprolegnia parasitica CBS 223.65]	53.7	67	184	272	36.4	2.51e-12	68.2
MSU1_013_s1	Pcub-MSU1_013_000145.1	1144001	1145020	KAF6805178.1	Colletotrichum sojae	KAF6805178.1 c-5 sterol desaturase [Colletotrichum sojae]	95.3	129	184	346	70.1	1.35e-78	248	XP_012213374.1	Saprolegnia parasitica	XP_012213374.1 hypothetical protein SPRG_18544 [Saprolegnia parasitica CBS 223.65]	53.7	67	184	272	36.4	1.32e-12	68.9
MSU1_013_s1	Pcub-MSU1_013_000146.1	1145222	1146207	KAF6805178.1	Colletotrichum sojae	KAF6805178.1 c-5 sterol desaturase [Colletotrichum sojae]	94.6	129	184	346	70.1	1.25e-76	243	XP_012213374.1	Saprolegnia parasitica	XP_012213374.1 hypothetical protein SPRG_18544 [Saprolegnia parasitica CBS 223.65]	53.7	67	184	272	36.4	2.51e-12	68.2
MSU1_013_s1	Pcub-MSU1_013_000147.1	1146442	1147554	KAF6805178.1	Colletotrichum sojae	KAF6805178.1 c-5 sterol desaturase [Colletotrichum sojae]	95.3	129	184	346	70.1	1.35e-78	248	XP_012213374.1	Saprolegnia parasitica	XP_012213374.1 hypothetical protein SPRG_18544 [Saprolegnia parasitica CBS 223.65]	53.7	67	184	272	36.4	1.32e-12	68.9
MSU1_013_s1	Pcub-MSU1_013_000148.1	1147655	1148689	KAF6805178.1	Colletotrichum sojae	KAF6805178.1 c-5 sterol desaturase [Colletotrichum sojae]	95.3	129	184	346	70.1	1.35e-78	248	XP_012213374.1	Saprolegnia parasitica	XP_012213374.1 hypothetical protein SPRG_18544 [Saprolegnia parasitica CBS 223.65]	53.7	67	184	272	36.4	1.32e-12	68.9
MSU1_013_s1	Pcub-MSU1_013_000149.1	1148876	1149869	KAF6805178.1	Colletotrichum sojae	KAF6805178.1 c-5 sterol desaturase [Colletotrichum sojae]	95.3	129	184	346	70.1	1.35e-78	248	XP_012213374.1	Saprolegnia parasitica	XP_012213374.1 hypothetical protein SPRG_18544 [Saprolegnia parasitica CBS 223.65]	53.7	67	184	272	36.4	1.32e-12	68.9
MSU1_013_s1	Pcub-MSU1_013_000150.1	1150087	1151175	KAF6805178.1	Colletotrichum sojae	KAF6805178.1 c-5 sterol desaturase [Colletotrichum sojae]	95.3	129	184	346	70.1	1.35e-78	248	XP_012213374.1	Saprolegnia parasitica	XP_012213374.1 hypothetical protein SPRG_18544 [Saprolegnia parasitica CBS 223.65]	53.7	67	184	272	36.4	1.32e-12	68.9
MSU1_013_s1	Pcub-MSU1_013_000151.1	1151291	1152318	KAF6805178.1	Colletotrichum sojae	KAF6805178.1 c-5 sterol desaturase [Colletotrichum sojae]	95.3	129	184	346	70.1	1.35e-78	248	XP_012213374.1	Saprolegnia parasitica	XP_012213374.1 hypothetical protein SPRG_18544 [Saprolegnia parasitica CBS 223.65]	53.7	67	184	272	36.4	1.32e-12	68.9
MSU1_013_s1	Pcub-MSU1_013_000152.1	1152506	1153524	KAF6805178.1	Colletotrichum sojae	KAF6805178.1 c-5 sterol desaturase [Colletotrichum sojae]	95.3	129	184	346	70.1	1.35e-78	248	XP_012213374.1	Saprolegnia parasitica	XP_012213374.1 hypothetical protein SPRG_18544 [Saprolegnia parasitica CBS 223.65]	53.7	67	184	272	36.4	1.32e-12	68.9
MSU1_013_s1	Pcub-MSU1_013_000153.1	1153717	1154810	KAF6805178.1	Colletotrichum sojae	KAF6805178.1 c-5 sterol desaturase [Colletotrichum sojae]	95.3	129	184	346	70.1	1.35e-78	248	XP_012213374.1	Saprolegnia parasitica	XP_012213374.1 hypothetical protein SPRG_18544 [Saprolegnia parasitica CBS 223.65]	53.7	67	184	272	36.4	1.32e-12	68.9
MSU1_013_s1	Pcub-MSU1_013_000154.1	1154928	1155946	KAF6805178.1	Colletotrichum sojae	KAF6805178.1 c-5 sterol desaturase [Colletotrichum sojae]	95.3	129	184	346	70.1	3.85e-78	247	XP_012213374.1	Saprolegnia parasitica	XP_012213374.1 hypothetical protein SPRG_18544 [Saprolegnia parasitica CBS 223.65]	53.7	67	184	272	36.4	1.82e-12	68.6
MSU1_013_s1	Pcub-MSU1_013_000155.1	1156151	1157169	KAF6805178.1	Colletotrichum sojae	KAF6805178.1 c-5 sterol desaturase [Colletotrichum sojae]	94.6	129	184	346	70.1	8.83e-77	244	XP_012213374.1	Saprolegnia parasitica	XP_012213374.1 hypothetical protein SPRG_18544 [Saprolegnia parasitica CBS 223.65]	53.7	67	184	272	36.4	1.82e-12	68.6
MSU1_013_s1	Pcub-MSU1_013_000468.1	1119319	1120380	KAF6805178.1	Colletotrichum sojae	KAF6805178.1 c-5 sterol desaturase [Colletotrichum sojae]	95.3	129	184	346	70.1	2.19e-77	245	XP_012213374.1	Saprolegnia parasitica	XP_012213374.1 hypothetical protein SPRG_18544 [Saprolegnia parasitica CBS 223.65]	55.2	67	184	272	36.4	5.02e-13	70.1
MSU1_013_s1	Pcub-MSU1_013_000469.1	1110544	1112010	KAF6830498.1	Colletotrichum musicola;Colletotrichum plurivorum	KAF6830498.1 c-5 sterol desaturase [Colletotrichum plurivorum]	94.2	346	346	346	100	6.57e-247	682	XP_008619546.1	Saprolegnia diclina	XP_008619546.1 lathosterol oxidase [Saprolegnia diclina VS20]	53.3	246	346	278	68.8	6.08e-89	272
MSU1_013_s1	Pcub-MSU1_013_000470.1	1106425	1106866																				
MSU1_013_s1	Pcub-MSU1_013_000471.1	1104688	1106419	XP_022480053.1	Colletotrichum orchidophilum	XP_022480053.1 glutaminyl-tRNA synthetase [Colletotrichum orchidophilum]	86.3	95	382	641	24.9	1.54e-41	166										
SC1982_008_s1	Pcub-SC1982_008_000407.1	1099743	1100791	KAF6830498.1	Colletotrichum musicola;Colletotrichum plurivorum	KAF6830498.1 c-5 sterol desaturase [Colletotrichum plurivorum]	93.0	215	215	346	100	6.97e-150	431	KAG4221181.1	Phytophthora cactorum	KAG4221181.1 hypothetical protein PC116_g30342 [Phytophthora cactorum]	68.4	136	215	143	63.3	4.95e-68	209
SC1982_008_s1	Pcub-SC1982_008_000408.1	1095351	1096027																				
SC1982_008_s1	Pcub-SC1982_008_000409.1	1093803	1095309	XP_022480053.1	Colletotrichum orchidophilum	XP_022480053.1 glutaminyl-tRNA synthetase [Colletotrichum orchidophilum]	86.3	95	384	641	24.7	1.62e-41	166										
OR502AA_015_s1	Phum-OR502AA_015_000335.1	735561	736507	KAF6830498.1	Colletotrichum musicola;Colletotrichum plurivorum	KAF6830498.1 c-5 sterol desaturase [Colletotrichum plurivorum]	92.5	147	198	346	74.2	1.79e-100	305	XP_012213374.1	Saprolegnia parasitica	XP_012213374.1 hypothetical protein SPRG_18544 [Saprolegnia parasitica CBS 223.65]	50.3	189	198	272	88.9	6.64e-58	187
OR502AA_015_s1	Phum-OR502AA_015_000336.1	733696	734112																				
OR502AA_015_s1	Phum-OR502AA_015_000337.1	730451	732264	XP_022480053.1	Colletotrichum orchidophilum	XP_022480053.1 glutaminyl-tRNA synthetase [Colletotrichum orchidophilum]	87.4	95	282	641	33.7	2.59e-44	170										
OR502AA_022_s1	Phum-OR502AA_022_000026.1	204335	205659	XP_009538857.1	Phytophthora sojae	XP_009538857.1 hypothetical protein PHYSODRAFT_532549 [Phytophthora sojae]	68.6	159	337	657	43.9	3.08e-60	215	XP_009538857.1	Phytophthora sojae	XP_009538857.1 hypothetical protein PHYSODRAFT_532549 [Phytophthora sojae]	68.6	159	337	657	43.9	7.62e-63	215
OR502AA_022_s1	Phum-OR502AA_022_000027.1	205668	206425	KAH6687277.1	Plectosphaerella plurivora	KAH6687277.1 amino acid permease-domain-containing protein [Plectosphaerella plurivora]	67.7	192	185	565	100	1.84e-79	257										
