label	isolate	species	contig	region	win_start	win_end	protein_id	gene_start	gene_end	strand
MSU1_004_s1	MSU1	Pseudoperonospora_cubensis_MSU1	Pcub-MSU1_004	span	177773	184368	Pcub-MSU1_004_000028.1	177237	179894	+
MSU1_004_s1	MSU1	Pseudoperonospora_cubensis_MSU1	Pcub-MSU1_004	span	177773	184368	Pcub-MSU1_004_000029.1	180295	181462	+
MSU1_004_s1	MSU1	Pseudoperonospora_cubensis_MSU1	Pcub-MSU1_004	span	177773	184368	Pcub-MSU1_004_000030.1	181823	182972	+
MSU1_004_s1	MSU1	Pseudoperonospora_cubensis_MSU1	Pcub-MSU1_004	span	177773	184368	Pcub-MSU1_004_000031.1	183355	184526	+
MSU1_004_s1	MSU1	Pseudoperonospora_cubensis_MSU1	Pcub-MSU1_004	flank_upstream	171177	177772	Pcub-MSU1_004_000028.1	177237	179894	+
MSU1_004_s1	MSU1	Pseudoperonospora_cubensis_MSU1	Pcub-MSU1_004	flank_upstream	171177	177772	Pcub-MSU1_004_001132.1	169573	171526	-
MSU1_004_s1	MSU1	Pseudoperonospora_cubensis_MSU1	Pcub-MSU1_004	flank_downstream	184369	190964	Pcub-MSU1_004_000031.1	183355	184526	+
MSU1_004_s2	MSU1	Pseudoperonospora_cubensis_MSU1	Pcub-MSU1_004	span	239385	273394	Pcub-MSU1_004_000033.1	266092	267354	+
MSU1_004_s2	MSU1	Pseudoperonospora_cubensis_MSU1	Pcub-MSU1_004	span	239385	273394	Pcub-MSU1_004_000034.1	267655	268888	+
MSU1_004_s2	MSU1	Pseudoperonospora_cubensis_MSU1	Pcub-MSU1_004	span	239385	273394	Pcub-MSU1_004_000035.1	269205	270438	+
MSU1_004_s2	MSU1	Pseudoperonospora_cubensis_MSU1	Pcub-MSU1_004	span	239385	273394	Pcub-MSU1_004_000036.1	270742	271978	+
MSU1_004_s2	MSU1	Pseudoperonospora_cubensis_MSU1	Pcub-MSU1_004	span	239385	273394	Pcub-MSU1_004_000037.1	272272	273649	+
MSU1_004_s2	MSU1	Pseudoperonospora_cubensis_MSU1	Pcub-MSU1_004	span	239385	273394	Pcub-MSU1_004_001127.1	240395	241622	-
MSU1_004_s2	MSU1	Pseudoperonospora_cubensis_MSU1	Pcub-MSU1_004	span	239385	273394	Pcub-MSU1_004_001128.1	238754	240026	-
MSU1_004_s2	MSU1	Pseudoperonospora_cubensis_MSU1	Pcub-MSU1_004	flank_upstream	205375	239384	Pcub-MSU1_004_001128.1	238754	240026	-
MSU1_004_s2	MSU1	Pseudoperonospora_cubensis_MSU1	Pcub-MSU1_004	flank_upstream	205375	239384	Pcub-MSU1_004_001129.1	237473	238105	-
MSU1_004_s2	MSU1	Pseudoperonospora_cubensis_MSU1	Pcub-MSU1_004	flank_upstream	205375	239384	Pcub-MSU1_004_001130.1	237142	237471	-
MSU1_004_s2	MSU1	Pseudoperonospora_cubensis_MSU1	Pcub-MSU1_004	flank_upstream	205375	239384	Pcub-MSU1_004_001131.1	209601	210783	-
MSU1_004_s2	MSU1	Pseudoperonospora_cubensis_MSU1	Pcub-MSU1_004	flank_downstream	273395	307404	Pcub-MSU1_004_000037.1	272272	273649	+
MSU1_004_s2	MSU1	Pseudoperonospora_cubensis_MSU1	Pcub-MSU1_004	flank_downstream	273395	307404	Pcub-MSU1_004_000038.1	280874	282118	+
MSU1_004_s2	MSU1	Pseudoperonospora_cubensis_MSU1	Pcub-MSU1_004	flank_downstream	273395	307404	Pcub-MSU1_004_000039.1	282191	284071	+
MSU1_004_s2	MSU1	Pseudoperonospora_cubensis_MSU1	Pcub-MSU1_004	flank_downstream	273395	307404	Pcub-MSU1_004_000040.1	290133	291544	+
MSU1_004_s2	MSU1	Pseudoperonospora_cubensis_MSU1	Pcub-MSU1_004	flank_downstream	273395	307404	Pcub-MSU1_004_000041.1	292252	293787	+
MSU1_004_s2	MSU1	Pseudoperonospora_cubensis_MSU1	Pcub-MSU1_004	flank_downstream	273395	307404	Pcub-MSU1_004_000042.1	294447	295898	+
MSU1_004_s2	MSU1	Pseudoperonospora_cubensis_MSU1	Pcub-MSU1_004	flank_downstream	273395	307404	Pcub-MSU1_004_000043.1	295900	298430	+
MSU1_004_s2	MSU1	Pseudoperonospora_cubensis_MSU1	Pcub-MSU1_004	flank_downstream	273395	307404	Pcub-MSU1_004_000044.1	300119	301454	+
MSU1_004_s2	MSU1	Pseudoperonospora_cubensis_MSU1	Pcub-MSU1_004	flank_downstream	273395	307404	Pcub-MSU1_004_001122.1	301581	303420	-
MSU1_004_s2	MSU1	Pseudoperonospora_cubensis_MSU1	Pcub-MSU1_004	flank_downstream	273395	307404	Pcub-MSU1_004_001123.1	298088	300061	-
MSU1_004_s2	MSU1	Pseudoperonospora_cubensis_MSU1	Pcub-MSU1_004	flank_downstream	273395	307404	Pcub-MSU1_004_001124.1	283617	286338	-
MSU1_004_s2	MSU1	Pseudoperonospora_cubensis_MSU1	Pcub-MSU1_004	flank_downstream	273395	307404	Pcub-MSU1_004_001125.1	274893	280792	-
MSU1_004_s2	MSU1	Pseudoperonospora_cubensis_MSU1	Pcub-MSU1_004	flank_downstream	273395	307404	Pcub-MSU1_004_001126.1	273588	274891	-
MSU1_013_s1	MSU1	Pseudoperonospora_cubensis_MSU1	Pcub-MSU1_013	span	1104526	1156743	Pcub-MSU1_013_000120.1	1112191	1113308	+
MSU1_013_s1	MSU1	Pseudoperonospora_cubensis_MSU1	Pcub-MSU1_013	span	1104526	1156743	Pcub-MSU1_013_000121.1	1113500	1114605	+
MSU1_013_s1	MSU1	Pseudoperonospora_cubensis_MSU1	Pcub-MSU1_013	span	1104526	1156743	Pcub-MSU1_013_000122.1	1114724	1115759	+
MSU1_013_s1	MSU1	Pseudoperonospora_cubensis_MSU1	Pcub-MSU1_013	span	1104526	1156743	Pcub-MSU1_013_000123.1	1115953	1116966	+
MSU1_013_s1	MSU1	Pseudoperonospora_cubensis_MSU1	Pcub-MSU1_013	span	1104526	1156743	Pcub-MSU1_013_000124.1	1117165	1118199	+
MSU1_013_s1	MSU1	Pseudoperonospora_cubensis_MSU1	Pcub-MSU1_013	span	1104526	1156743	Pcub-MSU1_013_000125.1	1118394	1119257	+
MSU1_013_s1	MSU1	Pseudoperonospora_cubensis_MSU1	Pcub-MSU1_013	span	1104526	1156743	Pcub-MSU1_013_000126.1	1120876	1121907	+
MSU1_013_s1	MSU1	Pseudoperonospora_cubensis_MSU1	Pcub-MSU1_013	span	1104526	1156743	Pcub-MSU1_013_000127.1	1122105	1123141	+
MSU1_013_s1	MSU1	Pseudoperonospora_cubensis_MSU1	Pcub-MSU1_013	span	1104526	1156743	Pcub-MSU1_013_000128.1	1123337	1124338	+
MSU1_013_s1	MSU1	Pseudoperonospora_cubensis_MSU1	Pcub-MSU1_013	span	1104526	1156743	Pcub-MSU1_013_000129.1	1124544	1125588	+
MSU1_013_s1	MSU1	Pseudoperonospora_cubensis_MSU1	Pcub-MSU1_013	span	1104526	1156743	Pcub-MSU1_013_000130.1	1125782	1126786	+
MSU1_013_s1	MSU1	Pseudoperonospora_cubensis_MSU1	Pcub-MSU1_013	span	1104526	1156743	Pcub-MSU1_013_000131.1	1127002	1128098	+
MSU1_013_s1	MSU1	Pseudoperonospora_cubensis_MSU1	Pcub-MSU1_013	span	1104526	1156743	Pcub-MSU1_013_000132.1	1128215	1129242	+
MSU1_013_s1	MSU1	Pseudoperonospora_cubensis_MSU1	Pcub-MSU1_013	span	1104526	1156743	Pcub-MSU1_013_000133.1	1129427	1130448	+
MSU1_013_s1	MSU1	Pseudoperonospora_cubensis_MSU1	Pcub-MSU1_013	span	1104526	1156743	Pcub-MSU1_013_000134.1	1130629	1131732	+
MSU1_013_s1	MSU1	Pseudoperonospora_cubensis_MSU1	Pcub-MSU1_013	span	1104526	1156743	Pcub-MSU1_013_000135.1	1131833	1132863	+
MSU1_013_s1	MSU1	Pseudoperonospora_cubensis_MSU1	Pcub-MSU1_013	span	1104526	1156743	Pcub-MSU1_013_000136.1	1133057	1134075	+
MSU1_013_s1	MSU1	Pseudoperonospora_cubensis_MSU1	Pcub-MSU1_013	span	1104526	1156743	Pcub-MSU1_013_000137.1	1134281	1135301	+
MSU1_013_s1	MSU1	Pseudoperonospora_cubensis_MSU1	Pcub-MSU1_013	span	1104526	1156743	Pcub-MSU1_013_000138.1	1135493	1136586	+
MSU1_013_s1	MSU1	Pseudoperonospora_cubensis_MSU1	Pcub-MSU1_013	span	1104526	1156743	Pcub-MSU1_013_000139.1	1136702	1137693	+
MSU1_013_s1	MSU1	Pseudoperonospora_cubensis_MSU1	Pcub-MSU1_013	span	1104526	1156743	Pcub-MSU1_013_000140.1	1137917	1138909	+
MSU1_013_s1	MSU1	Pseudoperonospora_cubensis_MSU1	Pcub-MSU1_013	span	1104526	1156743	Pcub-MSU1_013_000141.1	1139116	1140155	+
MSU1_013_s1	MSU1	Pseudoperonospora_cubensis_MSU1	Pcub-MSU1_013	span	1104526	1156743	Pcub-MSU1_013_000142.1	1140329	1141364	+
MSU1_013_s1	MSU1	Pseudoperonospora_cubensis_MSU1	Pcub-MSU1_013	span	1104526	1156743	Pcub-MSU1_013_000143.1	1141550	1142571	+
MSU1_013_s1	MSU1	Pseudoperonospora_cubensis_MSU1	Pcub-MSU1_013	span	1104526	1156743	Pcub-MSU1_013_000144.1	1142777	1143875	+
MSU1_013_s1	MSU1	Pseudoperonospora_cubensis_MSU1	Pcub-MSU1_013	span	1104526	1156743	Pcub-MSU1_013_000145.1	1144001	1145020	+
MSU1_013_s1	MSU1	Pseudoperonospora_cubensis_MSU1	Pcub-MSU1_013	span	1104526	1156743	Pcub-MSU1_013_000146.1	1145222	1146207	+
MSU1_013_s1	MSU1	Pseudoperonospora_cubensis_MSU1	Pcub-MSU1_013	span	1104526	1156743	Pcub-MSU1_013_000147.1	1146442	1147554	+
MSU1_013_s1	MSU1	Pseudoperonospora_cubensis_MSU1	Pcub-MSU1_013	span	1104526	1156743	Pcub-MSU1_013_000148.1	1147655	1148689	+
MSU1_013_s1	MSU1	Pseudoperonospora_cubensis_MSU1	Pcub-MSU1_013	span	1104526	1156743	Pcub-MSU1_013_000149.1	1148876	1149869	+
MSU1_013_s1	MSU1	Pseudoperonospora_cubensis_MSU1	Pcub-MSU1_013	span	1104526	1156743	Pcub-MSU1_013_000150.1	1150087	1151175	+
MSU1_013_s1	MSU1	Pseudoperonospora_cubensis_MSU1	Pcub-MSU1_013	span	1104526	1156743	Pcub-MSU1_013_000151.1	1151291	1152318	+
MSU1_013_s1	MSU1	Pseudoperonospora_cubensis_MSU1	Pcub-MSU1_013	span	1104526	1156743	Pcub-MSU1_013_000152.1	1152506	1153524	+
MSU1_013_s1	MSU1	Pseudoperonospora_cubensis_MSU1	Pcub-MSU1_013	span	1104526	1156743	Pcub-MSU1_013_000153.1	1153717	1154810	+
MSU1_013_s1	MSU1	Pseudoperonospora_cubensis_MSU1	Pcub-MSU1_013	span	1104526	1156743	Pcub-MSU1_013_000154.1	1154928	1155946	+
MSU1_013_s1	MSU1	Pseudoperonospora_cubensis_MSU1	Pcub-MSU1_013	span	1104526	1156743	Pcub-MSU1_013_000155.1	1156151	1157169	+
MSU1_013_s1	MSU1	Pseudoperonospora_cubensis_MSU1	Pcub-MSU1_013	span	1104526	1156743	Pcub-MSU1_013_000468.1	1119319	1120380	-
MSU1_013_s1	MSU1	Pseudoperonospora_cubensis_MSU1	Pcub-MSU1_013	span	1104526	1156743	Pcub-MSU1_013_000469.1	1110544	1112010	-
MSU1_013_s1	MSU1	Pseudoperonospora_cubensis_MSU1	Pcub-MSU1_013	span	1104526	1156743	Pcub-MSU1_013_000470.1	1106425	1106866	-
MSU1_013_s1	MSU1	Pseudoperonospora_cubensis_MSU1	Pcub-MSU1_013	span	1104526	1156743	Pcub-MSU1_013_000471.1	1104688	1106419	-
MSU1_013_s1	MSU1	Pseudoperonospora_cubensis_MSU1	Pcub-MSU1_013	flank_upstream	1052308	1104525	Pcub-MSU1_013_000114.1	1078054	1079151	+
MSU1_013_s1	MSU1	Pseudoperonospora_cubensis_MSU1	Pcub-MSU1_013	flank_upstream	1052308	1104525	Pcub-MSU1_013_000115.1	1082229	1083864	+
MSU1_013_s1	MSU1	Pseudoperonospora_cubensis_MSU1	Pcub-MSU1_013	flank_upstream	1052308	1104525	Pcub-MSU1_013_000116.1	1085449	1086511	+
MSU1_013_s1	MSU1	Pseudoperonospora_cubensis_MSU1	Pcub-MSU1_013	flank_upstream	1052308	1104525	Pcub-MSU1_013_000117.1	1088920	1090795	+
MSU1_013_s1	MSU1	Pseudoperonospora_cubensis_MSU1	Pcub-MSU1_013	flank_upstream	1052308	1104525	Pcub-MSU1_013_000118.1	1091920	1093426	+
MSU1_013_s1	MSU1	Pseudoperonospora_cubensis_MSU1	Pcub-MSU1_013	flank_upstream	1052308	1104525	Pcub-MSU1_013_000119.1	1093470	1095249	+
MSU1_013_s1	MSU1	Pseudoperonospora_cubensis_MSU1	Pcub-MSU1_013	flank_upstream	1052308	1104525	Pcub-MSU1_013_000472.1	1102018	1103111	-
MSU1_013_s1	MSU1	Pseudoperonospora_cubensis_MSU1	Pcub-MSU1_013	flank_upstream	1052308	1104525	Pcub-MSU1_013_000473.1	1097614	1097856	-
MSU1_013_s1	MSU1	Pseudoperonospora_cubensis_MSU1	Pcub-MSU1_013	flank_upstream	1052308	1104525	Pcub-MSU1_013_000474.1	1095541	1097110	-
MSU1_013_s1	MSU1	Pseudoperonospora_cubensis_MSU1	Pcub-MSU1_013	flank_upstream	1052308	1104525	Pcub-MSU1_013_000475.1	1090662	1091730	-
MSU1_013_s1	MSU1	Pseudoperonospora_cubensis_MSU1	Pcub-MSU1_013	flank_upstream	1052308	1104525	Pcub-MSU1_013_000476.1	1086349	1088279	-
MSU1_013_s1	MSU1	Pseudoperonospora_cubensis_MSU1	Pcub-MSU1_013	flank_upstream	1052308	1104525	Pcub-MSU1_013_000477.1	1083759	1085267	-
MSU1_013_s1	MSU1	Pseudoperonospora_cubensis_MSU1	Pcub-MSU1_013	flank_upstream	1052308	1104525	Pcub-MSU1_013_000478.1	1078468	1082107	-
MSU1_013_s1	MSU1	Pseudoperonospora_cubensis_MSU1	Pcub-MSU1_013	flank_downstream	1156744	1208961	Pcub-MSU1_013_000155.1	1156151	1157169	+
MSU1_013_s1	MSU1	Pseudoperonospora_cubensis_MSU1	Pcub-MSU1_013	flank_downstream	1156744	1208961	Pcub-MSU1_013_000156.1	1157372	1157970	+
MSU1_013_s1	MSU1	Pseudoperonospora_cubensis_MSU1	Pcub-MSU1_013	flank_downstream	1156744	1208961	Pcub-MSU1_013_000157.1	1172929	1173816	+
MSU1_013_s1	MSU1	Pseudoperonospora_cubensis_MSU1	Pcub-MSU1_013	flank_downstream	1156744	1208961	Pcub-MSU1_013_000437.1	1206383	1207843	-
MSU1_013_s1	MSU1	Pseudoperonospora_cubensis_MSU1	Pcub-MSU1_013	flank_downstream	1156744	1208961	Pcub-MSU1_013_000438.1	1204633	1204923	-
MSU1_013_s1	MSU1	Pseudoperonospora_cubensis_MSU1	Pcub-MSU1_013	flank_downstream	1156744	1208961	Pcub-MSU1_013_000439.1	1203980	1204631	-
MSU1_013_s1	MSU1	Pseudoperonospora_cubensis_MSU1	Pcub-MSU1_013	flank_downstream	1156744	1208961	Pcub-MSU1_013_000440.1	1201092	1201937	-
MSU1_013_s1	MSU1	Pseudoperonospora_cubensis_MSU1	Pcub-MSU1_013	flank_downstream	1156744	1208961	Pcub-MSU1_013_000441.1	1199190	1199394	-
MSU1_013_s1	MSU1	Pseudoperonospora_cubensis_MSU1	Pcub-MSU1_013	flank_downstream	1156744	1208961	Pcub-MSU1_013_000442.1	1198321	1199159	-
MSU1_013_s1	MSU1	Pseudoperonospora_cubensis_MSU1	Pcub-MSU1_013	flank_downstream	1156744	1208961	Pcub-MSU1_013_000443.1	1197289	1198319	-
MSU1_013_s1	MSU1	Pseudoperonospora_cubensis_MSU1	Pcub-MSU1_013	flank_downstream	1156744	1208961	Pcub-MSU1_013_000444.1	1195251	1196466	-
MSU1_013_s1	MSU1	Pseudoperonospora_cubensis_MSU1	Pcub-MSU1_013	flank_downstream	1156744	1208961	Pcub-MSU1_013_000445.1	1193023	1193313	-
MSU1_013_s1	MSU1	Pseudoperonospora_cubensis_MSU1	Pcub-MSU1_013	flank_downstream	1156744	1208961	Pcub-MSU1_013_000446.1	1192326	1193021	-
MSU1_013_s1	MSU1	Pseudoperonospora_cubensis_MSU1	Pcub-MSU1_013	flank_downstream	1156744	1208961	Pcub-MSU1_013_000447.1	1190107	1190427	-
MSU1_013_s1	MSU1	Pseudoperonospora_cubensis_MSU1	Pcub-MSU1_013	flank_downstream	1156744	1208961	Pcub-MSU1_013_000448.1	1189393	1190105	-
MSU1_013_s1	MSU1	Pseudoperonospora_cubensis_MSU1	Pcub-MSU1_013	flank_downstream	1156744	1208961	Pcub-MSU1_013_000449.1	1188587	1189004	-
MSU1_013_s1	MSU1	Pseudoperonospora_cubensis_MSU1	Pcub-MSU1_013	flank_downstream	1156744	1208961	Pcub-MSU1_013_000450.1	1186512	1187712	-
MSU1_013_s1	MSU1	Pseudoperonospora_cubensis_MSU1	Pcub-MSU1_013	flank_downstream	1156744	1208961	Pcub-MSU1_013_000451.1	1185582	1185948	-
MSU1_013_s1	MSU1	Pseudoperonospora_cubensis_MSU1	Pcub-MSU1_013	flank_downstream	1156744	1208961	Pcub-MSU1_013_000452.1	1183571	1184873	-
MSU1_013_s1	MSU1	Pseudoperonospora_cubensis_MSU1	Pcub-MSU1_013	flank_downstream	1156744	1208961	Pcub-MSU1_013_000453.1	1182448	1183342	-
MSU1_013_s1	MSU1	Pseudoperonospora_cubensis_MSU1	Pcub-MSU1_013	flank_downstream	1156744	1208961	Pcub-MSU1_013_000454.1	1181384	1181700	-
MSU1_013_s1	MSU1	Pseudoperonospora_cubensis_MSU1	Pcub-MSU1_013	flank_downstream	1156744	1208961	Pcub-MSU1_013_000455.1	1180669	1181382	-
MSU1_013_s1	MSU1	Pseudoperonospora_cubensis_MSU1	Pcub-MSU1_013	flank_downstream	1156744	1208961	Pcub-MSU1_013_000456.1	1178461	1178982	-
MSU1_013_s1	MSU1	Pseudoperonospora_cubensis_MSU1	Pcub-MSU1_013	flank_downstream	1156744	1208961	Pcub-MSU1_013_000457.1	1177220	1178459	-
MSU1_013_s1	MSU1	Pseudoperonospora_cubensis_MSU1	Pcub-MSU1_013	flank_downstream	1156744	1208961	Pcub-MSU1_013_000458.1	1176823	1177218	-
MSU1_013_s1	MSU1	Pseudoperonospora_cubensis_MSU1	Pcub-MSU1_013	flank_downstream	1156744	1208961	Pcub-MSU1_013_000459.1	1174872	1176147	-
MSU1_013_s1	MSU1	Pseudoperonospora_cubensis_MSU1	Pcub-MSU1_013	flank_downstream	1156744	1208961	Pcub-MSU1_013_000460.1	1169987	1171188	-
MSU1_013_s1	MSU1	Pseudoperonospora_cubensis_MSU1	Pcub-MSU1_013	flank_downstream	1156744	1208961	Pcub-MSU1_013_000461.1	1167884	1168200	-
MSU1_013_s1	MSU1	Pseudoperonospora_cubensis_MSU1	Pcub-MSU1_013	flank_downstream	1156744	1208961	Pcub-MSU1_013_000462.1	1166933	1167882	-
MSU1_013_s1	MSU1	Pseudoperonospora_cubensis_MSU1	Pcub-MSU1_013	flank_downstream	1156744	1208961	Pcub-MSU1_013_000463.1	1166253	1166625	-
MSU1_013_s1	MSU1	Pseudoperonospora_cubensis_MSU1	Pcub-MSU1_013	flank_downstream	1156744	1208961	Pcub-MSU1_013_000464.1	1164273	1165474	-
MSU1_013_s1	MSU1	Pseudoperonospora_cubensis_MSU1	Pcub-MSU1_013	flank_downstream	1156744	1208961	Pcub-MSU1_013_000465.1	1162036	1162557	-
MSU1_013_s1	MSU1	Pseudoperonospora_cubensis_MSU1	Pcub-MSU1_013	flank_downstream	1156744	1208961	Pcub-MSU1_013_000466.1	1161275	1162034	-
MSU1_013_s1	MSU1	Pseudoperonospora_cubensis_MSU1	Pcub-MSU1_013	flank_downstream	1156744	1208961	Pcub-MSU1_013_000467.1	1158429	1159672	-
SC1982_008_s1	SC1982	Pseudoperonospora_cubensis_SC1982	Pcub-SC1982_008	span	1092633	1100584	Pcub-SC1982_008_000407.1	1099743	1100791	-
SC1982_008_s1	SC1982	Pseudoperonospora_cubensis_SC1982	Pcub-SC1982_008	span	1092633	1100584	Pcub-SC1982_008_000408.1	1095351	1096027	-
SC1982_008_s1	SC1982	Pseudoperonospora_cubensis_SC1982	Pcub-SC1982_008	span	1092633	1100584	Pcub-SC1982_008_000409.1	1093803	1095309	-
SC1982_008_s1	SC1982	Pseudoperonospora_cubensis_SC1982	Pcub-SC1982_008	flank_upstream	1084681	1092632	Pcub-SC1982_008_000410.1	1091182	1092272	-
SC1982_008_s1	SC1982	Pseudoperonospora_cubensis_SC1982	Pcub-SC1982_008	flank_upstream	1084681	1092632	Pcub-SC1982_008_000411.1	1086778	1087020	-
SC1982_008_s1	SC1982	Pseudoperonospora_cubensis_SC1982	Pcub-SC1982_008	flank_upstream	1084681	1092632	Pcub-SC1982_008_000412.1	1084696	1086517	-
SC1982_008_s1	SC1982	Pseudoperonospora_cubensis_SC1982	Pcub-SC1982_008	flank_downstream	1100585	1108536	Pcub-SC1982_008_000407.1	1099743	1100791	-
SC1982_037_whole	SC1982	Pseudoperonospora_cubensis_SC1982	Pcub-SC1982_037	span	1	517250	Pcub-SC1982_037_000001.1	4665	5550	+
SC1982_037_whole	SC1982	Pseudoperonospora_cubensis_SC1982	Pcub-SC1982_037	span	1	517250	Pcub-SC1982_037_000002.1	5552	8808	+
SC1982_037_whole	SC1982	Pseudoperonospora_cubensis_SC1982	Pcub-SC1982_037	span	1	517250	Pcub-SC1982_037_000003.1	8810	9662	+
SC1982_037_whole	SC1982	Pseudoperonospora_cubensis_SC1982	Pcub-SC1982_037	span	1	517250	Pcub-SC1982_037_000004.1	9664	10881	+
SC1982_037_whole	SC1982	Pseudoperonospora_cubensis_SC1982	Pcub-SC1982_037	span	1	517250	Pcub-SC1982_037_000005.1	10883	11609	+
SC1982_037_whole	SC1982	Pseudoperonospora_cubensis_SC1982	Pcub-SC1982_037	span	1	517250	Pcub-SC1982_037_000006.1	11611	12784	+
SC1982_037_whole	SC1982	Pseudoperonospora_cubensis_SC1982	Pcub-SC1982_037	span	1	517250	Pcub-SC1982_037_000007.1	12786	15714	+
SC1982_037_whole	SC1982	Pseudoperonospora_cubensis_SC1982	Pcub-SC1982_037	span	1	517250	Pcub-SC1982_037_000008.1	21169	23087	+
SC1982_037_whole	SC1982	Pseudoperonospora_cubensis_SC1982	Pcub-SC1982_037	span	1	517250	Pcub-SC1982_037_000009.1	23637	27845	+
SC1982_037_whole	SC1982	Pseudoperonospora_cubensis_SC1982	Pcub-SC1982_037	span	1	517250	Pcub-SC1982_037_000010.1	27847	28738	+
SC1982_037_whole	SC1982	Pseudoperonospora_cubensis_SC1982	Pcub-SC1982_037	span	1	517250	Pcub-SC1982_037_000011.1	32900	34347	+
SC1982_037_whole	SC1982	Pseudoperonospora_cubensis_SC1982	Pcub-SC1982_037	span	1	517250	Pcub-SC1982_037_000012.1	35181	36408	+
SC1982_037_whole	SC1982	Pseudoperonospora_cubensis_SC1982	Pcub-SC1982_037	span	1	517250	Pcub-SC1982_037_000013.1	41871	44264	+
SC1982_037_whole	SC1982	Pseudoperonospora_cubensis_SC1982	Pcub-SC1982_037	span	1	517250	Pcub-SC1982_037_000014.1	45977	47028	+
SC1982_037_whole	SC1982	Pseudoperonospora_cubensis_SC1982	Pcub-SC1982_037	span	1	517250	Pcub-SC1982_037_000015.1	50786	52184	+
SC1982_037_whole	SC1982	Pseudoperonospora_cubensis_SC1982	Pcub-SC1982_037	span	1	517250	Pcub-SC1982_037_000016.1	52186	56129	+
SC1982_037_whole	SC1982	Pseudoperonospora_cubensis_SC1982	Pcub-SC1982_037	span	1	517250	Pcub-SC1982_037_000017.1	56131	57939	+
SC1982_037_whole	SC1982	Pseudoperonospora_cubensis_SC1982	Pcub-SC1982_037	span	1	517250	Pcub-SC1982_037_000018.1	58821	60688	+
SC1982_037_whole	SC1982	Pseudoperonospora_cubensis_SC1982	Pcub-SC1982_037	span	1	517250	Pcub-SC1982_037_000019.1	61200	64139	+
SC1982_037_whole	SC1982	Pseudoperonospora_cubensis_SC1982	Pcub-SC1982_037	span	1	517250	Pcub-SC1982_037_000020.1	64141	65405	+
SC1982_037_whole	SC1982	Pseudoperonospora_cubensis_SC1982	Pcub-SC1982_037	span	1	517250	Pcub-SC1982_037_000021.1	68487	68997	+
SC1982_037_whole	SC1982	Pseudoperonospora_cubensis_SC1982	Pcub-SC1982_037	span	1	517250	Pcub-SC1982_037_000022.1	81558	83272	+
SC1982_037_whole	SC1982	Pseudoperonospora_cubensis_SC1982	Pcub-SC1982_037	span	1	517250	Pcub-SC1982_037_000023.1	86880	91407	+
SC1982_037_whole	SC1982	Pseudoperonospora_cubensis_SC1982	Pcub-SC1982_037	span	1	517250	Pcub-SC1982_037_000024.1	92949	93488	+
SC1982_037_whole	SC1982	Pseudoperonospora_cubensis_SC1982	Pcub-SC1982_037	span	1	517250	Pcub-SC1982_037_000025.1	97522	100445	+
SC1982_037_whole	SC1982	Pseudoperonospora_cubensis_SC1982	Pcub-SC1982_037	span	1	517250	Pcub-SC1982_037_000026.1	100447	100741	+
SC1982_037_whole	SC1982	Pseudoperonospora_cubensis_SC1982	Pcub-SC1982_037	span	1	517250	Pcub-SC1982_037_000027.1	100743	103381	+
SC1982_037_whole	SC1982	Pseudoperonospora_cubensis_SC1982	Pcub-SC1982_037	span	1	517250	Pcub-SC1982_037_000028.1	103383	104594	+
SC1982_037_whole	SC1982	Pseudoperonospora_cubensis_SC1982	Pcub-SC1982_037	span	1	517250	Pcub-SC1982_037_000029.1	104596	109020	+
SC1982_037_whole	SC1982	Pseudoperonospora_cubensis_SC1982	Pcub-SC1982_037	span	1	517250	Pcub-SC1982_037_000030.1	110537	112238	+
SC1982_037_whole	SC1982	Pseudoperonospora_cubensis_SC1982	Pcub-SC1982_037	span	1	517250	Pcub-SC1982_037_000031.1	121155	122079	+
SC1982_037_whole	SC1982	Pseudoperonospora_cubensis_SC1982	Pcub-SC1982_037	span	1	517250	Pcub-SC1982_037_000032.1	123694	125805	+
SC1982_037_whole	SC1982	Pseudoperonospora_cubensis_SC1982	Pcub-SC1982_037	span	1	517250	Pcub-SC1982_037_000033.1	138327	139820	+
SC1982_037_whole	SC1982	Pseudoperonospora_cubensis_SC1982	Pcub-SC1982_037	span	1	517250	Pcub-SC1982_037_000034.1	162037	162902	+
SC1982_037_whole	SC1982	Pseudoperonospora_cubensis_SC1982	Pcub-SC1982_037	span	1	517250	Pcub-SC1982_037_000035.1	162904	163429	+
SC1982_037_whole	SC1982	Pseudoperonospora_cubensis_SC1982	Pcub-SC1982_037	span	1	517250	Pcub-SC1982_037_000036.1	164116	165185	+
SC1982_037_whole	SC1982	Pseudoperonospora_cubensis_SC1982	Pcub-SC1982_037	span	1	517250	Pcub-SC1982_037_000037.1	165187	166023	+
SC1982_037_whole	SC1982	Pseudoperonospora_cubensis_SC1982	Pcub-SC1982_037	span	1	517250	Pcub-SC1982_037_000038.1	166025	168359	+
SC1982_037_whole	SC1982	Pseudoperonospora_cubensis_SC1982	Pcub-SC1982_037	span	1	517250	Pcub-SC1982_037_000039.1	169890	170469	+
SC1982_037_whole	SC1982	Pseudoperonospora_cubensis_SC1982	Pcub-SC1982_037	span	1	517250	Pcub-SC1982_037_000040.1	170471	171063	+
SC1982_037_whole	SC1982	Pseudoperonospora_cubensis_SC1982	Pcub-SC1982_037	span	1	517250	Pcub-SC1982_037_000041.1	202416	205490	+
SC1982_037_whole	SC1982	Pseudoperonospora_cubensis_SC1982	Pcub-SC1982_037	span	1	517250	Pcub-SC1982_037_000042.1	205540	208500	+
SC1982_037_whole	SC1982	Pseudoperonospora_cubensis_SC1982	Pcub-SC1982_037	span	1	517250	Pcub-SC1982_037_000043.1	210402	211518	+
SC1982_037_whole	SC1982	Pseudoperonospora_cubensis_SC1982	Pcub-SC1982_037	span	1	517250	Pcub-SC1982_037_000044.1	215243	216357	+
SC1982_037_whole	SC1982	Pseudoperonospora_cubensis_SC1982	Pcub-SC1982_037	span	1	517250	Pcub-SC1982_037_000045.1	218139	220557	+
SC1982_037_whole	SC1982	Pseudoperonospora_cubensis_SC1982	Pcub-SC1982_037	span	1	517250	Pcub-SC1982_037_000046.1	221549	222468	+
SC1982_037_whole	SC1982	Pseudoperonospora_cubensis_SC1982	Pcub-SC1982_037	span	1	517250	Pcub-SC1982_037_000047.1	222470	223472	+
SC1982_037_whole	SC1982	Pseudoperonospora_cubensis_SC1982	Pcub-SC1982_037	span	1	517250	Pcub-SC1982_037_000048.1	228047	230612	+
SC1982_037_whole	SC1982	Pseudoperonospora_cubensis_SC1982	Pcub-SC1982_037	span	1	517250	Pcub-SC1982_037_000049.1	230614	231604	+
SC1982_037_whole	SC1982	Pseudoperonospora_cubensis_SC1982	Pcub-SC1982_037	span	1	517250	Pcub-SC1982_037_000050.1	231606	233581	+
SC1982_037_whole	SC1982	Pseudoperonospora_cubensis_SC1982	Pcub-SC1982_037	span	1	517250	Pcub-SC1982_037_000051.1	233583	235599	+
SC1982_037_whole	SC1982	Pseudoperonospora_cubensis_SC1982	Pcub-SC1982_037	span	1	517250	Pcub-SC1982_037_000052.1	236585	238113	+
SC1982_037_whole	SC1982	Pseudoperonospora_cubensis_SC1982	Pcub-SC1982_037	span	1	517250	Pcub-SC1982_037_000053.1	238118	238554	+
SC1982_037_whole	SC1982	Pseudoperonospora_cubensis_SC1982	Pcub-SC1982_037	span	1	517250	Pcub-SC1982_037_000054.1	238556	239497	+
SC1982_037_whole	SC1982	Pseudoperonospora_cubensis_SC1982	Pcub-SC1982_037	span	1	517250	Pcub-SC1982_037_000055.1	239499	240269	+
SC1982_037_whole	SC1982	Pseudoperonospora_cubensis_SC1982	Pcub-SC1982_037	span	1	517250	Pcub-SC1982_037_000056.1	240952	242088	+
SC1982_037_whole	SC1982	Pseudoperonospora_cubensis_SC1982	Pcub-SC1982_037	span	1	517250	Pcub-SC1982_037_000057.1	242090	247089	+
SC1982_037_whole	SC1982	Pseudoperonospora_cubensis_SC1982	Pcub-SC1982_037	span	1	517250	Pcub-SC1982_037_000058.1	248829	252128	+
SC1982_037_whole	SC1982	Pseudoperonospora_cubensis_SC1982	Pcub-SC1982_037	span	1	517250	Pcub-SC1982_037_000059.1	254268	257418	+
SC1982_037_whole	SC1982	Pseudoperonospora_cubensis_SC1982	Pcub-SC1982_037	span	1	517250	Pcub-SC1982_037_000060.1	265273	266230	+
SC1982_037_whole	SC1982	Pseudoperonospora_cubensis_SC1982	Pcub-SC1982_037	span	1	517250	Pcub-SC1982_037_000061.1	266232	266723	+
SC1982_037_whole	SC1982	Pseudoperonospora_cubensis_SC1982	Pcub-SC1982_037	span	1	517250	Pcub-SC1982_037_000062.1	266725	268878	+
SC1982_037_whole	SC1982	Pseudoperonospora_cubensis_SC1982	Pcub-SC1982_037	span	1	517250	Pcub-SC1982_037_000063.1	272608	273842	+
SC1982_037_whole	SC1982	Pseudoperonospora_cubensis_SC1982	Pcub-SC1982_037	span	1	517250	Pcub-SC1982_037_000064.1	273965	274453	+
SC1982_037_whole	SC1982	Pseudoperonospora_cubensis_SC1982	Pcub-SC1982_037	span	1	517250	Pcub-SC1982_037_000065.1	274455	277090	+
SC1982_037_whole	SC1982	Pseudoperonospora_cubensis_SC1982	Pcub-SC1982_037	span	1	517250	Pcub-SC1982_037_000066.1	277092	278457	+
SC1982_037_whole	SC1982	Pseudoperonospora_cubensis_SC1982	Pcub-SC1982_037	span	1	517250	Pcub-SC1982_037_000067.1	278459	280273	+
SC1982_037_whole	SC1982	Pseudoperonospora_cubensis_SC1982	Pcub-SC1982_037	span	1	517250	Pcub-SC1982_037_000068.1	294612	297310	+
SC1982_037_whole	SC1982	Pseudoperonospora_cubensis_SC1982	Pcub-SC1982_037	span	1	517250	Pcub-SC1982_037_000069.1	300995	302340	+
SC1982_037_whole	SC1982	Pseudoperonospora_cubensis_SC1982	Pcub-SC1982_037	span	1	517250	Pcub-SC1982_037_000070.1	305125	305933	+
SC1982_037_whole	SC1982	Pseudoperonospora_cubensis_SC1982	Pcub-SC1982_037	span	1	517250	Pcub-SC1982_037_000071.1	311230	318471	+
SC1982_037_whole	SC1982	Pseudoperonospora_cubensis_SC1982	Pcub-SC1982_037	span	1	517250	Pcub-SC1982_037_000072.1	318473	321511	+
SC1982_037_whole	SC1982	Pseudoperonospora_cubensis_SC1982	Pcub-SC1982_037	span	1	517250	Pcub-SC1982_037_000073.1	321513	323639	+
SC1982_037_whole	SC1982	Pseudoperonospora_cubensis_SC1982	Pcub-SC1982_037	span	1	517250	Pcub-SC1982_037_000074.1	323737	325110	+
SC1982_037_whole	SC1982	Pseudoperonospora_cubensis_SC1982	Pcub-SC1982_037	span	1	517250	Pcub-SC1982_037_000075.1	325112	326136	+
SC1982_037_whole	SC1982	Pseudoperonospora_cubensis_SC1982	Pcub-SC1982_037	span	1	517250	Pcub-SC1982_037_000076.1	329587	331167	+
SC1982_037_whole	SC1982	Pseudoperonospora_cubensis_SC1982	Pcub-SC1982_037	span	1	517250	Pcub-SC1982_037_000077.1	332385	334290	+
SC1982_037_whole	SC1982	Pseudoperonospora_cubensis_SC1982	Pcub-SC1982_037	span	1	517250	Pcub-SC1982_037_000078.1	337582	338115	+
SC1982_037_whole	SC1982	Pseudoperonospora_cubensis_SC1982	Pcub-SC1982_037	span	1	517250	Pcub-SC1982_037_000079.1	338117	341243	+
SC1982_037_whole	SC1982	Pseudoperonospora_cubensis_SC1982	Pcub-SC1982_037	span	1	517250	Pcub-SC1982_037_000080.1	341245	344130	+
SC1982_037_whole	SC1982	Pseudoperonospora_cubensis_SC1982	Pcub-SC1982_037	span	1	517250	Pcub-SC1982_037_000081.1	344132	344674	+
SC1982_037_whole	SC1982	Pseudoperonospora_cubensis_SC1982	Pcub-SC1982_037	span	1	517250	Pcub-SC1982_037_000082.1	344676	345314	+
SC1982_037_whole	SC1982	Pseudoperonospora_cubensis_SC1982	Pcub-SC1982_037	span	1	517250	Pcub-SC1982_037_000083.1	345316	347257	+
SC1982_037_whole	SC1982	Pseudoperonospora_cubensis_SC1982	Pcub-SC1982_037	span	1	517250	Pcub-SC1982_037_000084.1	347259	348523	+
SC1982_037_whole	SC1982	Pseudoperonospora_cubensis_SC1982	Pcub-SC1982_037	span	1	517250	Pcub-SC1982_037_000085.1	348525	350514	+
SC1982_037_whole	SC1982	Pseudoperonospora_cubensis_SC1982	Pcub-SC1982_037	span	1	517250	Pcub-SC1982_037_000086.1	354661	355881	+
SC1982_037_whole	SC1982	Pseudoperonospora_cubensis_SC1982	Pcub-SC1982_037	span	1	517250	Pcub-SC1982_037_000087.1	356849	357684	+
SC1982_037_whole	SC1982	Pseudoperonospora_cubensis_SC1982	Pcub-SC1982_037	span	1	517250	Pcub-SC1982_037_000088.1	357686	359239	+
SC1982_037_whole	SC1982	Pseudoperonospora_cubensis_SC1982	Pcub-SC1982_037	span	1	517250	Pcub-SC1982_037_000089.1	371780	377095	+
SC1982_037_whole	SC1982	Pseudoperonospora_cubensis_SC1982	Pcub-SC1982_037	span	1	517250	Pcub-SC1982_037_000090.1	377097	377703	+
SC1982_037_whole	SC1982	Pseudoperonospora_cubensis_SC1982	Pcub-SC1982_037	span	1	517250	Pcub-SC1982_037_000091.1	385783	387106	+
SC1982_037_whole	SC1982	Pseudoperonospora_cubensis_SC1982	Pcub-SC1982_037	span	1	517250	Pcub-SC1982_037_000092.1	387108	388789	+
SC1982_037_whole	SC1982	Pseudoperonospora_cubensis_SC1982	Pcub-SC1982_037	span	1	517250	Pcub-SC1982_037_000093.1	388801	389141	+
SC1982_037_whole	SC1982	Pseudoperonospora_cubensis_SC1982	Pcub-SC1982_037	span	1	517250	Pcub-SC1982_037_000094.1	389143	392847	+
SC1982_037_whole	SC1982	Pseudoperonospora_cubensis_SC1982	Pcub-SC1982_037	span	1	517250	Pcub-SC1982_037_000095.1	392849	397533	+
SC1982_037_whole	SC1982	Pseudoperonospora_cubensis_SC1982	Pcub-SC1982_037	span	1	517250	Pcub-SC1982_037_000096.1	397535	401235	+
SC1982_037_whole	SC1982	Pseudoperonospora_cubensis_SC1982	Pcub-SC1982_037	span	1	517250	Pcub-SC1982_037_000097.1	401237	405153	+
SC1982_037_whole	SC1982	Pseudoperonospora_cubensis_SC1982	Pcub-SC1982_037	span	1	517250	Pcub-SC1982_037_000098.1	405155	409041	+
SC1982_037_whole	SC1982	Pseudoperonospora_cubensis_SC1982	Pcub-SC1982_037	span	1	517250	Pcub-SC1982_037_000099.1	409043	412842	+
SC1982_037_whole	SC1982	Pseudoperonospora_cubensis_SC1982	Pcub-SC1982_037	span	1	517250	Pcub-SC1982_037_000100.1	412927	414318	+
SC1982_037_whole	SC1982	Pseudoperonospora_cubensis_SC1982	Pcub-SC1982_037	span	1	517250	Pcub-SC1982_037_000101.1	414320	415886	+
SC1982_037_whole	SC1982	Pseudoperonospora_cubensis_SC1982	Pcub-SC1982_037	span	1	517250	Pcub-SC1982_037_000102.1	415888	416666	+
SC1982_037_whole	SC1982	Pseudoperonospora_cubensis_SC1982	Pcub-SC1982_037	span	1	517250	Pcub-SC1982_037_000103.1	426365	429465	+
SC1982_037_whole	SC1982	Pseudoperonospora_cubensis_SC1982	Pcub-SC1982_037	span	1	517250	Pcub-SC1982_037_000104.1	431864	433603	+
SC1982_037_whole	SC1982	Pseudoperonospora_cubensis_SC1982	Pcub-SC1982_037	span	1	517250	Pcub-SC1982_037_000105.1	433657	434511	+
SC1982_037_whole	SC1982	Pseudoperonospora_cubensis_SC1982	Pcub-SC1982_037	span	1	517250	Pcub-SC1982_037_000106.1	434513	435417	+
SC1982_037_whole	SC1982	Pseudoperonospora_cubensis_SC1982	Pcub-SC1982_037	span	1	517250	Pcub-SC1982_037_000107.1	435419	436483	+
SC1982_037_whole	SC1982	Pseudoperonospora_cubensis_SC1982	Pcub-SC1982_037	span	1	517250	Pcub-SC1982_037_000108.1	436561	438225	+
SC1982_037_whole	SC1982	Pseudoperonospora_cubensis_SC1982	Pcub-SC1982_037	span	1	517250	Pcub-SC1982_037_000109.1	438227	439484	+
SC1982_037_whole	SC1982	Pseudoperonospora_cubensis_SC1982	Pcub-SC1982_037	span	1	517250	Pcub-SC1982_037_000110.1	439486	442358	+
SC1982_037_whole	SC1982	Pseudoperonospora_cubensis_SC1982	Pcub-SC1982_037	span	1	517250	Pcub-SC1982_037_000111.1	442360	442780	+
SC1982_037_whole	SC1982	Pseudoperonospora_cubensis_SC1982	Pcub-SC1982_037	span	1	517250	Pcub-SC1982_037_000112.1	442782	444704	+
SC1982_037_whole	SC1982	Pseudoperonospora_cubensis_SC1982	Pcub-SC1982_037	span	1	517250	Pcub-SC1982_037_000113.1	445116	446767	+
SC1982_037_whole	SC1982	Pseudoperonospora_cubensis_SC1982	Pcub-SC1982_037	span	1	517250	Pcub-SC1982_037_000114.1	446769	447542	+
SC1982_037_whole	SC1982	Pseudoperonospora_cubensis_SC1982	Pcub-SC1982_037	span	1	517250	Pcub-SC1982_037_000115.1	447544	449292	+
SC1982_037_whole	SC1982	Pseudoperonospora_cubensis_SC1982	Pcub-SC1982_037	span	1	517250	Pcub-SC1982_037_000116.1	449294	458062	+
SC1982_037_whole	SC1982	Pseudoperonospora_cubensis_SC1982	Pcub-SC1982_037	span	1	517250	Pcub-SC1982_037_000117.1	458117	458659	+
SC1982_037_whole	SC1982	Pseudoperonospora_cubensis_SC1982	Pcub-SC1982_037	span	1	517250	Pcub-SC1982_037_000118.1	458690	460149	+
SC1982_037_whole	SC1982	Pseudoperonospora_cubensis_SC1982	Pcub-SC1982_037	span	1	517250	Pcub-SC1982_037_000119.1	460151	461628	+
SC1982_037_whole	SC1982	Pseudoperonospora_cubensis_SC1982	Pcub-SC1982_037	span	1	517250	Pcub-SC1982_037_000120.1	461630	462995	+
SC1982_037_whole	SC1982	Pseudoperonospora_cubensis_SC1982	Pcub-SC1982_037	span	1	517250	Pcub-SC1982_037_000121.1	462997	464017	+
SC1982_037_whole	SC1982	Pseudoperonospora_cubensis_SC1982	Pcub-SC1982_037	span	1	517250	Pcub-SC1982_037_000122.1	464019	466312	+
SC1982_037_whole	SC1982	Pseudoperonospora_cubensis_SC1982	Pcub-SC1982_037	span	1	517250	Pcub-SC1982_037_000123.1	466871	468006	+
SC1982_037_whole	SC1982	Pseudoperonospora_cubensis_SC1982	Pcub-SC1982_037	span	1	517250	Pcub-SC1982_037_000124.1	468413	469211	+
SC1982_037_whole	SC1982	Pseudoperonospora_cubensis_SC1982	Pcub-SC1982_037	span	1	517250	Pcub-SC1982_037_000125.1	469334	471482	+
SC1982_037_whole	SC1982	Pseudoperonospora_cubensis_SC1982	Pcub-SC1982_037	span	1	517250	Pcub-SC1982_037_000126.1	471678	474905	+
SC1982_037_whole	SC1982	Pseudoperonospora_cubensis_SC1982	Pcub-SC1982_037	span	1	517250	Pcub-SC1982_037_000127.1	474907	477881	+
SC1982_037_whole	SC1982	Pseudoperonospora_cubensis_SC1982	Pcub-SC1982_037	span	1	517250	Pcub-SC1982_037_000128.1	477883	479200	+
SC1982_037_whole	SC1982	Pseudoperonospora_cubensis_SC1982	Pcub-SC1982_037	span	1	517250	Pcub-SC1982_037_000129.1	481264	483430	+
SC1982_037_whole	SC1982	Pseudoperonospora_cubensis_SC1982	Pcub-SC1982_037	span	1	517250	Pcub-SC1982_037_000130.1	486259	487523	+
SC1982_037_whole	SC1982	Pseudoperonospora_cubensis_SC1982	Pcub-SC1982_037	span	1	517250	Pcub-SC1982_037_000131.1	487525	488616	+
SC1982_037_whole	SC1982	Pseudoperonospora_cubensis_SC1982	Pcub-SC1982_037	span	1	517250	Pcub-SC1982_037_000132.1	488618	489997	+
SC1982_037_whole	SC1982	Pseudoperonospora_cubensis_SC1982	Pcub-SC1982_037	span	1	517250	Pcub-SC1982_037_000133.1	489999	491552	+
SC1982_037_whole	SC1982	Pseudoperonospora_cubensis_SC1982	Pcub-SC1982_037	span	1	517250	Pcub-SC1982_037_000134.1	497808	499881	+
SC1982_037_whole	SC1982	Pseudoperonospora_cubensis_SC1982	Pcub-SC1982_037	span	1	517250	Pcub-SC1982_037_000135.1	500302	500681	+
SC1982_037_whole	SC1982	Pseudoperonospora_cubensis_SC1982	Pcub-SC1982_037	span	1	517250	Pcub-SC1982_037_000136.1	500977	501606	+
SC1982_037_whole	SC1982	Pseudoperonospora_cubensis_SC1982	Pcub-SC1982_037	span	1	517250	Pcub-SC1982_037_000137.1	503127	504229	+
SC1982_037_whole	SC1982	Pseudoperonospora_cubensis_SC1982	Pcub-SC1982_037	span	1	517250	Pcub-SC1982_037_000138.1	507304	511881	+
SC1982_037_whole	SC1982	Pseudoperonospora_cubensis_SC1982	Pcub-SC1982_037	span	1	517250	Pcub-SC1982_037_000139.1	511855	513276	-
SC1982_037_whole	SC1982	Pseudoperonospora_cubensis_SC1982	Pcub-SC1982_037	span	1	517250	Pcub-SC1982_037_000140.1	506168	507041	-
SC1982_037_whole	SC1982	Pseudoperonospora_cubensis_SC1982	Pcub-SC1982_037	span	1	517250	Pcub-SC1982_037_000141.1	503367	506166	-
SC1982_037_whole	SC1982	Pseudoperonospora_cubensis_SC1982	Pcub-SC1982_037	span	1	517250	Pcub-SC1982_037_000142.1	500904	503256	-
SC1982_037_whole	SC1982	Pseudoperonospora_cubensis_SC1982	Pcub-SC1982_037	span	1	517250	Pcub-SC1982_037_000143.1	493741	497749	-
SC1982_037_whole	SC1982	Pseudoperonospora_cubensis_SC1982	Pcub-SC1982_037	span	1	517250	Pcub-SC1982_037_000144.1	491404	493739	-
SC1982_037_whole	SC1982	Pseudoperonospora_cubensis_SC1982	Pcub-SC1982_037	span	1	517250	Pcub-SC1982_037_000145.1	483395	486150	-
SC1982_037_whole	SC1982	Pseudoperonospora_cubensis_SC1982	Pcub-SC1982_037	span	1	517250	Pcub-SC1982_037_000146.1	478507	481330	-
SC1982_037_whole	SC1982	Pseudoperonospora_cubensis_SC1982	Pcub-SC1982_037	span	1	517250	Pcub-SC1982_037_000147.1	429433	431815	-
SC1982_037_whole	SC1982	Pseudoperonospora_cubensis_SC1982	Pcub-SC1982_037	span	1	517250	Pcub-SC1982_037_000148.1	423710	426217	-
SC1982_037_whole	SC1982	Pseudoperonospora_cubensis_SC1982	Pcub-SC1982_037	span	1	517250	Pcub-SC1982_037_000149.1	422060	423397	-
SC1982_037_whole	SC1982	Pseudoperonospora_cubensis_SC1982	Pcub-SC1982_037	span	1	517250	Pcub-SC1982_037_000150.1	417875	422058	-
SC1982_037_whole	SC1982	Pseudoperonospora_cubensis_SC1982	Pcub-SC1982_037	span	1	517250	Pcub-SC1982_037_000151.1	416734	417627	-
SC1982_037_whole	SC1982	Pseudoperonospora_cubensis_SC1982	Pcub-SC1982_037	span	1	517250	Pcub-SC1982_037_000152.1	380309	385832	-
SC1982_037_whole	SC1982	Pseudoperonospora_cubensis_SC1982	Pcub-SC1982_037	span	1	517250	Pcub-SC1982_037_000153.1	378944	380304	-
SC1982_037_whole	SC1982	Pseudoperonospora_cubensis_SC1982	Pcub-SC1982_037	span	1	517250	Pcub-SC1982_037_000154.1	377593	378942	-
SC1982_037_whole	SC1982	Pseudoperonospora_cubensis_SC1982	Pcub-SC1982_037	span	1	517250	Pcub-SC1982_037_000155.1	369504	371682	-
SC1982_037_whole	SC1982	Pseudoperonospora_cubensis_SC1982	Pcub-SC1982_037	span	1	517250	Pcub-SC1982_037_000156.1	367869	369502	-
SC1982_037_whole	SC1982	Pseudoperonospora_cubensis_SC1982	Pcub-SC1982_037	span	1	517250	Pcub-SC1982_037_000157.1	364857	366045	-
SC1982_037_whole	SC1982	Pseudoperonospora_cubensis_SC1982	Pcub-SC1982_037	span	1	517250	Pcub-SC1982_037_000158.1	360899	364855	-
SC1982_037_whole	SC1982	Pseudoperonospora_cubensis_SC1982	Pcub-SC1982_037	span	1	517250	Pcub-SC1982_037_000159.1	359142	360897	-
SC1982_037_whole	SC1982	Pseudoperonospora_cubensis_SC1982	Pcub-SC1982_037	span	1	517250	Pcub-SC1982_037_000160.1	355556	356835	-
SC1982_037_whole	SC1982	Pseudoperonospora_cubensis_SC1982	Pcub-SC1982_037	span	1	517250	Pcub-SC1982_037_000161.1	353805	354601	-
SC1982_037_whole	SC1982	Pseudoperonospora_cubensis_SC1982	Pcub-SC1982_037	span	1	517250	Pcub-SC1982_037_000162.1	352616	353775	-
SC1982_037_whole	SC1982	Pseudoperonospora_cubensis_SC1982	Pcub-SC1982_037	span	1	517250	Pcub-SC1982_037_000163.1	351571	352614	-
SC1982_037_whole	SC1982	Pseudoperonospora_cubensis_SC1982	Pcub-SC1982_037	span	1	517250	Pcub-SC1982_037_000164.1	350582	351569	-
SC1982_037_whole	SC1982	Pseudoperonospora_cubensis_SC1982	Pcub-SC1982_037	span	1	517250	Pcub-SC1982_037_000165.1	334184	337550	-
SC1982_037_whole	SC1982	Pseudoperonospora_cubensis_SC1982	Pcub-SC1982_037	span	1	517250	Pcub-SC1982_037_000166.1	330774	332325	-
SC1982_037_whole	SC1982	Pseudoperonospora_cubensis_SC1982	Pcub-SC1982_037	span	1	517250	Pcub-SC1982_037_000167.1	327730	329481	-
SC1982_037_whole	SC1982	Pseudoperonospora_cubensis_SC1982	Pcub-SC1982_037	span	1	517250	Pcub-SC1982_037_000168.1	326131	327728	-
SC1982_037_whole	SC1982	Pseudoperonospora_cubensis_SC1982	Pcub-SC1982_037	span	1	517250	Pcub-SC1982_037_000169.1	309294	311274	-
SC1982_037_whole	SC1982	Pseudoperonospora_cubensis_SC1982	Pcub-SC1982_037	span	1	517250	Pcub-SC1982_037_000170.1	308769	309292	-
SC1982_037_whole	SC1982	Pseudoperonospora_cubensis_SC1982	Pcub-SC1982_037	span	1	517250	Pcub-SC1982_037_000171.1	307730	308767	-
SC1982_037_whole	SC1982	Pseudoperonospora_cubensis_SC1982	Pcub-SC1982_037	span	1	517250	Pcub-SC1982_037_000172.1	307243	307728	-
SC1982_037_whole	SC1982	Pseudoperonospora_cubensis_SC1982	Pcub-SC1982_037	span	1	517250	Pcub-SC1982_037_000173.1	302344	307241	-
SC1982_037_whole	SC1982	Pseudoperonospora_cubensis_SC1982	Pcub-SC1982_037	span	1	517250	Pcub-SC1982_037_000174.1	300148	300998	-
SC1982_037_whole	SC1982	Pseudoperonospora_cubensis_SC1982	Pcub-SC1982_037	span	1	517250	Pcub-SC1982_037_000175.1	298797	300146	-
SC1982_037_whole	SC1982	Pseudoperonospora_cubensis_SC1982	Pcub-SC1982_037	span	1	517250	Pcub-SC1982_037_000176.1	297382	298795	-
SC1982_037_whole	SC1982	Pseudoperonospora_cubensis_SC1982	Pcub-SC1982_037	span	1	517250	Pcub-SC1982_037_000177.1	291370	294637	-
SC1982_037_whole	SC1982	Pseudoperonospora_cubensis_SC1982	Pcub-SC1982_037	span	1	517250	Pcub-SC1982_037_000178.1	291051	291368	-
SC1982_037_whole	SC1982	Pseudoperonospora_cubensis_SC1982	Pcub-SC1982_037	span	1	517250	Pcub-SC1982_037_000179.1	288858	291049	-
SC1982_037_whole	SC1982	Pseudoperonospora_cubensis_SC1982	Pcub-SC1982_037	span	1	517250	Pcub-SC1982_037_000180.1	287522	288856	-
SC1982_037_whole	SC1982	Pseudoperonospora_cubensis_SC1982	Pcub-SC1982_037	span	1	517250	Pcub-SC1982_037_000181.1	286302	287515	-
SC1982_037_whole	SC1982	Pseudoperonospora_cubensis_SC1982	Pcub-SC1982_037	span	1	517250	Pcub-SC1982_037_000182.1	285182	286300	-
SC1982_037_whole	SC1982	Pseudoperonospora_cubensis_SC1982	Pcub-SC1982_037	span	1	517250	Pcub-SC1982_037_000183.1	281745	284775	-
SC1982_037_whole	SC1982	Pseudoperonospora_cubensis_SC1982	Pcub-SC1982_037	span	1	517250	Pcub-SC1982_037_000184.1	280039	281743	-
SC1982_037_whole	SC1982	Pseudoperonospora_cubensis_SC1982	Pcub-SC1982_037	span	1	517250	Pcub-SC1982_037_000185.1	271472	272288	-
SC1982_037_whole	SC1982	Pseudoperonospora_cubensis_SC1982	Pcub-SC1982_037	span	1	517250	Pcub-SC1982_037_000186.1	270866	271470	-
SC1982_037_whole	SC1982	Pseudoperonospora_cubensis_SC1982	Pcub-SC1982_037	span	1	517250	Pcub-SC1982_037_000187.1	270118	270864	-
SC1982_037_whole	SC1982	Pseudoperonospora_cubensis_SC1982	Pcub-SC1982_037	span	1	517250	Pcub-SC1982_037_000188.1	268451	270116	-
SC1982_037_whole	SC1982	Pseudoperonospora_cubensis_SC1982	Pcub-SC1982_037	span	1	517250	Pcub-SC1982_037_000189.1	263483	265144	-
SC1982_037_whole	SC1982	Pseudoperonospora_cubensis_SC1982	Pcub-SC1982_037	span	1	517250	Pcub-SC1982_037_000190.1	260761	263481	-
SC1982_037_whole	SC1982	Pseudoperonospora_cubensis_SC1982	Pcub-SC1982_037	span	1	517250	Pcub-SC1982_037_000191.1	260037	260759	-
SC1982_037_whole	SC1982	Pseudoperonospora_cubensis_SC1982	Pcub-SC1982_037	span	1	517250	Pcub-SC1982_037_000192.1	258360	260035	-
SC1982_037_whole	SC1982	Pseudoperonospora_cubensis_SC1982	Pcub-SC1982_037	span	1	517250	Pcub-SC1982_037_000193.1	257315	258358	-
SC1982_037_whole	SC1982	Pseudoperonospora_cubensis_SC1982	Pcub-SC1982_037	span	1	517250	Pcub-SC1982_037_000194.1	253222	254147	-
SC1982_037_whole	SC1982	Pseudoperonospora_cubensis_SC1982	Pcub-SC1982_037	span	1	517250	Pcub-SC1982_037_000195.1	252163	253220	-
SC1982_037_whole	SC1982	Pseudoperonospora_cubensis_SC1982	Pcub-SC1982_037	span	1	517250	Pcub-SC1982_037_000196.1	247804	248745	-
SC1982_037_whole	SC1982	Pseudoperonospora_cubensis_SC1982	Pcub-SC1982_037	span	1	517250	Pcub-SC1982_037_000197.1	240427	240878	-
SC1982_037_whole	SC1982	Pseudoperonospora_cubensis_SC1982	Pcub-SC1982_037	span	1	517250	Pcub-SC1982_037_000198.1	235655	236900	-
SC1982_037_whole	SC1982	Pseudoperonospora_cubensis_SC1982	Pcub-SC1982_037	span	1	517250	Pcub-SC1982_037_000199.1	223177	227973	-
SC1982_037_whole	SC1982	Pseudoperonospora_cubensis_SC1982	Pcub-SC1982_037	span	1	517250	Pcub-SC1982_037_000200.1	220436	221615	-
SC1982_037_whole	SC1982	Pseudoperonospora_cubensis_SC1982	Pcub-SC1982_037	span	1	517250	Pcub-SC1982_037_000201.1	217246	217550	-
SC1982_037_whole	SC1982	Pseudoperonospora_cubensis_SC1982	Pcub-SC1982_037	span	1	517250	Pcub-SC1982_037_000202.1	215306	217140	-
SC1982_037_whole	SC1982	Pseudoperonospora_cubensis_SC1982	Pcub-SC1982_037	span	1	517250	Pcub-SC1982_037_000203.1	214244	215244	-
SC1982_037_whole	SC1982	Pseudoperonospora_cubensis_SC1982	Pcub-SC1982_037	span	1	517250	Pcub-SC1982_037_000204.1	211408	214242	-
SC1982_037_whole	SC1982	Pseudoperonospora_cubensis_SC1982	Pcub-SC1982_037	span	1	517250	Pcub-SC1982_037_000205.1	209556	210429	-
SC1982_037_whole	SC1982	Pseudoperonospora_cubensis_SC1982	Pcub-SC1982_037	span	1	517250	Pcub-SC1982_037_000206.1	207618	209554	-
SC1982_037_whole	SC1982	Pseudoperonospora_cubensis_SC1982	Pcub-SC1982_037	span	1	517250	Pcub-SC1982_037_000207.1	201204	202376	-
SC1982_037_whole	SC1982	Pseudoperonospora_cubensis_SC1982	Pcub-SC1982_037	span	1	517250	Pcub-SC1982_037_000208.1	199294	201202	-
SC1982_037_whole	SC1982	Pseudoperonospora_cubensis_SC1982	Pcub-SC1982_037	span	1	517250	Pcub-SC1982_037_000209.1	198271	198729	-
SC1982_037_whole	SC1982	Pseudoperonospora_cubensis_SC1982	Pcub-SC1982_037	span	1	517250	Pcub-SC1982_037_000210.1	195366	198052	-
SC1982_037_whole	SC1982	Pseudoperonospora_cubensis_SC1982	Pcub-SC1982_037	span	1	517250	Pcub-SC1982_037_000211.1	182896	195364	-
SC1982_037_whole	SC1982	Pseudoperonospora_cubensis_SC1982	Pcub-SC1982_037	span	1	517250	Pcub-SC1982_037_000212.1	181778	182817	-
SC1982_037_whole	SC1982	Pseudoperonospora_cubensis_SC1982	Pcub-SC1982_037	span	1	517250	Pcub-SC1982_037_000213.1	178913	181776	-
SC1982_037_whole	SC1982	Pseudoperonospora_cubensis_SC1982	Pcub-SC1982_037	span	1	517250	Pcub-SC1982_037_000214.1	176962	178824	-
SC1982_037_whole	SC1982	Pseudoperonospora_cubensis_SC1982	Pcub-SC1982_037	span	1	517250	Pcub-SC1982_037_000215.1	174827	176960	-
SC1982_037_whole	SC1982	Pseudoperonospora_cubensis_SC1982	Pcub-SC1982_037	span	1	517250	Pcub-SC1982_037_000216.1	173505	174825	-
SC1982_037_whole	SC1982	Pseudoperonospora_cubensis_SC1982	Pcub-SC1982_037	span	1	517250	Pcub-SC1982_037_000217.1	170474	173503	-
SC1982_037_whole	SC1982	Pseudoperonospora_cubensis_SC1982	Pcub-SC1982_037	span	1	517250	Pcub-SC1982_037_000218.1	168331	169762	-
SC1982_037_whole	SC1982	Pseudoperonospora_cubensis_SC1982	Pcub-SC1982_037	span	1	517250	Pcub-SC1982_037_000219.1	163202	164143	-
SC1982_037_whole	SC1982	Pseudoperonospora_cubensis_SC1982	Pcub-SC1982_037	span	1	517250	Pcub-SC1982_037_000220.1	155702	161552	-
SC1982_037_whole	SC1982	Pseudoperonospora_cubensis_SC1982	Pcub-SC1982_037	span	1	517250	Pcub-SC1982_037_000221.1	154197	155700	-
SC1982_037_whole	SC1982	Pseudoperonospora_cubensis_SC1982	Pcub-SC1982_037	span	1	517250	Pcub-SC1982_037_000222.1	151967	154195	-
SC1982_037_whole	SC1982	Pseudoperonospora_cubensis_SC1982	Pcub-SC1982_037	span	1	517250	Pcub-SC1982_037_000223.1	150395	151965	-
SC1982_037_whole	SC1982	Pseudoperonospora_cubensis_SC1982	Pcub-SC1982_037	span	1	517250	Pcub-SC1982_037_000224.1	149422	150393	-
SC1982_037_whole	SC1982	Pseudoperonospora_cubensis_SC1982	Pcub-SC1982_037	span	1	517250	Pcub-SC1982_037_000225.1	147489	149194	-
SC1982_037_whole	SC1982	Pseudoperonospora_cubensis_SC1982	Pcub-SC1982_037	span	1	517250	Pcub-SC1982_037_000226.1	142811	147487	-
SC1982_037_whole	SC1982	Pseudoperonospora_cubensis_SC1982	Pcub-SC1982_037	span	1	517250	Pcub-SC1982_037_000227.1	141762	142809	-
SC1982_037_whole	SC1982	Pseudoperonospora_cubensis_SC1982	Pcub-SC1982_037	span	1	517250	Pcub-SC1982_037_000228.1	139795	141723	-
SC1982_037_whole	SC1982	Pseudoperonospora_cubensis_SC1982	Pcub-SC1982_037	span	1	517250	Pcub-SC1982_037_000229.1	136394	138342	-
SC1982_037_whole	SC1982	Pseudoperonospora_cubensis_SC1982	Pcub-SC1982_037	span	1	517250	Pcub-SC1982_037_000230.1	135220	136392	-
SC1982_037_whole	SC1982	Pseudoperonospora_cubensis_SC1982	Pcub-SC1982_037	span	1	517250	Pcub-SC1982_037_000231.1	134402	135218	-
SC1982_037_whole	SC1982	Pseudoperonospora_cubensis_SC1982	Pcub-SC1982_037	span	1	517250	Pcub-SC1982_037_000232.1	132023	134400	-
SC1982_037_whole	SC1982	Pseudoperonospora_cubensis_SC1982	Pcub-SC1982_037	span	1	517250	Pcub-SC1982_037_000233.1	130406	132021	-
SC1982_037_whole	SC1982	Pseudoperonospora_cubensis_SC1982	Pcub-SC1982_037	span	1	517250	Pcub-SC1982_037_000234.1	129589	130404	-
SC1982_037_whole	SC1982	Pseudoperonospora_cubensis_SC1982	Pcub-SC1982_037	span	1	517250	Pcub-SC1982_037_000235.1	125772	129587	-
SC1982_037_whole	SC1982	Pseudoperonospora_cubensis_SC1982	Pcub-SC1982_037	span	1	517250	Pcub-SC1982_037_000236.1	121326	123616	-
SC1982_037_whole	SC1982	Pseudoperonospora_cubensis_SC1982	Pcub-SC1982_037	span	1	517250	Pcub-SC1982_037_000237.1	120026	121320	-
SC1982_037_whole	SC1982	Pseudoperonospora_cubensis_SC1982	Pcub-SC1982_037	span	1	517250	Pcub-SC1982_037_000238.1	118444	120024	-
SC1982_037_whole	SC1982	Pseudoperonospora_cubensis_SC1982	Pcub-SC1982_037	span	1	517250	Pcub-SC1982_037_000239.1	116974	118442	-
SC1982_037_whole	SC1982	Pseudoperonospora_cubensis_SC1982	Pcub-SC1982_037	span	1	517250	Pcub-SC1982_037_000240.1	114693	116972	-
SC1982_037_whole	SC1982	Pseudoperonospora_cubensis_SC1982	Pcub-SC1982_037	span	1	517250	Pcub-SC1982_037_000241.1	112183	114531	-
SC1982_037_whole	SC1982	Pseudoperonospora_cubensis_SC1982	Pcub-SC1982_037	span	1	517250	Pcub-SC1982_037_000242.1	108448	110440	-
SC1982_037_whole	SC1982	Pseudoperonospora_cubensis_SC1982	Pcub-SC1982_037	span	1	517250	Pcub-SC1982_037_000243.1	96339	97481	-
SC1982_037_whole	SC1982	Pseudoperonospora_cubensis_SC1982	Pcub-SC1982_037	span	1	517250	Pcub-SC1982_037_000244.1	93165	96104	-
SC1982_037_whole	SC1982	Pseudoperonospora_cubensis_SC1982	Pcub-SC1982_037	span	1	517250	Pcub-SC1982_037_000245.1	91396	92971	-
SC1982_037_whole	SC1982	Pseudoperonospora_cubensis_SC1982	Pcub-SC1982_037	span	1	517250	Pcub-SC1982_037_000246.1	89816	91394	-
SC1982_037_whole	SC1982	Pseudoperonospora_cubensis_SC1982	Pcub-SC1982_037	span	1	517250	Pcub-SC1982_037_000247.1	84432	86826	-
SC1982_037_whole	SC1982	Pseudoperonospora_cubensis_SC1982	Pcub-SC1982_037	span	1	517250	Pcub-SC1982_037_000248.1	83789	84430	-
SC1982_037_whole	SC1982	Pseudoperonospora_cubensis_SC1982	Pcub-SC1982_037	span	1	517250	Pcub-SC1982_037_000249.1	83185	83591	-
SC1982_037_whole	SC1982	Pseudoperonospora_cubensis_SC1982	Pcub-SC1982_037	span	1	517250	Pcub-SC1982_037_000250.1	79859	81702	-
SC1982_037_whole	SC1982	Pseudoperonospora_cubensis_SC1982	Pcub-SC1982_037	span	1	517250	Pcub-SC1982_037_000251.1	78506	79857	-
SC1982_037_whole	SC1982	Pseudoperonospora_cubensis_SC1982	Pcub-SC1982_037	span	1	517250	Pcub-SC1982_037_000252.1	77767	78504	-
SC1982_037_whole	SC1982	Pseudoperonospora_cubensis_SC1982	Pcub-SC1982_037	span	1	517250	Pcub-SC1982_037_000253.1	77081	77765	-
SC1982_037_whole	SC1982	Pseudoperonospora_cubensis_SC1982	Pcub-SC1982_037	span	1	517250	Pcub-SC1982_037_000254.1	76133	77079	-
SC1982_037_whole	SC1982	Pseudoperonospora_cubensis_SC1982	Pcub-SC1982_037	span	1	517250	Pcub-SC1982_037_000255.1	74017	76131	-
SC1982_037_whole	SC1982	Pseudoperonospora_cubensis_SC1982	Pcub-SC1982_037	span	1	517250	Pcub-SC1982_037_000256.1	71139	74015	-
SC1982_037_whole	SC1982	Pseudoperonospora_cubensis_SC1982	Pcub-SC1982_037	span	1	517250	Pcub-SC1982_037_000257.1	69899	70614	-
SC1982_037_whole	SC1982	Pseudoperonospora_cubensis_SC1982	Pcub-SC1982_037	span	1	517250	Pcub-SC1982_037_000258.1	68938	69897	-
SC1982_037_whole	SC1982	Pseudoperonospora_cubensis_SC1982	Pcub-SC1982_037	span	1	517250	Pcub-SC1982_037_000259.1	67768	68015	-
SC1982_037_whole	SC1982	Pseudoperonospora_cubensis_SC1982	Pcub-SC1982_037	span	1	517250	Pcub-SC1982_037_000260.1	66135	67766	-
SC1982_037_whole	SC1982	Pseudoperonospora_cubensis_SC1982	Pcub-SC1982_037	span	1	517250	Pcub-SC1982_037_000261.1	65678	66133	-
SC1982_037_whole	SC1982	Pseudoperonospora_cubensis_SC1982	Pcub-SC1982_037	span	1	517250	Pcub-SC1982_037_000262.1	65392	65676	-
SC1982_037_whole	SC1982	Pseudoperonospora_cubensis_SC1982	Pcub-SC1982_037	span	1	517250	Pcub-SC1982_037_000263.1	64105	64692	-
SC1982_037_whole	SC1982	Pseudoperonospora_cubensis_SC1982	Pcub-SC1982_037	span	1	517250	Pcub-SC1982_037_000264.1	60487	61186	-
SC1982_037_whole	SC1982	Pseudoperonospora_cubensis_SC1982	Pcub-SC1982_037	span	1	517250	Pcub-SC1982_037_000265.1	49477	50793	-
SC1982_037_whole	SC1982	Pseudoperonospora_cubensis_SC1982	Pcub-SC1982_037	span	1	517250	Pcub-SC1982_037_000266.1	46932	49475	-
SC1982_037_whole	SC1982	Pseudoperonospora_cubensis_SC1982	Pcub-SC1982_037	span	1	517250	Pcub-SC1982_037_000267.1	44519	45875	-
SC1982_037_whole	SC1982	Pseudoperonospora_cubensis_SC1982	Pcub-SC1982_037	span	1	517250	Pcub-SC1982_037_000268.1	43483	44517	-
SC1982_037_whole	SC1982	Pseudoperonospora_cubensis_SC1982	Pcub-SC1982_037	span	1	517250	Pcub-SC1982_037_000269.1	40585	41770	-
SC1982_037_whole	SC1982	Pseudoperonospora_cubensis_SC1982	Pcub-SC1982_037	span	1	517250	Pcub-SC1982_037_000270.1	39774	40583	-
SC1982_037_whole	SC1982	Pseudoperonospora_cubensis_SC1982	Pcub-SC1982_037	span	1	517250	Pcub-SC1982_037_000271.1	37019	39772	-
SC1982_037_whole	SC1982	Pseudoperonospora_cubensis_SC1982	Pcub-SC1982_037	span	1	517250	Pcub-SC1982_037_000272.1	35901	37017	-
SC1982_037_whole	SC1982	Pseudoperonospora_cubensis_SC1982	Pcub-SC1982_037	span	1	517250	Pcub-SC1982_037_000273.1	33782	35200	-
SC1982_037_whole	SC1982	Pseudoperonospora_cubensis_SC1982	Pcub-SC1982_037	span	1	517250	Pcub-SC1982_037_000274.1	31881	33349	-
SC1982_037_whole	SC1982	Pseudoperonospora_cubensis_SC1982	Pcub-SC1982_037	span	1	517250	Pcub-SC1982_037_000275.1	31169	31879	-
SC1982_037_whole	SC1982	Pseudoperonospora_cubensis_SC1982	Pcub-SC1982_037	span	1	517250	Pcub-SC1982_037_000276.1	30306	31167	-
SC1982_037_whole	SC1982	Pseudoperonospora_cubensis_SC1982	Pcub-SC1982_037	span	1	517250	Pcub-SC1982_037_000277.1	29693	30304	-
SC1982_037_whole	SC1982	Pseudoperonospora_cubensis_SC1982	Pcub-SC1982_037	span	1	517250	Pcub-SC1982_037_000278.1	29359	29691	-
SC1982_037_whole	SC1982	Pseudoperonospora_cubensis_SC1982	Pcub-SC1982_037	span	1	517250	Pcub-SC1982_037_000279.1	28680	29357	-
SC1982_037_whole	SC1982	Pseudoperonospora_cubensis_SC1982	Pcub-SC1982_037	span	1	517250	Pcub-SC1982_037_000280.1	22763	23348	-
SC1982_037_whole	SC1982	Pseudoperonospora_cubensis_SC1982	Pcub-SC1982_037	span	1	517250	Pcub-SC1982_037_000281.1	21509	22761	-
SC1982_037_whole	SC1982	Pseudoperonospora_cubensis_SC1982	Pcub-SC1982_037	span	1	517250	Pcub-SC1982_037_000282.1	20232	21275	-
SC1982_037_whole	SC1982	Pseudoperonospora_cubensis_SC1982	Pcub-SC1982_037	span	1	517250	Pcub-SC1982_037_000283.1	19222	20172	-
SC1982_037_whole	SC1982	Pseudoperonospora_cubensis_SC1982	Pcub-SC1982_037	span	1	517250	Pcub-SC1982_037_000284.1	18368	19220	-
SC1982_037_whole	SC1982	Pseudoperonospora_cubensis_SC1982	Pcub-SC1982_037	span	1	517250	Pcub-SC1982_037_000285.1	17474	18366	-
SC1982_037_whole	SC1982	Pseudoperonospora_cubensis_SC1982	Pcub-SC1982_037	span	1	517250	Pcub-SC1982_037_000286.1	1012	4641	-
SC1982_037_whole	SC1982	Pseudoperonospora_cubensis_SC1982	Pcub-SC1982_037	span	1	517250	Pcub-SC1982_037_000287.1	1	1010	-
SC1982_071_whole	SC1982	Pseudoperonospora_cubensis_SC1982	Pcub-SC1982_071	span	1	118813	Pcub-SC1982_071_000001.1	4437	6125	+
SC1982_071_whole	SC1982	Pseudoperonospora_cubensis_SC1982	Pcub-SC1982_071	span	1	118813	Pcub-SC1982_071_000002.1	9843	13012	+
SC1982_071_whole	SC1982	Pseudoperonospora_cubensis_SC1982	Pcub-SC1982_071	span	1	118813	Pcub-SC1982_071_000003.1	13014	13800	+
SC1982_071_whole	SC1982	Pseudoperonospora_cubensis_SC1982	Pcub-SC1982_071	span	1	118813	Pcub-SC1982_071_000004.1	16358	17164	+
SC1982_071_whole	SC1982	Pseudoperonospora_cubensis_SC1982	Pcub-SC1982_071	span	1	118813	Pcub-SC1982_071_000005.1	17166	17532	+
SC1982_071_whole	SC1982	Pseudoperonospora_cubensis_SC1982	Pcub-SC1982_071	span	1	118813	Pcub-SC1982_071_000006.1	17534	18394	+
SC1982_071_whole	SC1982	Pseudoperonospora_cubensis_SC1982	Pcub-SC1982_071	span	1	118813	Pcub-SC1982_071_000007.1	18396	19671	+
SC1982_071_whole	SC1982	Pseudoperonospora_cubensis_SC1982	Pcub-SC1982_071	span	1	118813	Pcub-SC1982_071_000008.1	22326	23093	+
SC1982_071_whole	SC1982	Pseudoperonospora_cubensis_SC1982	Pcub-SC1982_071	span	1	118813	Pcub-SC1982_071_000009.1	23337	25085	+
SC1982_071_whole	SC1982	Pseudoperonospora_cubensis_SC1982	Pcub-SC1982_071	span	1	118813	Pcub-SC1982_071_000010.1	25101	27268	+
SC1982_071_whole	SC1982	Pseudoperonospora_cubensis_SC1982	Pcub-SC1982_071	span	1	118813	Pcub-SC1982_071_000011.1	43004	44971	+
SC1982_071_whole	SC1982	Pseudoperonospora_cubensis_SC1982	Pcub-SC1982_071	span	1	118813	Pcub-SC1982_071_000012.1	45037	46735	+
SC1982_071_whole	SC1982	Pseudoperonospora_cubensis_SC1982	Pcub-SC1982_071	span	1	118813	Pcub-SC1982_071_000013.1	46737	47853	+
SC1982_071_whole	SC1982	Pseudoperonospora_cubensis_SC1982	Pcub-SC1982_071	span	1	118813	Pcub-SC1982_071_000014.1	47855	50300	+
SC1982_071_whole	SC1982	Pseudoperonospora_cubensis_SC1982	Pcub-SC1982_071	span	1	118813	Pcub-SC1982_071_000015.1	51996	55204	+
SC1982_071_whole	SC1982	Pseudoperonospora_cubensis_SC1982	Pcub-SC1982_071	span	1	118813	Pcub-SC1982_071_000016.1	55206	55625	+
SC1982_071_whole	SC1982	Pseudoperonospora_cubensis_SC1982	Pcub-SC1982_071	span	1	118813	Pcub-SC1982_071_000017.1	55627	56294	+
SC1982_071_whole	SC1982	Pseudoperonospora_cubensis_SC1982	Pcub-SC1982_071	span	1	118813	Pcub-SC1982_071_000018.1	56296	56988	+
SC1982_071_whole	SC1982	Pseudoperonospora_cubensis_SC1982	Pcub-SC1982_071	span	1	118813	Pcub-SC1982_071_000019.1	57589	59908	+
SC1982_071_whole	SC1982	Pseudoperonospora_cubensis_SC1982	Pcub-SC1982_071	span	1	118813	Pcub-SC1982_071_000020.1	60993	61841	+
SC1982_071_whole	SC1982	Pseudoperonospora_cubensis_SC1982	Pcub-SC1982_071	span	1	118813	Pcub-SC1982_071_000021.1	63616	66092	+
SC1982_071_whole	SC1982	Pseudoperonospora_cubensis_SC1982	Pcub-SC1982_071	span	1	118813	Pcub-SC1982_071_000022.1	66094	67657	+
SC1982_071_whole	SC1982	Pseudoperonospora_cubensis_SC1982	Pcub-SC1982_071	span	1	118813	Pcub-SC1982_071_000023.1	75804	76515	+
SC1982_071_whole	SC1982	Pseudoperonospora_cubensis_SC1982	Pcub-SC1982_071	span	1	118813	Pcub-SC1982_071_000024.1	76517	78512	+
SC1982_071_whole	SC1982	Pseudoperonospora_cubensis_SC1982	Pcub-SC1982_071	span	1	118813	Pcub-SC1982_071_000025.1	78514	82833	+
SC1982_071_whole	SC1982	Pseudoperonospora_cubensis_SC1982	Pcub-SC1982_071	span	1	118813	Pcub-SC1982_071_000026.1	82835	84286	+
SC1982_071_whole	SC1982	Pseudoperonospora_cubensis_SC1982	Pcub-SC1982_071	span	1	118813	Pcub-SC1982_071_000027.1	84288	85506	+
SC1982_071_whole	SC1982	Pseudoperonospora_cubensis_SC1982	Pcub-SC1982_071	span	1	118813	Pcub-SC1982_071_000028.1	85939	88084	+
SC1982_071_whole	SC1982	Pseudoperonospora_cubensis_SC1982	Pcub-SC1982_071	span	1	118813	Pcub-SC1982_071_000029.1	88086	93544	+
SC1982_071_whole	SC1982	Pseudoperonospora_cubensis_SC1982	Pcub-SC1982_071	span	1	118813	Pcub-SC1982_071_000030.1	93569	94938	+
SC1982_071_whole	SC1982	Pseudoperonospora_cubensis_SC1982	Pcub-SC1982_071	span	1	118813	Pcub-SC1982_071_000031.1	94940	96181	+
SC1982_071_whole	SC1982	Pseudoperonospora_cubensis_SC1982	Pcub-SC1982_071	span	1	118813	Pcub-SC1982_071_000032.1	96183	98027	+
SC1982_071_whole	SC1982	Pseudoperonospora_cubensis_SC1982	Pcub-SC1982_071	span	1	118813	Pcub-SC1982_071_000033.1	108505	109343	+
SC1982_071_whole	SC1982	Pseudoperonospora_cubensis_SC1982	Pcub-SC1982_071	span	1	118813	Pcub-SC1982_071_000034.1	109476	114485	+
SC1982_071_whole	SC1982	Pseudoperonospora_cubensis_SC1982	Pcub-SC1982_071	span	1	118813	Pcub-SC1982_071_000035.1	114760	115161	+
SC1982_071_whole	SC1982	Pseudoperonospora_cubensis_SC1982	Pcub-SC1982_071	span	1	118813	Pcub-SC1982_071_000036.1	115163	116654	+
SC1982_071_whole	SC1982	Pseudoperonospora_cubensis_SC1982	Pcub-SC1982_071	span	1	118813	Pcub-SC1982_071_000037.1	108607	109297	-
SC1982_071_whole	SC1982	Pseudoperonospora_cubensis_SC1982	Pcub-SC1982_071	span	1	118813	Pcub-SC1982_071_000038.1	107938	108337	-
SC1982_071_whole	SC1982	Pseudoperonospora_cubensis_SC1982	Pcub-SC1982_071	span	1	118813	Pcub-SC1982_071_000039.1	107076	107931	-
SC1982_071_whole	SC1982	Pseudoperonospora_cubensis_SC1982	Pcub-SC1982_071	span	1	118813	Pcub-SC1982_071_000040.1	105732	106925	-
SC1982_071_whole	SC1982	Pseudoperonospora_cubensis_SC1982	Pcub-SC1982_071	span	1	118813	Pcub-SC1982_071_000041.1	104183	105730	-
SC1982_071_whole	SC1982	Pseudoperonospora_cubensis_SC1982	Pcub-SC1982_071	span	1	118813	Pcub-SC1982_071_000042.1	103530	104070	-
SC1982_071_whole	SC1982	Pseudoperonospora_cubensis_SC1982	Pcub-SC1982_071	span	1	118813	Pcub-SC1982_071_000043.1	101111	103528	-
SC1982_071_whole	SC1982	Pseudoperonospora_cubensis_SC1982	Pcub-SC1982_071	span	1	118813	Pcub-SC1982_071_000044.1	100658	101109	-
SC1982_071_whole	SC1982	Pseudoperonospora_cubensis_SC1982	Pcub-SC1982_071	span	1	118813	Pcub-SC1982_071_000045.1	99709	100656	-
SC1982_071_whole	SC1982	Pseudoperonospora_cubensis_SC1982	Pcub-SC1982_071	span	1	118813	Pcub-SC1982_071_000046.1	97932	99707	-
SC1982_071_whole	SC1982	Pseudoperonospora_cubensis_SC1982	Pcub-SC1982_071	span	1	118813	Pcub-SC1982_071_000047.1	73913	75722	-
SC1982_071_whole	SC1982	Pseudoperonospora_cubensis_SC1982	Pcub-SC1982_071	span	1	118813	Pcub-SC1982_071_000048.1	72732	73911	-
SC1982_071_whole	SC1982	Pseudoperonospora_cubensis_SC1982	Pcub-SC1982_071	span	1	118813	Pcub-SC1982_071_000049.1	71589	72730	-
SC1982_071_whole	SC1982	Pseudoperonospora_cubensis_SC1982	Pcub-SC1982_071	span	1	118813	Pcub-SC1982_071_000050.1	70791	71587	-
SC1982_071_whole	SC1982	Pseudoperonospora_cubensis_SC1982	Pcub-SC1982_071	span	1	118813	Pcub-SC1982_071_000051.1	69840	70758	-
SC1982_071_whole	SC1982	Pseudoperonospora_cubensis_SC1982	Pcub-SC1982_071	span	1	118813	Pcub-SC1982_071_000052.1	68683	69838	-
SC1982_071_whole	SC1982	Pseudoperonospora_cubensis_SC1982	Pcub-SC1982_071	span	1	118813	Pcub-SC1982_071_000053.1	67488	68681	-
SC1982_071_whole	SC1982	Pseudoperonospora_cubensis_SC1982	Pcub-SC1982_071	span	1	118813	Pcub-SC1982_071_000054.1	62407	63669	-
SC1982_071_whole	SC1982	Pseudoperonospora_cubensis_SC1982	Pcub-SC1982_071	span	1	118813	Pcub-SC1982_071_000055.1	60302	60633	-
SC1982_071_whole	SC1982	Pseudoperonospora_cubensis_SC1982	Pcub-SC1982_071	span	1	118813	Pcub-SC1982_071_000056.1	59674	60300	-
SC1982_071_whole	SC1982	Pseudoperonospora_cubensis_SC1982	Pcub-SC1982_071	span	1	118813	Pcub-SC1982_071_000057.1	58254	59672	-
SC1982_071_whole	SC1982	Pseudoperonospora_cubensis_SC1982	Pcub-SC1982_071	span	1	118813	Pcub-SC1982_071_000058.1	56796	57657	-
SC1982_071_whole	SC1982	Pseudoperonospora_cubensis_SC1982	Pcub-SC1982_071	span	1	118813	Pcub-SC1982_071_000059.1	51435	51925	-
SC1982_071_whole	SC1982	Pseudoperonospora_cubensis_SC1982	Pcub-SC1982_071	span	1	118813	Pcub-SC1982_071_000060.1	50170	50813	-
SC1982_071_whole	SC1982	Pseudoperonospora_cubensis_SC1982	Pcub-SC1982_071	span	1	118813	Pcub-SC1982_071_000061.1	40080	43112	-
SC1982_071_whole	SC1982	Pseudoperonospora_cubensis_SC1982	Pcub-SC1982_071	span	1	118813	Pcub-SC1982_071_000062.1	31962	40078	-
SC1982_071_whole	SC1982	Pseudoperonospora_cubensis_SC1982	Pcub-SC1982_071	span	1	118813	Pcub-SC1982_071_000063.1	29125	31960	-
SC1982_071_whole	SC1982	Pseudoperonospora_cubensis_SC1982	Pcub-SC1982_071	span	1	118813	Pcub-SC1982_071_000064.1	27587	29123	-
SC1982_071_whole	SC1982	Pseudoperonospora_cubensis_SC1982	Pcub-SC1982_071	span	1	118813	Pcub-SC1982_071_000065.1	27195	27585	-
SC1982_071_whole	SC1982	Pseudoperonospora_cubensis_SC1982	Pcub-SC1982_071	span	1	118813	Pcub-SC1982_071_000066.1	20079	21619	-
SC1982_071_whole	SC1982	Pseudoperonospora_cubensis_SC1982	Pcub-SC1982_071	span	1	118813	Pcub-SC1982_071_000067.1	19227	20077	-
SC1982_071_whole	SC1982	Pseudoperonospora_cubensis_SC1982	Pcub-SC1982_071	span	1	118813	Pcub-SC1982_071_000068.1	14996	16212	-
SC1982_071_whole	SC1982	Pseudoperonospora_cubensis_SC1982	Pcub-SC1982_071	span	1	118813	Pcub-SC1982_071_000069.1	14086	14994	-
SC1982_071_whole	SC1982	Pseudoperonospora_cubensis_SC1982	Pcub-SC1982_071	span	1	118813	Pcub-SC1982_071_000070.1	13435	14084	-
SC1982_071_whole	SC1982	Pseudoperonospora_cubensis_SC1982	Pcub-SC1982_071	span	1	118813	Pcub-SC1982_071_000071.1	8657	9730	-
SC1982_071_whole	SC1982	Pseudoperonospora_cubensis_SC1982	Pcub-SC1982_071	span	1	118813	Pcub-SC1982_071_000072.1	7209	8655	-
SC1982_071_whole	SC1982	Pseudoperonospora_cubensis_SC1982	Pcub-SC1982_071	span	1	118813	Pcub-SC1982_071_000073.1	4728	7207	-
SC1982_071_whole	SC1982	Pseudoperonospora_cubensis_SC1982	Pcub-SC1982_071	span	1	118813	Pcub-SC1982_071_000074.1	3592	4726	-
SC1982_071_whole	SC1982	Pseudoperonospora_cubensis_SC1982	Pcub-SC1982_071	span	1	118813	Pcub-SC1982_071_000075.1	2932	3590	-
SC1982_071_whole	SC1982	Pseudoperonospora_cubensis_SC1982	Pcub-SC1982_071	span	1	118813	Pcub-SC1982_071_000076.1	2121	2930	-
SC1982_071_whole	SC1982	Pseudoperonospora_cubensis_SC1982	Pcub-SC1982_071	span	1	118813	Pcub-SC1982_071_000077.1	828	2119	-
SC1982_071_whole	SC1982	Pseudoperonospora_cubensis_SC1982	Pcub-SC1982_071	span	1	118813	Pcub-SC1982_071_000078.1	1	826	-
OR502AA_015_s1	OR502AA	Pseudoperonospora_humuli_OR502AA	Phum-OR502AA_015	span	729948	761124	Phum-OR502AA_015_000335.1	735561	736507	-
OR502AA_015_s1	OR502AA	Pseudoperonospora_humuli_OR502AA	Phum-OR502AA_015	span	729948	761124	Phum-OR502AA_015_000336.1	733696	734112	-
OR502AA_015_s1	OR502AA	Pseudoperonospora_humuli_OR502AA	Phum-OR502AA_015	span	729948	761124	Phum-OR502AA_015_000337.1	730451	732264	-
OR502AA_015_s1	OR502AA	Pseudoperonospora_humuli_OR502AA	Phum-OR502AA_015	flank_upstream	698771	729947	Phum-OR502AA_015_000074.1	700399	701822	+
OR502AA_015_s1	OR502AA	Pseudoperonospora_humuli_OR502AA	Phum-OR502AA_015	flank_upstream	698771	729947	Phum-OR502AA_015_000075.1	703174	704301	+
OR502AA_015_s1	OR502AA	Pseudoperonospora_humuli_OR502AA	Phum-OR502AA_015	flank_upstream	698771	729947	Phum-OR502AA_015_000076.1	707361	709016	+
OR502AA_015_s1	OR502AA	Pseudoperonospora_humuli_OR502AA	Phum-OR502AA_015	flank_upstream	698771	729947	Phum-OR502AA_015_000077.1	710590	711665	+
OR502AA_015_s1	OR502AA	Pseudoperonospora_humuli_OR502AA	Phum-OR502AA_015	flank_upstream	698771	729947	Phum-OR502AA_015_000078.1	714061	715938	+
OR502AA_015_s1	OR502AA	Pseudoperonospora_humuli_OR502AA	Phum-OR502AA_015	flank_upstream	698771	729947	Phum-OR502AA_015_000079.1	717127	718555	+
OR502AA_015_s1	OR502AA	Pseudoperonospora_humuli_OR502AA	Phum-OR502AA_015	flank_upstream	698771	729947	Phum-OR502AA_015_000080.1	718663	719777	+
OR502AA_015_s1	OR502AA	Pseudoperonospora_humuli_OR502AA	Phum-OR502AA_015	flank_upstream	698771	729947	Phum-OR502AA_015_000081.1	719779	720512	+
OR502AA_015_s1	OR502AA	Pseudoperonospora_humuli_OR502AA	Phum-OR502AA_015	flank_upstream	698771	729947	Phum-OR502AA_015_000338.1	726192	727093	-
OR502AA_015_s1	OR502AA	Pseudoperonospora_humuli_OR502AA	Phum-OR502AA_015	flank_upstream	698771	729947	Phum-OR502AA_015_000339.1	725841	726186	-
OR502AA_015_s1	OR502AA	Pseudoperonospora_humuli_OR502AA	Phum-OR502AA_015	flank_upstream	698771	729947	Phum-OR502AA_015_000340.1	724219	725839	-
OR502AA_015_s1	OR502AA	Pseudoperonospora_humuli_OR502AA	Phum-OR502AA_015	flank_upstream	698771	729947	Phum-OR502AA_015_000341.1	723340	723703	-
OR502AA_015_s1	OR502AA	Pseudoperonospora_humuli_OR502AA	Phum-OR502AA_015	flank_upstream	698771	729947	Phum-OR502AA_015_000342.1	722940	723338	-
OR502AA_015_s1	OR502AA	Pseudoperonospora_humuli_OR502AA	Phum-OR502AA_015	flank_upstream	698771	729947	Phum-OR502AA_015_000343.1	720850	722938	-
OR502AA_015_s1	OR502AA	Pseudoperonospora_humuli_OR502AA	Phum-OR502AA_015	flank_upstream	698771	729947	Phum-OR502AA_015_000344.1	715805	716889	-
OR502AA_015_s1	OR502AA	Pseudoperonospora_humuli_OR502AA	Phum-OR502AA_015	flank_upstream	698771	729947	Phum-OR502AA_015_000345.1	711445	713440	-
OR502AA_015_s1	OR502AA	Pseudoperonospora_humuli_OR502AA	Phum-OR502AA_015	flank_upstream	698771	729947	Phum-OR502AA_015_000346.1	708925	710390	-
OR502AA_015_s1	OR502AA	Pseudoperonospora_humuli_OR502AA	Phum-OR502AA_015	flank_upstream	698771	729947	Phum-OR502AA_015_000347.1	703679	707261	-
OR502AA_015_s1	OR502AA	Pseudoperonospora_humuli_OR502AA	Phum-OR502AA_015	flank_upstream	698771	729947	Phum-OR502AA_015_000348.1	698095	698996	-
OR502AA_022_s1	OR502AA	Pseudoperonospora_humuli_OR502AA	Phum-OR502AA_022	span	205298	215039	Phum-OR502AA_022_000026.1	204335	205659	+
OR502AA_022_s1	OR502AA	Pseudoperonospora_humuli_OR502AA	Phum-OR502AA_022	span	205298	215039	Phum-OR502AA_022_000027.1	205668	206425	+
OR502AA_022_s1	OR502AA	Pseudoperonospora_humuli_OR502AA	Phum-OR502AA_022	flank_upstream	195556	205297	Phum-OR502AA_022_000026.1	204335	205659	+
